:020000040800F2
:1000000000000820C57F0008C5700008CD700008FA
:10001000ED700008F5700008FD7000080000000099
:10002000000000000000000000000000315F010837
:10003000057100080000000041610108A961010884
:10004000158000081580000815800008158000083C
:10005000158000081580000815800008158000082C
:10006000158000081580000815800008158000081C
:10007000158000081580000815800008158000080C
:1000800015800008158000081580000815800008FC
:1000900015800008158000081580000815800008EC
:1000A00015800008157100081580000815800008EB
:1000B00029710008158000081580000815800008C7
:1000C00015800008158000081580000815800008BC
:1000D00015800008158000081580000815800008AC
:1000E000158000081580000815800008158000089C
:1000F000158000081580000815800008158000088C
:10010000158000081580000815800008158000087B
:1001100015800008158000083D7100085171000825
:10012000158000081580000815800008158000085B
:10013000158000086571000815800008158000080A
:10014000158000081580000815800008158000083B
:100150001580000815800008158000081139000876
:10016000158000081580000815800008158000081B
:1001700015800008158000081580000800000000A8
:1001800015800008158000081580000815800008FB
:1001900015800008158000081580000815800008EB
:1001A00015800008158000081580000815800008DB
:1001B00015800008158000081580000815800008CB
:1001C0001580000815800008000000001580000858
:1001D00015800008158000081580000815800008AB
:1001E000158000081580000815800008158000089B
:0801F0001580000815800008CD
:1002000010B5054C237833B9044B13B10448AFF350
:1002100000800123237010BD300300200000000087
:10022000D07D020808B5034B1BB103490348AFF367
:10023000008008BD0000000034030020D07D0208CB
:1002400010F8012B11F8013B012A28BF9A42F7D080
:10025000D01A7047034613F8012B002AFBD1181A55
:10026000013870470000000000000000000000009E
:1002700001F0FF01102A2BDB10F0070F08D010F857
:10028000013B013A8B422DD010F0070F42B3F6D15B
:10029000F0B441EA012141EA014122F007047FF074
:1002A00000070023F0E80256083C85EA010586EACB
:1002B000010685FA47F5A3FA87F586FA47F6A5FA07
:1002C00087F68EB9EED1F0BC01F0FF0102F0070213
:1002D00032B110F8013B013A83EA010313B1F8D1BE
:1002E0000020704701387047002D06BF354603389F
:1002F000073815F0010F07D1013015F4807F02BFD8
:10030000013015F4C03F0130F0BC0138704700BF28
:1003100053B94AB9002908BF00281CBF4FF0FF316C
:100320004FF0FF3000F088B9ADF1080C6DE904CE54
:1003300000F006F8DDF804E0DDE9022304B07047C0
:100340002DE9F047089D0F4604468C46002B48D106
:100350008A42164661D9B2FA82F34BB1C3F1200248
:1003600001FA03FC20FA02F29E4042EA0C0C9C4087
:100370004FEA164EB7B2BCFBFEF1220C0EFB11CCBD
:1003800042EA0C4201FB07F0904209D9B21801F190
:10039000FF3C80F0EE80904240F2EB800239324424
:1003A000121AA4B2B2FBFEF00EFB102244EA024481
:1003B00000FB07F7A74209D9341900F1FF3280F09A
:1003C000DA80A74240F2D7803444023840EA014044
:1003D000E41B00211DB1DC400023C5E90043BDE85A
:1003E000F0878B4206D90DB1C5E90001002108460E
:1003F000BDE8F087B3FA83F1002948D1BB4202D3AC
:10040000824200F20781841A67EB030201209446BE
:10041000002DE4D0C5E9004CE1E7002A00F092800D
:10042000B2FA82F3002B40F0A8808A1A4FEA164EE7
:100430001FFA86FC0121200CB2FBFEF70EFB1722EF
:1004400040EA02420CFB07F0904207D9B21807F1CC
:10045000FF3802D2904200F2E2804746121AA4B25C
:10046000B2FBFEF00EFB102244EA02440CFB00FC3F
:10047000A44507D9341900F1FF3202D2A44500F295
:10048000CB801046A4EB0C0440EA0740A2E7C1F180
:1004900020068B4022FA06FC4CEA030C07FA01F412
:1004A00020FA06F3F7404FEA1C49234300FA01F80B
:1004B0001FFA8CFEB7FBF9F01C0C09FB107744EA1D
:1004C000074400FB0EF7A74202FA01F20AD91CEB1F
:1004D000040400F1FF3A80F09B80A74240F298802C
:1004E00002386444E41B9FB2B4FBF9F309FB1344E4
:1004F00047EA044403FB0EFEA64509D91CEB04049D
:1005000003F1FF3780F08280A6457FD9023B644427
:1005100043EA0040A4EB0E04A0FB02E7BC42734692
:10052000B94663D360D05DB1B8EB030264EB090454
:1005300004FA06F622FA01F31E43CC40C5E9006432
:1005400000214CE76208480842EAC1710B0C43EAFB
:1005500000438AB242EA0342B3FBF6F1E407B44631
:100560003746B6461F23B0FBF6F0D21B41EA0041E6
:1005700061E7614614E7104628E7C3F1200120FA3D
:1005800001F29E4027FA01F19F403A434FEA164E8E
:100590001FFA86FCB1FBFEF70EFB1710110C41EAA7
:1005A000004107FB0CF8884504FA03F43AD97118A6
:1005B00007F1FF3001D288451FD8A1EB0801B1FB3C
:1005C000FEF808FB0CF70EFB181192B242EA01424A
:1005D000BA422FD2B21808F1FF31C6D2BA42C4D201
:1005E000A8F102013244C0E7F0459CD2BEEB020301
:1005F00067EB0C070138B94695E7A6EB08084144BC
:10060000B81EB1FBFEF808FB0CF7DCE73B467FE7C2
:10061000504667E70846FBE63444023832E7023FBB
:1006200032441BE7A1EB08013846B1FBFEF808FB9A
:100630000CF7C8E7414698E7704700BF80B584B023
:1006400000AFF860B9607A607B80FB68BA681A60B6
:10065000FB687A685A60FB687A881A81FB68BA6915
:10066000DA60FB68BA8B1A82FB683A6A5A61FB68E7
:10067000BA8C1A83FB6897F828209A76F86800F0FD
:1006800091FC00BF1037BD4680BD80B483B000AF81
:1006900078607B681B681B6808221A627B681B688D
:1006A0001B689A697B681B681B6842F008029A61A4
:1006B0007B681B681B689A697B681B681B6842F033
:1006C00010029A6100BF0C37BD465DF8047B70478D
:1006D00080B586B000AFF860B9607A60F868FFF75F
:1006E000D4FF154806F086FF00237B610AE07B6992
:1006F000BA6813441B781946104806F07BFF7B69E3
:1007000001337B617A697B689A42F0DB0C4806F022
:1007100071FFFB6818687B689AB24FF47A73B96806
:100720000CF091F8FB68DB695A1CFB68DA6100BFCA
:100730001837BD4680BD00BFE87D0208F87D02087D
:10074000007E020880B588B000AFF860B9607A60BA
:100750007B681A460021B86826F0DDF80023FB61AB
:1007600025E0FB681868FB69BA68D1184FF47A7302
:1007700001220CF0F1F80346FB75FB7D002B13D032
:100780007A68F9691B4806F035FFFB681B681B682F
:10079000DB691946184806F02DFFFB685B6A5A1C96
:1007A000FB685A62002321E0FB690133FB61FA69AF
:1007B0007B689A42D5DB7A687968104806F01AFFA0
:1007C0000023BB610AE0BB69BA6813441B78194671
:1007D0000B4806F00FFFBB690133BB61BA697B6848
:1007E0009A42F0DB074806F005FF01231846203740
:1007F000BD4680BD047E02082C7E0208507E0208A1
:10080000707E0208007E020880B586B000AF786076
:1008100039604FF6FF73FB8200233B6126E03B69A2
:100820007A6813441B781A46FB8A5340FB820023E4
:10083000FB6015E0FB8A03F00103002B0AD0FB8A62
:100840005B08FB82FB8A83F4BF4383F07E03DB43B8
:10085000FB8202E0FB8A5B08FB82FB680133FB60E2
:10086000FB68072BE6DD3B6901333B613B68023BDC
:100870003A699A42D3DB3B68013B7A6813441B78A0
:100880001BB21B021AB23B68023B79680B441B780F
:100890001BB213431BB27B81FA8A7B899A4204D034
:1008A000044806F0A7FE002300E00123184618378D
:1008B000BD4680BD787E020880B582B000AF78600A
:1008C00039603B6801331B785BB2002B0DDA7B6823
:1008D000DB6A5A1C7B68DA623B6802331B78194674
:1008E000044806F087FE002300E00123184608377D
:1008F000BD4680BD987E020880B485B000AF7860A8
:100900000B467B804FF6FF73FB810023BB8126E003
:10091000BB897A6813441B781A46FB895340FB81D4
:100920000023FB7215E0FB8903F00103002B0AD0C2
:10093000FB895B08FB81FB8983F4BF4383F07E0363
:10094000DB43FB8102E0FB895B08FB81FB7A01331F
:10095000FB72FB7A072BE6D9BB890133BB81BA89CD
:100960007B889A42D4D37B887A681344FA89D2B2BE
:100970001A70FB891B0A99B27B8801337A68134489
:10098000CAB21A7000BF1437BD465DF8047B7047C9
:1009900080B598B000AFF8607B600B467B81134652
:1009A0003B81FB689B7E87F85030032387F85130EA
:1009B0007B891B0A9BB2DBB287F852307B89DBB2A2
:1009C00087F853303B891B0A9BB2DBB287F854305F
:1009D0003B89DBB287F8553007F1500306211846F2
:1009E000FFF78AFF0023FB6571E007F1500308223F
:1009F0001946F868FFF76CFE3B895B005A1D07F14A
:100A000010031946F868FFF79DFE034683F00103C3
:100A1000DBB2002B05D0FB681B6B5A1CFB681A630A
:100A200052E03B895B005A1D07F11003114618463E
:100A3000FFF7EAFE034683F00103DBB2002B05D08B
:100A4000FB689B6A5A1CFB689A623DE007F1100341
:100A50001946F868FFF730FF034683F00103DBB265
:100A6000002B30D10023A7F85A3021E0B7F85A30D4
:100A70005B00033360333B4413F8503C1BB21B0252
:100A80001AB2B7F85A3002335B0060333B4413F8B4
:100A9000503C1BB2134319B2B7F85A305B007A6866
:100AA00013448AB21A80B7F85A300133A7F85A3083
:100AB000B7F85A203B899A42D8D3FB68012283F8C1
:100AC0003420012310E000BFFB6D0133FB65FB6D9B
:100AD000022B8ADDFB68002283F834207B891946CB
:100AE000034806F087FD002318466037BD4680BDE9
:100AF000BC7E020880B584B000AFF8600B467A6017
:100B00007B8179897B680122F868FFF741FF034602
:100B100018461037BD4680BD80B588B000AF7860FC
:100B20000B467B8013463B807B689B7E3B74102387
:100B30007B747B881B0A9BB2DBB2BB747B88DBB205
:100B4000FB7400233B7503237B750623BB753B8831
:100B50001B0A9BB2DBB2FB753B88DBB23B76002302
:100B60007B760023BB760023FB7600233B7707F1DF
:100B700010030D211846FFF7BFFE07F110030F22E7
:100B800019467868FFF7A4FD07F108030822194603
:100B90007868FFF7D7FD034683F00103DBB2002B33
:100BA00004D0144806F026FD00231FE007F10803D7
:100BB00008211846FFF728FE034683F00103DBB245
:100BC000002B04D00C4806F015FD00230EE007F1C1
:100BD000080319467868FFF76FFE034683F00103A8
:100BE000DBB2002B01D0002300E0012318462037A0
:100BF000BD4680BDF07E02081C7F020880B584B02F
:100C000000AF78600B467B8013463B800023FB607F
:100C100030E03A887B8819467868FFF77DFF034605
:100C200083F00103DBB2002B20D1642012F0EEF937
:100C300007F10A027B8819467868FFF75BFF0346D5
:100C400083F00103DBB2002B03D0104806F0D2FC86
:100C50000DE07B893A889A4201D1012311E03B885B
:100C60007A8919460A4806F0C5FC00E000BFFB6817
:100C70000133FB60FB68022BCBDD064806F0BAFCB3
:100C8000002318461037BD4680BD00BF487F0208CC
:100C90006C7F0208987F020880B582B000AF786050
:100CA0000B467B807B881A4604217868FFF7A6FFF5
:100CB000034618460837BD4680BD80B582B000AFF8
:100CC00078600B467B807B881A4606217868FFF7A0
:100CD00095FF034618460837BD4680BD80B582B0F3
:100CE00000AF78600B467B807B881A4608217868C5
:100CF000FFF784FF034618460837BD4680BD000055
:100D000080B582B000AF786039603A6800217868B9
:100D1000FFF7F0FE034683F00103DBB2002B04D0A3
:100D2000044806F067FC002300E00123184608375A
:100D3000BD4680BDC87F020880B582B000AF786034
:100D40007B6858687B681B890122194609F066F99F
:100D50004FF4FA7012F05AF97B6858687B681B8967
:100D60000022194609F05AF900BF0837BD4680BD78
:100D700080B582B000AF78607B68D8687B681B8ADA
:100D80000122194609F04AF94FF4FA7012F03EF9BF
:100D90007B68D8687B681B8A0022194609F03EF9F7
:100DA000034806F027FC00BF0837BD4680BD00BFE2
:100DB000F07F020880B584B000AF7860396007F03A
:100DC00051FAF86012E03B68002B0CD007F04AFAA9
:100DD0000246FB68D31A3A689A4204D80B4806F0D8
:100DE00009FC00230EE0642012F010F97B685A69B8
:100DF0007B681B8B1946104609F0F8F80346002B58
:100E0000E1D0012318461037BD4680BD0880020896
:100E100080B58AB000AFF8607A603B600B467B819A
:100E20007B89002B04D15A4806F0E4FB0023ABE099
:100E30007B897A6802FB03F3564A82FB0312521144
:100E4000DB17D31AFB847B893A6802FB03F3514A10
:100E500082FB03125211DB17D31ABB847B897B847C
:100E6000FB8C19464C4806F0C5FBBB8C19464B4819
:100E700006F0C0FB7B8C1946494806F0BBFB07F126
:100E8000100300221A605A609A60C3F80B20FB68B6
:100E90009B7E3B7410237B742023FB7403237B75A0
:100EA0000623BB750423FB74FB8C3B843B8C1B0A21
:100EB0009BB2DBB2FB753B8CDBB23B7607F11003D8
:100EC0000D211846FFF718FD07F110030F221946F0
:100ED000F868FFF7FDFB642012F098F80623FB7416
:100EE000BB8C3B843B8C1B0A9BB2DBB2FB753B8CFF
:100EF000DBB23B7607F110030D211846FFF7FCFC2F
:100F000007F110030F221946F868FFF7E1FB642090
:100F100012F07CF80823FB747B8C3B843B8C1B0A0F
:100F20009BB2DBB2FB753B8CDBB23B7607F1100367
:100F30000D211846FFF7E0FC07F110030F221946B8
:100F4000F868FFF7C5FB642012F060F8F868FFF757
:100F5000F3FE4FF4FA7012F059F80021F868FFF729
:100F600029FF034683F00103DBB2002B04D0F868AD
:100F7000FFF7FEFE002307E04FF4FA7012F046F888
:100F8000F868FFF7F5FE012318462837BD4680BDF7
:100F90002C8002081F85EB515880020868800208E7
:100FA0007880020880B483B000AF78607B6800224C
:100FB000DA617B6800221A627B6800225A627B68D1
:100FC00000229A627B680022DA627B6800221A6340
:100FD0007B68012283F8342000BF0C37BD465DF8E2
:100FE000047B704780B590B002AFF8607A603B60D8
:100FF0000B467B810023FB8200237B8400233B8400
:101000000023FB7701237B63002387F833307B8940
:10101000002B04D1764806F0EDFA0023E3E0F868EF
:10102000FFF78AFEF868FFF7A3FE7A8913461B01D3
:101030009B1A5B001A466F4BA3FB02235B09BB8321
:101040007A8913461B019B1A9B001A46694BA3FB26
:1010500002235B097B837B893B83BB8B1946F86842
:10106000FFF71AFE034683F00103DBB2002B01D029
:101070000023B8E0C82011F0C9FF7B8B1946F8683F
:10108000FFF71BFE034683F00103DBB2002B01D008
:101090000023A8E0C82011F0B9FF3B8B1946F8687F
:1010A000FFF71CFE034683F00103DBB2002B01D0E7
:1010B000002398E0C82011F0A9FFF868FFF73CFE74
:1010C0004FF4FA7011F0A2FF0023FB620023BB6211
:1010D00000237B6218E00023BB8207F1140319464A
:1010E000F868FFF70DFE0346002B07D0BB8A1A46AF
:1010F000FB6A1344FB62BB6A0133BB62C82011F078
:1011000085FF7B6A01337B627B6A042BE3DDBB6A6C
:10111000002B05DDBB6AFA6AB2FBF3F39BB200E079
:1011200000237B847B8C7A891946334806F062FA67
:1011300007F116031946F868FFF7E2FD034683F04E
:101140000103DBB2002B02D02C4806F053FAFB8AD5
:101150007A8C9A4204D2FA8A7B8CD31A9BB200E032
:1011600000233B84FB8A18463A8C79897B6B009379
:101170000B460146224806F03DFA3A8C7B899A429A
:101180000DD3204806F036FA0123FB7700BFF8683C
:10119000FFF7EEFD1C4806F02DFAFB7F23E097F8E1
:1011A000333083F00103DBB2002B10D0FB685A69A7
:1011B000FB681B8B1946104608F018FF0346002BEE
:1011C00005D0124806F016FA012387F83330C822FA
:1011D0000021786B05F006F87B6B132BA8DC7B6B8A
:1011E00001337B63A4E718463837BD4680BD00BF96
:1011F000F08002081F85EB51188102084081020827
:1012000070810208A481020820820208B8810208C5
:10121000F0B5B3B006AF7860AC4806F0EBF9AC4877
:1012200006F0E8F93221AB4806F034FAA94825F077
:10123000F7F80346013B142B00F2BD8301A252F8DC
:1012400023F000BF9912000823170008C3190008F3
:1012500073250008ED250008C52800082B29000883
:101260004B2900085729000869290008E3290008CC
:10127000E9290008EF290008592B00082B2D000848
:10128000852D00088B2D0008912D0008992D000850
:101290009F2D0008A52D00088F4B00221A608F4B50
:1012A00001221A708E4806F0A5F933E28D4806F047
:1012B000A1F93221874806F0EDF9864825F0B0F80B
:1012C0000346894A1360884B1B68013B0A2B00F2D6
:1012D0001D8201A252F823F005130008A91400088A
:1012E000391500088F150008FB1500081D160008A9
:1012F0003F160008791600088B160008D51600085E
:10130000E3160008794B1968794B1868794B1B88EC
:101310001C46794B1B68794A126801920093234658
:101320000246774806F066F9764806F063F93221FE
:10133000684806F0AFF9674B1B78002B05D065486D
:1013400025F06EF80346694A13606F4806F052F9BB
:101350003221604806F09EF95E4B1B78002B10D0BE
:101360005C4825F05DF838633B6B002B06D1604B81
:101370001B681946654806F03DF902E05C4A3B6B84
:101380001360634806F036F93221524806F082F9BC
:10139000504B1B78002B06D04E4825F041F80346F1
:1013A0009AB2544B1A805B4806F024F9322149481E
:1013B00006F070F9474B1B78002B05D0454825F007
:1013C0002FF803464C4A1360534806F013F93221B4
:1013D000404806F05FF93F4B1B78002B05D03D4895
:1013E00025F01EF80346454A13600223C7F8AC30C7
:1013F0004A4806F0FFF83221364806F04BF9354BE3
:101400001B78002B04D0334825F00AF8C7F8AC004D
:10141000364B1B68C7F8A830354B1B68C7F8A4309B
:10142000D7F8AC30012B09D1304B1B685B42C7F8B1
:10143000A8302F4B1B685B42C7F8A430274B1B78A2
:101440001C46D7F8AC30012B01D1354900E03549B5
:10145000284B1B881846284B1B68284A12680392A1
:1014600002930190D7F8A4300093D7F8A8300A4629
:1014700021462D4806F0BEF82C4B1868174B1C78F7
:101480001C4B1B881C4A12681C4909680291019276
:101490000093D7F8A430D7F8A820214603F0C8FD60
:1014A000234806F0A7F835E1204B18680B4B197854
:1014B000052340F2671203F0F9F84FF4FA7006F0D2
:1014C000DDFE1C4806F096F824E100BF34820208D5
:1014D0005C820208700300204C030020C84A0020F0
:1014E0004C85020868850208A40300200000002043
:1014F00004000020080000200C000020F003002061
:1015000000870208AC870208D0870208F487020827
:1015100024880208488802086C880208908802081B
:10152000C8880208D4880208E48802083000002035
:10153000AC890208C4890208AE4806F05BF8322183
:10154000AD4806F0A7F8AC4B1B78002B1BD0AA487F
:1015500024F066FF03469AB2A84B1A80A84B18687D
:10156000A84B1978A54B1B884FF4B27203F09EF874
:101570004FF4FA7006F082FEA04B1B881946A24871
:1015800006F038F8C6E0A14806F034F8C2E09C4BFB
:1015900018689C4B197805234FF4AA7203F086F85B
:1015A0004FF4FA7006F06AFE994806F023F8944B5F
:1015B0001868944B197843F6982340F21D5203F0B3
:1015C000CFF9034687F834308D4B18688D4B197866
:1015D000052340F2671203F069F84FF4FA7006F041
:1015E0004DFE97F83430002B03D08A4806F002F8FD
:1015F00090E0894805F0FEFF8CE0814B1868814B34
:10160000197806234FF4AA7203F050F84FF4FA70D9
:1016100006F034FE814805F0EDFF7BE0784B18685A
:10162000784B197801234FF4976203F03FF84FF499
:10163000FA7006F023FE7A4805F0DCFF6AE000232A
:10164000FB626F4B18686F4B197807F12C0340F25F
:101650001D5203F071F9034687F8353097F835309D
:10166000002B05D0FB6A19466E4805F0C3FF51E018
:101670006D4805F0BFFF4DE0614B1B68184603F055
:10168000E9F96A4805F0B6FF44E05D4B1B685C6809
:101690005B4B1B689D685A4B1B68DE68584B1B6888
:1016A0001B69574A12685269554909688969544843
:1016B0000068007F002801D05D4800E05D4803908D
:1016C00002910192009333462A4621465A4805F07A
:1016D00091FF1FE0594805F08DFF594B01221A6018
:1016E00018E040F67801574805F084FF444B1B682A
:1016F000184604F029F90346002B03D0524805F0A0
:1017000079FF07E0514805F075FF03E0504805F008
:1017100071FF00BF4A4B1B68002B3FF4C7AD01F0BF
:1017200045BB4C4B00221A60364B02221A704A48C5
:1017300005F060FF00BF474B1B68002B41F035836D
:10174000464805F057FF32212B4805F0A3FF2A48F1
:1017500024F066FE0346424A1360414B1B68092B86
:1017600000F2248101A252F823F000BF9F19000863
:1017700095170008DB17000875180008971800086F
:10178000D1180008FF1800082119000843190008A3
:1017900055190008334805F02DFF3221164805F091
:1017A00079FF154824F03CFEB8632F4805F022FF6E
:1017B0003221114805F06EFF0F4824F031FE034638
:1017C000FB860F4B18680F4B1978FB8EBA6B03F032
:1017D00059FD264805F00EFFECE0094B1B68094A4D
:1017E00012781146184603F021FD214805F002FF4A
:1017F000E0E000BFD8890208700300200800002044
:1018000030000020C84A0020F0890208048A02083B
:101810002C8A02084C8A0208608A0208748A02082C
:10182000988A0208B08A0208D48A0208F08A02085C
:10183000088B02080C8B0208108B0208D08B020860
:101840004C030020E48B0208148C02082C8C020844
:101850004C8C020850030020748C0208948C0208FF
:10186000A4030020148E0208288E0208388E020875
:10187000588E0208AC4B1868AC4B1978052340F21F
:10188000671202F013FF4FF4FA7006F0F7FCA84855
:1018900005F0B0FE8EE0A74805F0ACFE3221A64868
:1018A00005F0F8FEA44824F0BBFD0346FB879E4BE1
:1018B00018689E4B1978FB8F4FF4B27202F0F6FE57
:1018C0004FF4FA7006F0DAFC9C4805F093FE71E0E4
:1018D000954B1868954B197807F1280340F21D5273
:1018E00003F02AF80346002B05D0BB6A194694483A
:1018F00005F080FE5EE0934805F07CFE5AE08A4BDE
:1019000018688A4B197801234FF4976202F0CEFED3
:101910004FF4FA7006F0B2FC8B4805F06BFE49E01C
:10192000814B1868814B197806234FF4AA7202F094
:10193000BDFE4FF4FA7006F0A1FC844805F05AFE93
:1019400038E0794B1B68184603F084F8804805F0AE
:1019500051FE2FE0744B1B685C68734B1B689D68DD
:10196000714B1B68DE68704B1B681B696E4A1268FE
:1019700052696D49096889696B480068007F0028D1
:1019800001D0744800E074480390029101920093E2
:1019900033462A462146714805F02CFE0AE070487D
:1019A00005F028FE6F4B01221A6003E06E4805F037
:1019B00021FE00BF03E06C4805F01CFE00BF01F0F3
:1019C000F4B96A4B00221A6000F0CCBD684805F0FB
:1019D00011FE3221584805F05DFE574824F020FDE5
:1019E0000346644A1360634B1B68112B00F2B685F3
:1019F00001A252F823F000BF4F250008411A000849
:101A00009D1B00080F1C0008F91C0008671E000839
:101A10006D1E00085B1F0008811F0008871F00085B
:101A200005200008832000088D2100085D2500089E
:101A30005D2500086922000813240008912400088D
:101A40004D4A4E4B14461D460FCD0FC495E803007A
:101A500020600434218002340B0C23704648FEF7CA
:101A6000F9FB03469AB24FF0FF33434944480AF06A
:101A7000EAFE2821434805F091FE424824F0D0FCBC
:101A80000346414A13603C4A404B14461D460FCD65
:101A90000FC495E8070003C422800234130C23709E
:101AA0003548FEF7D7FB03469AB24FF0FF33324971
:101AB00033480AF0C8FE2821324805F06FFE31484D
:101AC00024F0AEFC0346324A13602B4A314B1446D5
:101AD0001D460FCD0FC495E803002060043421801B
:101AE00002340B0C23702448FEF7B4FB03469AB271
:101AF0004FF0FF33204922480AF0A5FE2821214853
:101B000005F04CFE1F4824F08BFC0346224A13606C
:101B10001D4B1B681E4A11681F4A1268184604F0C4
:101B200061FB00F01FBD00BF30000020C84A00204C
:101B3000C4890208708E020870030020848E020897
:101B4000988E0208B48E0208C88E0208E08E020841
:101B5000F08A0208048F0208088F0208108F02081A
:101B6000BC8F020850030020E08F020854030020BD
:101B7000F48F0208A4030020D0030020B8920208CA
:101B8000E84E0020A8030020FC030020D0920208A9
:101B9000F8030020EC920208F4030020B54AB64B8B
:101BA00014461D460FCD0FC42B681A4622800234FE
:101BB0001B0C2370AF48FEF74DFB03469AB24FF063
:101BC000FF33AC49AD480AF03EFE2821AC4805F091
:101BD000E5FDAB4824F024FC3864396CA94805F0D5
:101BE00009FDA94B18683B6C99B23C231E22FFF7F4
:101BF0000FF90346002B05D0396CA44805F0FAFC18
:101C000000F0B0BCA24805F0F5FC00F0ABBC994A6E
:101C1000A04B14461D460FCD0FC495E8030020606D
:101C2000043421809348FEF715FB03469AB24FF027
:101C3000FF33904991480AF006FE2821904805F0AC
:101C4000ADFD8F4824F0ECFBF8648A4A924B1446B1
:101C50001D460FCD0FC495E8070003C4228002344F
:101C6000130C23708348FEF7F5FA03469AB24FF03F
:101C7000FF33804981480AF0E6FD2821804805F0BD
:101C80008DFD7F4824F0CCFBB8647A4A834B144620
:101C90001D460FCD0FC495E8030020600434218059
:101CA00002340B0C23707348FEF7D4FA03469AB241
:101CB0004FF0FF336F4971480AF0C5FD2821704885
:101CC00005F06CFD6E4824F0ABFB78646E4B186831
:101CD000FB6C99B27B6CBA6CFFF784F90346002B5E
:101CE00005D0F96C6E4805F085FC00F03BBC6D48F2
:101CF00005F080FC00F036BC6B4805F07BFC04F07E
:101D000071FE6A4805F076FC694B186805234FF4AC
:101D1000AA72022102F0CAFC4FF4FA5011F076F9CF
:101D2000644805F067FC0023C7F8A03092E0D7F8BC
:101D3000A03001331946604805F05CFC5A4805F0B4
:101D400059FC04F04FFE4FF47A7011F05FF95B4AD2
:101D5000D7F8A03052F82330012B63D1D7F8A03048
:101D6000092B0DDCD7F8A03001331946544805F093
:101D700041FC0A2200214FF4167004F033FA10E0FF
:101D8000D7F8A030013319464E4805F033FC322213
:101D9000002143F6982004F025FA4FF4FA7011F070
:101DA00035F9494AD7F8A0309B001344D3ED007AA7
:101DB000B7EEE77A53EC172B444805F01BFC324B87
:101DC0001868414AD7F8A0309B001344D3ED007A3D
:101DD000FCEEE77A17EE903A99B23C231E22FFF709
:101DE00017F80346002B03D0394805F003FC02E046
:101DF000384805F0FFFB4FF4FA7011F007F90122A3
:101E00000121354808F00AF94FF47A7011F0FEF814
:101E100000220121304808F001F94FF47A7011F0E6
:101E2000F5F806E0D7F8A030013319462B4805F045
:101E3000E1FBD7F8A030122B07DC1D4B18682823D4
:101E40006FF01102022103F01DFAD7F8A030013320
:101E5000C7F8A030D7F8A030132B7FF768AF204821
:101E600005F0C8FB7EE304F0BDFD7BE31D4B0022C3
:101E70001A606DE0D003002004930208E84E0020B1
:101E8000A803002018930208340000204C93020895
:101E900070930208AC930208D0920208EC920208F8
:101EA000C4930208FC9302083C940208549402086C
:101EB0003000002068940208CC94020850500308B7
:101EC000E0940208F4940208A05003080895020860
:101ED0002095020830950208001002404095020843
:101EE0005895020864030020944805F083FB3221D2
:101EF000934805F0CFFB924824F092FA0346914AAA
:101F00001360904B1B68022B0ED0022B1CDC002BA5
:101F100013D0012B18D1012210218B4808F07EF834
:101F20008A4805F067FB13E000221021864808F07C
:101F300075F8874805F05EFB0AE0864805F05AFB15
:101F4000854B01221A6003E0844805F053FB00BF73
:101F5000814B1B68002BC7D004E3814805F04AFB86
:101F600005E0804805F046FB322011F04FF84FF4B1
:101F700000717D4808F03AF80346002BF1D0F1E2F9
:101F800004F086FCEEE2794B00221A6035E06B48E3
:101F900005F030FB32216A4805F07CFB684824F0EC
:101FA0003FFA0346674A1360664B1B68022B0FD04B
:101FB000022B1EDC002B15D0012B1AD101224FF46D
:101FC0000071614808F02AF8604805F013FB14E03E
:101FD00000224FF400715C4808F020F85C4805F0DE
:101FE00009FB0AE05B4805F005FB614B01221A6022
:101FF00003E05A4805F0FEFA00BF5C4B1B68002B5B
:10200000C5D0AFE25A4B00221A6035E04B4805F0CC
:10201000F1FA32214A4805F03DFB494824F000FA24
:102020000346484A1360474B1B68022B0FD0022B14
:102030001EDC002B15D0012B1AD101224FF40071A8
:10204000414807F0EBFF414805F0D4FA14E00022C4
:102050004FF400713C4807F0E1FF3D4805F0CAFA33
:102060000AE03C4805F0C6FA414B01221A6003E041
:102070003A4805F0BFFA00BF3D4B1B68002BC5D0A6
:1020800070E23C4A3C4B14461D460FCD0FC495E808
:10209000070003C422703748FEF7DCF803469AB203
:1020A0004FF0FF33334935480AF0CDFB282134483F
:1020B00005F074FB324824F0B3F9B8652D4A314B72
:1020C00014461D460FCD0FC495E80F0007C42370BA
:1020D0002848FEF7BFF803469AB24FF0FF33254970
:1020E00026480AF0B0FB2821254805F057FB244874
:1020F00024F096F978651F4A234B14461D460FCDF0
:102100000FC495E8070003C422701A48FEF7A2F82E
:1021100003469AB24FF0FF33164918480AF093FB72
:102120002821174805F03AFB154824F079F938655D
:102130003A6D796DB86D04F0B7F913E28095020835
:1021400070030020A4030020001402400896020837
:102150001C9602083496020864030020E08F0208EF
:10216000549602089C96020800040240680300206E
:102170006C030020D0030020AC960208E84E00203B
:10218000A8030020C8960208E8960208A54B1B6821
:10219000002B15D140230493A34B03934FF48043AA
:1021A0000293A24B01934FF4005300939F4B4FF4C3
:1021B00000629E499E4804F08BFC9A4B01221A60F3
:1021C0009C4A9D4B14460FCB07C423809948FEF7C9
:1021D00041F803469AB24FF0FF33964997480AF008
:1021E00032FB2821964805F0D9FA954824F018F9D1
:1021F0007866904A934B14461D460FCD0FC42B684A
:1022000023808C48FEF726F803469AB24FF0FF333E
:1022100088498A480AF017FB2821894805F0BEFA48
:10222000874824F0FDF83866824A874B14460FCB66
:1022300007C423807F48FEF70DF803469AB24FF09B
:10224000FF337C497D480AF0FEFA28217C4805F0DE
:10225000A5FA7B4824F0E4F8F865FB6D3A6E796ED8
:10226000734804F03DFD7DE107F1140300221A607C
:102270005A609A60DA601A6102237B610023BB61B5
:102280000023FB6100233B6207F1140319466F48EA
:1022900007F0F4FB052010F0B9FE02216B4807F0AF
:1022A000A5FE034687F89F304021694807F09EFE4F
:1022B000034687F89E3097F89F30012B01D165497E
:1022C00000E0654997F89F30012B01D1634B00E096
:1022D000634B1A46634805F08DF997F89E30012B41
:1022E00001D15C4900E05C4997F89E30012B01D197
:1022F0005A4B00E05A4B1A465B4805F07BF95B48A5
:1023000005F078F905F0AEFFF8660023C7F89830BD
:1023100050E002214D4807F069FE034687F86B3014
:1023200040214B4807F062FE034687F86A3097F871
:102330006B2097F89F309A4219D097F86B3087F846
:102340009F30D7F898300133C7F8983097F86B3042
:10235000012B01D1464C00E0464C05F083FF0246BC
:10236000FB6ED31A1A462146434805F043F997F805
:102370006A2097F89E309A4219D097F86A3087F809
:102380009E30D7F898300133C7F8983097F86A3004
:10239000012B01D1364C00E0364C05F063FF0246BC
:1023A000FB6ED31A1A462146344805F023F905205E
:1023B00010F02CFE05F056FF0246FB6ED31A43F6D2
:1023C00097229342A5D9D7F89830002B03D12C48F7
:1023D00005F010F904E0D7F898102A4805F00AF93A
:1023E00097F89F30012B01D11A4900E01A4997F85C
:1023F0009E30012B01D1174B00E0174B1A462248A3
:1024000005F0F8F8AEE0214805F0F4F8642010F08B
:10241000FDFD02210D4807F0E9FD0346002BF2D037
:10242000A0E000BF000400200008024000100240AD
:1024300004040020D003002004970208E84E002086
:10244000A80300201497020828970208000C0240F5
:102450000004024038970208409702084497020897
:10246000589702086C97020894970208B8970208D8
:10247000EC970208F89702080898020830980208BA
:1024800058980208F098020818990208489902081A
:10249000AF4AB04B14460FCB07C42380AC48FDF7BE
:1024A000D9FE03469AB24FF0FF33A949AA480AF071
:1024B000CAF92821A94805F071F9A84823F0B0FF0E
:1024C000B867A74805F096F8A14AA64B14461D46E2
:1024D0000FCD0FC42B6823809D48FDF7BBFE03463C
:1024E0009AB24FF0FF339A499B480AF0ACF9282181
:1024F0009A4805F053F9994823F092FF7867944A77
:10250000994B14460FCB07C423809148FDF7A2FED8
:1025100003469AB24FF0FF338D498F480AF093F982
:1025200028218E4805F03AF98C4823F079FF386766
:102530003B6F7A6FB96F8D4805F05CF83A6F796F31
:10254000B86F04F01FFC8A4805F054F80AE0894887
:1025500005F050F8884B01221A6003E0874805F027
:1025600049F800BF844B1B68002B3FF42FAA00F0F2
:102570001DBC834B00221A6033E0824805F03AF814
:102580003221814805F086F87F4823F049FF034651
:102590007E4A13607D4B1B68022B0ED0022B1CDC85
:1025A000002B13D0012B18D101220121784807F00C
:1025B00035FD784805F01EF813E00022012174482B
:1025C00007F02CFD744805F015F80AE0694805F09D
:1025D00011F86B4B01221A6003E0684805F00AF815
:1025E00000BF674B1B68002BC7D0DFE30023C7F891
:1025F000943061E1694804F0FDFF3221624805F042
:1026000049F8614823F00CFF0346604A13605F4BB2
:102610001B68132B00F24C8101A252F823F000BF7B
:10262000A328000871260008A1260008D12600086A
:10263000ED2600080927000843270008492700085D
:10264000E9270008FB27000815280008452800088E
:102650004B28000851280008572800085D2800086A
:1026600063280008692800086F28000889280008E6
:102670004B4B1B68002B0FDA4A4804F0BBFF0BF0F2
:10268000F3F90346002B03D1474804F0B3FF13E1ED
:10269000464804F0AFFF0FE1454804F0ABFF0BE103
:1026A0003F4B1B68002B03DA424804F0A3FF03E111
:1026B000414804F09FFF0BF0FBFB0346002B03D1C6
:1026C0003E4804F097FFF7E03D4804F093FFF3E045
:1026D000334B1B68002B03DA364804F08BFFEBE02A
:1026E000384804F087FF0CF0B3F8E5E02C4B1B688A
:1026F000002B03DA2F4804F07DFFDDE0324804F0C0
:1027000079FF0BF03BFED7E0304804F073FF244B19
:102710001B68002B01DB2E4B00E02E4B19462E4888
:1027200004F068FF0BF044FF03461A462B4B53F8A6
:10273000223019462A4804F05DFF2A4804F05AFF67
:10274000BAE00BF07FFAB7E00BF094FDB4E000BF05
:10275000D003002004970208E84E0020A8030020C0
:102760005499020814970208289702087C990208D5
:10277000AC9902083496020854030020E08F020846
:1027800058030020C099020870030020A403002011
:10279000001002404C9A0208649A02087C9A0208CF
:1027A00044000020349D0208509D0208649D0208E8
:1027B000809D02089C9D0208B89D0208D09D0208D9
:1027C000EC9D02081C9E0208389E0208609E0208CA
:1027D000809E02088C9E02089C9E02081000002029
:1027E000B09E0208C49E0208A24804F003FF0CF049
:1027F0000DF8A14804F0FEFE5EE00CF05DF8034623
:10280000002B03D09D4804F0F5FE55E09C4804F0F1
:10281000F1FE51E000233B619A4B186807F1100369
:1028200040F21D52042102F087F80346002B05D028
:102830003B691946944804F0DDFE3DE0934804F0FE
:10284000D9FE39E00CF09EF836E00CF029F933E0BF
:102850000CF088F930E00CF055FA2DE00CF020F97E
:102860002AE00CF01BFE27E00EF096F924E00BF0B6
:102870002FFD0346002B03D0854804F0BBFE1BE070
:10288000844804F0B7FE17E00FF078FB0346002BF6
:1028900003D0814804F0AEFE0EE0804804F0AAFEAA
:1028A0000AE00123C7F894307D4804F0A3FE03E05A
:1028B0007C4804F09FFE00BFD7F89430002B3FF413
:1028C00099AE73E2784B00221A6029E0774804F051
:1028D00091FE3221764804F0DDFE754823F0A0FD1C
:1028E0000346744A1360734B1B68022B09D0022BFA
:1028F00012DC002B09D0012B0ED16F4804F07AFEB8
:102900000EE06E4804F076FE0AE06D4804F072FEB8
:10291000654B01221A6003E06A4804F06BFE00BFB9
:10292000614B1B68002BD1D040E2674B1B681846F7
:1029300001F0BCF90346002B03D0644804F05AFEB2
:1029400034E2634804F056FE30E2624804F052FE7E
:102950000BF0AEFA2AE2604804F04CFE494B1B68CB
:10296000184602F00FFD21E25C4B00221A6033E0B2
:102970005B4804F03FFE32214D4804F08BFE4C488A
:1029800023F04EFD03464B4A13604A4B1B68022B53
:102990000ED0022B1CDC002B13D0012B18D10122EE
:1029A0000821504807F03AFB4F4804F023FE13E09B
:1029B000002208214B4807F031FB4C4804F01AFE76
:1029C0000AE03F4804F016FE444B01221A6003E07F
:1029D0003C4804F00FFE00BF404B1B68002BC7D0E3
:1029E000E4E10DF085FCE1E10EF0D2FCDEE14048CF
:1029F00004F000FE3F4804F0FDFD32212C4804F0B5
:102A000049FE3D492A48FDF71BFC0346002B06D032
:102A10003A492748FDF714FC0346002B04D13848F7
:102A200004F0E8FD00BFC1E1214B1B78002B19D059
:102A30001F48FDF70FFC03469AB24FF0FF331C49C5
:102A4000304809F000FF40F60D23BB8107F10C016F
:102A50004FF0FF3302222B4809F0F5FE14492A48B3
:102A600004F0C8FD294804F0C5FD05F0FBFBC7F8DC
:102A7000900063E0E09E0208109F02083C9F02085D
:102A80004C9F020830000020689F0208909F0208B7
:102A9000AC9F0208CC9F0208E89F020808A0020829
:102AA00028A0020844A002085C03002058A00208E5
:102AB00070030020A4030020E0A00208F8A0020890
:102AC00034960208E08F02083400002010A10208AA
:102AD00024A102083CA1020860A1020860030020B2
:102AE00080A102080010024044A2020858A2020875
:102AF0006CA2020804A3020810A3020818A302088B
:102B000020A30208504D002040A3020854A302084D
:102B100007F10F0164230122A54809F01DFF0346B8
:102B2000002B0BD107F10F014FF0FF330122A14819
:102B300009F089FE05F096FBC7F8900005F092FBBE
:102B40000246D7F89030D31A40F6B7329342DFD915
:102B5000994804F04FFD4DE70023C7F88C30DEE0C4
:102B6000964804F047FD3221954804F093FD002378
:102B7000C7F888300023A7F886300023C7F88030D4
:102B80008F4823F04DFC03460B2B00F2948001A2EA
:102B900052F823F0A92C0008C52B0008D92B0008F7
:102BA000ED2B0008032C0008192C00082D2C000820
:102BB000412C0008572C00086B2C00087F2C0008C3
:102BC000952C00087F4BC7F888304023A7F8863043
:102BD0007D4BC7F8803072E07C4BC7F888302023EB
:102BE000A7F886307A4BC7F8803068E0794BC7F891
:102BF00088304FF48043A7F88630774BC7F8803091
:102C00005DE0744BC7F888304FF40043A7F8863076
:102C1000724BC7F8803052E0714BC7F888302023E0
:102C2000A7F886306F4BC7F8803048E0694BC7F88B
:102C300088301023A7F886306B4BC7F880303EE011
:102C4000644BC7F888304FF40073A7F88630674BA1
:102C5000C7F8803033E05B4BC7F888301023A7F803
:102C60008630634BC7F8803029E0564BC7F8883070
:102C70002023A7F886305F4BC7F880301FE0514B08
:102C8000C7F888304FF40043A7F886305A4BC7F88E
:102C9000803014E0594BC7F888300823A7F88630F5
:102CA000574BC7F880300AE0564804F0A3FC0123D4
:102CB000C7F88C3003E0544804F09CFC00BFD7F800
:102CC0008030002B2AD0D7F88010504804F092FCB6
:102CD00032213B4804F0DEFC394823F0A1FB0346D7
:102CE000012B0DD1B7F8863001221946D7F888009C
:102CF00007F094F9D7F88010454804F07BFC0EE00B
:102D0000B7F8863000221946D7F8880007F086F910
:102D1000D7F880103F4804F06DFC00E000BFD7F802
:102D20008C30002B3FF41CAF40E00023FB6725E014
:102D3000394804F05FFC3221214804F0ABFC204804
:102D400023F06EFB0346002B0ED0012B12D10EF0A8
:102D5000EDFF0346002B03D0304804F04BFC0DE0A0
:102D60002F4804F047FC09E0264804F043FC012307
:102D7000FB6703E0244804F03DFC00BFFB6F002B21
:102D8000D6D013E000F020F910E000F017FC0DE0C1
:102D90000A2000F07BFA09E000F072FB06E000F088
:102DA000F1FA03E000F0D0F900E000BFFEF737BA17
:102DB000504D0020E84E002064A3020868A30208DA
:102DC0007003002000000240C0A40208000402407A
:102DD000CCA4020800140240D8A40208E4A402080B
:102DE00000180240F0A40208FCA402080CA5020886
:102DF00024A5020840A502085CA50208000C0240B8
:102E000078A5020834960208E08F020894A502080B
:102E1000BCA50208C8A50208D4A502084CA6020851
:102E20006CA6020880B582B000AF00BFF91D002378
:102E30000122054809F090FD0346002BF6D000BFA3
:102E400000BF0837BD4680BD704F002080B586B0FA
:102E500000AF7860396005F005FA386100237B61C6
:102E60007B6800221A7022E007F10F01142301226F
:102E7000194809F071FD0346002B17D1FB7B0D2B80
:102E800002D0FB7B0A2B03D17B69002B18D10EE00B
:102E90003B68013B7A699A4209DA7B695A1C7A617C
:102EA0001A467B681344FA7B1A7000E000BF05F0F5
:102EB000D9F902463B69D31AB3F57A7FD4D300E03F
:102EC00000BF7B697A68134400221A707B69184638
:102ED0001837BD4680BD00BF704F002080B586B05A
:102EE00000AFF860B9607A601049F86823F02EFDF1
:102EF000786100233B610CE03B695A1C3A619B00FE
:102F0000BA6813447A691A600849002023F01EFD4C
:102F100078617B69002B03D03A697B689A42EBDBCE
:102F20003B6918461837BD4680BD00BFD0A60208D1
:102F300090B589B002AFF860B9607A603B601E4B13
:102F40007B617B68002B04DA1C4B7B617B685B42F6
:102F50007B60BB6A062B15D1BC687A683B6892FB24
:102F6000F3F27B68396893FBF1F1386800FB01F1FB
:102F70005B1A019300927B69114A2146F86823F09D
:102F8000EBFB14E0BC687A683B6892FBF3F27B6869
:102F9000396893FBF1F1386800FB01F15B1A01938A
:102FA00000927B69074A2146F86823F0D5FB00BFF1
:102FB0001C37BD4690BD00BFD4A60208D8A60208A3
:102FC000DCA60208E8A6020880B5E4B002AF5648C5
:102FD00004F010FB554804F00DFBFFF723FF6423BA
:102FE00004225349534809F02EFC07F1F8038021CD
:102FF0001846FFF72BFF0346002B40F3908007F1A4
:10300000F80107F178037F22184623F08CFC07F5BE
:10301000C473A3F58873002283F87F2007F1580159
:1030200007F1780308221846FFF758FFC7F8840114
:10303000D7F88431042B6CDD07F5C473A3F59873BE
:103040009B6807F154010A22184623F0A5FAC7F835
:10305000800107F5C473A3F59873DB6807F150018D
:103060000A22184623F098FAC7F87C0107F5C473C2
:10307000A3F598731B6907F14C010A22184623F047
:103080008BFAC7F8780107F5C473A3F59A731B6828
:103090001B78002B0FD107F5C473A3F59C731B6835
:1030A0001B78002B07D107F5C473A3F59E731B682B
:1030B0001B78002B06D007F1F80319461E4804F0D0
:1030C00099FA2CE007F13400062300931B4BD7F844
:1030D00080211821FFF72CFF07F11C000623009325
:1030E000164BD7F87C211821FFF722FF381D032348
:1030F00000934FF47A73D7F878211821FFF718FF5F
:103100003B1D07F11C0207F134010D4804F072FA6F
:1031100005E007F1F80319460A4804F06BFAFA20B3
:103120000FF074FF59E700BFF4A6020818A70208C1
:1031300030A70208704F002038A7020840420F0055
:1031400050A702085CA7020880B594B000AF4348BE
:1031500004F050FA0023FB64414804F04BFA07F1F5
:1031600008034021184604F095FA3B7A002B6FD0F3
:1031700007F108033B491846FDF762F80346002BA8
:1031800008D007F1080338491846FDF759F80346F7
:10319000002B03D1354804F02DFA5BE0FFF742FE27
:1031A00007F108031846FDF755F803469AB207F1F0
:1031B000080164232E4809F046FB642302222D49AE
:1031C0002B4809F040FB07F1080319462A4804F090
:1031D00011FA05F047F8B86424E0F91D1423012220
:1031E000234809F0B9FB0346002B1AD1FB6C0133CD
:1031F000FB64FB790D2B08D0FB790A2B05D0FB79FA
:103200001F2B08D9FB797E2B05D8FB7919461B4863
:1032100004F0F0F906E0FB791946194804F0EAF9E0
:1032200000E000BF05F01EF80246BB6CD31A42F264
:103230000F729342D1D9FB6C002B04D142F2107172
:10324000104804F0D7F9F96C0F4804F0D3F981E77E
:1032500000BF7FE75037BD4680BD00BF78A702089A
:1032600010A802081CA8020824A802082CA802081A
:10327000704F00204CA8020850A8020860A802085D
:1032800064A802086CA8020884A8020880B588B067
:1032900002AF786004F0E6FFB86000237B61002392
:1032A0003B610023FB7379681B4804F0A3F910E02D
:1032B000C823402219491A4809F0C5FA0346FB738E
:1032C000FB7B002B02D03B6901333B617B690133FF
:1032D0007B6104F0C7FF0246BB68D21A7B684FF4DB
:1032E0007A7101FB03F39A42E2D3FB7B00933B69C3
:1032F000402279690B4804F07DF93B69002B03D02B
:10330000094804F077F902E0084804F073F900BFB7
:103310001837BD4680BD00BF9CA80208F0500308C6
:10332000704F002008A9020850A90208A8A90208A5
:1033300080B588B000AF786007F10C0300221A60F6
:103340005A609A60DA601A614FF40073FB600023E0
:103350003B617B687B610023BB6107F10C0319466D
:10336000074806F08BFB05200FF050FE4FF400716C
:10337000034806F03BFE034618462037BD4680BD95
:103380000018024080B586B000AF3B4600221A60AC
:103390005A609A60DA601A61204804F02BF9022022
:1033A000FFF7C6FF0346FB750120FFF7C1FF034689
:1033B000BB754FF400733B6002237B600023BB604E
:1033C0000323FB6008233B613B461946144806F083
:1033D00055FBFB7D012B01D1124900E01249BB7D59
:1033E000012B01D10F4B00E00F4B1A460F4804F0A0
:1033F00001F9FB7D012B03D10D4804F0FBF809E036
:10340000BB7D012B03D10B4804F0F4F802E00A481D
:1034100004F0F0F800BF1837BD4680BD58AA020876
:1034200000180240ACAA0208B4AA0208B8AA02080E
:10343000ECAA020880AB020864AC020880B582B036
:1034400000AF78600C4809F0C1F90B4A7B68536003
:10345000094809F06DF90346002B05D07968074843
:1034600004F0C8F8002303E014200FF0CFFD01237F
:1034700018460837BD4680BD704F0020FCAC0208DE
:1034800080B586B000AF424804F0B4F800237B61F9
:1034900070E000233B610023FB603E4A7B6952F8E9
:1034A00023301846FFF7CAFF034683F00103DBB25F
:1034B000002B5BD100BFF91D00230122364809F023
:1034C0004BFA0346002BF6D06423042233493248DA
:1034D00009F0B9F92F4A7B6952F823301946304870
:1034E00004F088F804F0BEFEB8602BE0F91D142348
:1034F0000122294809F030FA0346002B21D13B690B
:1035000001333B61FB791F2B0BD9FB797E2B08D84C
:10351000FB680133FB60FB791946224804F06AF826
:1035200010E0FB790D2B02D0FB790A2B03D11E484A
:1035300004F060F806E0FB7919461C4804F05AF8DC
:1035400000E000BF04F08EFE0246BB68D31AB3F55C
:10355000C87FCBD33B69002B02D1154804F04AF851
:10356000FA683969134804F045F800E000BF7B6948
:1035700001337B617B69062B8BD94FF49640FFF7B3
:103580005DFF0D4804F036F800BF1837BD4680BD1A
:103590002CAD020834510308704F002030A70208F8
:1035A000BCAD020860A80208CCAD020864A80208FD
:1035B000D0AD0208DCAD020804AE020880B582B0CE
:1035C00000AF134804F016F8F91D642301221148D6
:1035D00009F0C2F90346002B17D1FB790D2B08D057
:1035E000FB790A2B05D0FB791F2B08D9FB797E2BA1
:1035F00005D8FB791946084803F0FCFF06E0FB7983
:103600001946064803F0F6FFDEE700BFDCE700BF1F
:10361000ACAE0208704F002060A8020864A802083F
:1036200080B485B000AFF860B9607A60FB68074A83
:103630001A60BB68064A1A607B684FF480721A6091
:1036400000BF1437BD465DF8047B7047D0450020AD
:1036500070460020B0B58CB004AF124B3C1D1D4627
:103660000FCD0FC495E8070084E807003B1D00213B
:1036700018460FF06CFC03460B4A13600B4B029389
:103680000B4B01930323009300234FF4805209490D
:10369000094811F0A5F80346084A136000BF203717
:1036A000BD46B0BD3CAF0208CC4500202C450020F3
:1036B0002C05002024AF0208F53700082404002060
:1036C00080B582B000AF3B4600220021334805F0B0
:1036D000B3FB3B6843F400433B603B68002200219E
:1036E0002E4805F0F4FB0FF022FC78603B460022E8
:1036F00000212A4805F0A0FB3B6803F40043002B9F
:103700000BD032200FF082FC0FF011FC02467B68D8
:10371000D31AB3F5FA6FE9D300E000BF3B460022AD
:1037200000211E4805F088FB3B6843F480533B6052
:103730003B6843F400733B603B680022002117485C
:1037400005F0C5FB0FF0F3FB78603B46012200213A
:10375000124805F071FB3B6803F00403002B0CD109
:1037600064200FF053FC0FF0E2FB02467B68D31A93
:1037700041F287329342E8D900E000BF3B6803F092
:103780000403002B03D0064803F034FF02E0054891
:1037900003F030FF00BF0837BD4680BDAC190120E3
:1037A00058AF020868AF020880B582B000AF7860F9
:1037B0000EF0E0FC0C4803F01DFFFFF781FF0B4803
:1037C00017F0F2FD094817F083FD4FF4FA600FF08F
:1037D0001DFC074B1B68012118460FF02BFC4FF412
:1037E000FA600FF013FCFAE798AF0208C0CF002090
:1037F0002404002080B586B000AF78600D4803F047
:10380000F9FE07F10C0341F28832012118460FF04E
:1038100051FCFB68402B03D1074803F0EBFE02E0AC
:10382000064803F0E7FE7868FDF7F2FC64200FF02D
:10383000EDFBFBE7ACAF0208E0AF020848B00208BE
:1038400080B500AF0D4B00221A800D4B00221A806C
:103850000C4B1B6808221A6200220621472004F044
:10386000F5FD472004F00EFE064B1B681A68054B59
:103870001B6842F020021A6000BF80BD28050020AE
:103880002A050020704F002080B400AF064B1B8833
:103890009AB2064B1A80064B1B6808221A6200BFB8
:1038A000BD465DF8047B7047280500202A050020EE
:1038B000704F002080B483B000AF7860114B1B883C
:1038C0009AB2114B1B889BB29A4201D1002312E09D
:1038D0000C4B1B889BB21A460C4B9B5CDAB27B6884
:1038E0001A70084B1B889BB201339BB2DBB29AB2B1
:1038F000044B1A80012318460C37BD465DF8047B43
:10390000704700BF2A050020280500202804002059
:1039100080B483B000AF1A4B7B607B681B68DB69A7
:1039200003F00803082B03D17B681B6808221A6286
:103930007B681B68DB6903F02003202B1AD17B68AE
:103940001B685B6AFB700F4B1B889BB201339BB2F9
:10395000DBB23B800C4B1B889BB23A889A4209D061
:10396000084B1B889BB21946084AFB785354054AFA
:103970003B88138000BF0C37BD465DF8047B704761
:10398000704F0020280500202A0500202804002070
:1039900080B58EB000AF07F1240300221A605A6090
:1039A0009A60DA601A61934B1B6B924A43F01003E2
:1039B0001363904B1B6B03F010033B623B6A8D4B10
:1039C0001B6B8C4A43F0040313638A4B1B6B03F09D
:1039D0000403FB61FB69874B1B6B864A43F02003A2
:1039E0001363844B1B6B03F02003BB61BB69814BEA
:1039F0001B6B804A43F0800313637E4B1B6B03F009
:103A000080037B617B697B4B1B6B7A4A43F001032C
:103A10001363784B1B6B03F001033B613B69754BF0
:103A20001B6B744A43F002031363724B1B6B03F06E
:103A30000203FB60FB686F4B1B6B6E4A43F0400355
:103A400013636C4B1B6B03F04003BB60BB68694B9B
:103A50001B6B684A43F008031363664B1B6B03F050
:103A600008037B607B6800224EF60941624806F03D
:103A7000D5FA00224CF29471604806F0CFFA002289
:103A800048215F4806F0CAFA002248F271015D48F9
:103A900006F0C4FA002244F2A3015B4806F0BEFA25
:103AA00000226221594806F0B9FA002243F20E4181
:103AB000574806F0B3FA4EF609437B620123BB6216
:103AC0000023FB6200233B6307F1240319464A48A5
:103AD00005F0D4FF4FF400537B624FF48813BB62B0
:103AE0000023FB6207F124031946454805F0C6FF91
:103AF0004CF294737B620123BB620023FB620023C0
:103B00003B6307F1240319463C4805F0B7FF4823FF
:103B10007B620123BB620023FB6200233B6307F14E
:103B200024031946364805F0A9FF48F271037B6269
:103B30000123BB620023FB6200233B6307F12403E4
:103B40001946304805F09AFF44F2A3037B62012333
:103B5000BB620023FB6200233B6307F12403194689
:103B6000294805F08BFF81237B620023BB62002381
:103B7000FB6207F124031946244805F07FFF622306
:103B80007B620123BB620023FB6200233B6307F1DE
:103B9000240319461D4805F071FF43F20E437B6272
:103BA0000123BB620023FB6200233B6307F1240374
:103BB0001946174805F062FF40237B620023BB6271
:103BC0000023FB6207F1240319460F4805F056FF56
:103BD0004FF400737B620023BB620223FB6207F198
:103BE00024031946084805F049FF00BF3837BD4691
:103BF00080BD00BF003802400010024000140240A7
:103C00000008024000000240000402400018024088
:103C1000000C024080B485B000AF78600B467B801A
:103C20004FF6FF73FB810023BB8126E0BB897A68D6
:103C300013441B781A46FB895340FB810023FB7217
:103C400015E0FB8903F00103002B0AD0FB895B0818
:103C5000FB81FB8983F4BF4383F07E03DB43FB815D
:103C600002E0FB895B08FB81FB7A0133FB72FB7A84
:103C7000072BE6D9BB890133BB81BA897B889A427D
:103C8000D4D37B887A681344FA89D2B21A70FB893C
:103C90001B0A99B27B8801337A681344CAB21A703E
:103CA00000BF1437BD465DF8047B704780B58AB00D
:103CB00000AF786001233B7403237B740023BB7443
:103CC0000023FB7400233B7501237B7507F1100370
:103CD00006211846FFF79EFF5C4803F08BFC5C480A
:103CE00003F088FC00237B620BE007F110027B6A83
:103CF00013441B781946574803F07CFC7B6A013358
:103D00007B627B6A072BF0DD534803F073FC7B6812
:103D10001B681B6808221A627B681B681B689A690B
:103D20007B681B681B6842F008029A617B681B680D
:103D30001B689A697B681B681B6842F010029A61D5
:103D40007B68186807F110014FF47A73082208F0B5
:103D50007AFD424803F04EFC07F1080307220021D8
:103D6000184622F0D8FD00233B622BE07B681868E0
:103D700007F108023B6AD1184FF47A73012208F068
:103D8000EBFD03467B767B7E002B0AD107F1080210
:103D90003B6A13441B781A46396A314803F02AFCFF
:103DA0000DE0396A2F4803F025FC7B681B681B680F
:103DB000DB6919462C4803F01DFC002341E03B6AF7
:103DC00001333B623B6A062BD0DD284803F012FC2E
:103DD0000023FB610BE007F10802FB6913441B7829
:103DE00019461C4803F006FCFB690133FB61FB69C3
:103DF000062BF0DD184803F0FDFB07F1080307214F
:103E00001846FCF701FD034683F00103DBB2002BEB
:103E100004D0174803F0EEFB002312E0FB7A1BB23C
:103E20001B021AB23B7B1BB213431BB27B837B8BFF
:103E30007A8B19460F4803F0DDFB0F4803F0DAFBDD
:103E4000012318462837BD4680BD00BF80B0020858
:103E5000A8B00208B0B00208B8B00208BCB00208AE
:103E6000D4B00208E4B00208FCB0020814B10208A1
:103E700028B1020838B1020858B1020880B584B0F0
:103E800000AF78607B68DBB2FB7307F10F014FF086
:103E9000FF330122034808F0D6FC7B681846103730
:103EA000BD4680BDE84E002080B586B006AF00F06C
:103EB000BDF804F0B6F900F049F8FFF769FD03F02A
:103EC00065FD03F0D7FF03F031FD03F08FFD03F034
:103ED000A3FA03F0D7FA03F02BFA03F0C3FC03F0C4
:103EE000F1FC03F04FFB114B1B681149184600F021
:103EF0002BF9104B186801230493012303930E4BF5
:103F000002934FF4806301930C4B00934FF4807342
:103F10000B4A0C49FCF792FB0B4803F06BFBFFF7D5
:103F200099FB0EF0FDFF00BFFDE700BF3000002051
:103F3000704F0020340000200018024000100240A2
:103F400000140240604E00207CB1020880B594B09D
:103F500000AF07F11C0334220021184622F0DBFCDD
:103F600007F1080300221A605A609A60DA601A6149
:103F700006F0C2F92B4B1B6C2A4A43F080531364A2
:103F8000284B1B6C03F080537B607B68264B1B68BF
:103F9000254A43F440431360234B1B6803F440431A
:103FA0003B603B680123FB614FF4A0233B6202238B
:103FB0007B634FF48003BB630423FB63D8233B6420
:103FC00002237B640923BB640223FB6407F11C0307
:103FD000184606F0F1F90346002B01D000F076F800
:103FE00006F09AF90346002B01D000F06FF80F237A
:103FF000BB600223FB6000233B614FF4A0537B6155
:104000004FF48053BB6107F108030721184606F0FF
:1040100081FC0346002B01D000F058F800BF503758
:10402000BD4680BD003802400070004080B584B0BD
:1040300000AF3B4600221A605A609A60DA6004F0D2
:104040002FFA01233B7000237B7000237B601F232A
:104050003B7287237B720023BB720023FB72012318
:104060003B7301237B730023BB730023FB733B462D
:10407000184604F04DFA042004F02AFA00BF103765
:10408000BD4680BD80B582B000AF78607B681B689C
:104090000B4A934201D104F0D1F87B681B68094AAE
:1040A000934201D101F06AFD7B681B68064A934286
:1040B00001D101F0CDFD00BF0837BD4680BD00BF76
:1040C00000100040001400400044014080B588B05A
:1040D00000AF72B600BF194B1B6B184A43F00203C6
:1040E0001363164B1B6B03F00203BB60BB6807F145
:1040F0000C0300221A605A609A60DA601A614FF469
:104100008043FB6001233B6100237B610023BB6193
:1041100007F10C0319460A4805F0B0FC4FF4804142
:10412000074805F094FF00237B6002E07B680133C1
:104130007B607B68034A9342F8D9EFE7003802407E
:1041400000040240FF340C0080B582B000AF7860FC
:1041500039607B683A681A607B6800225A607B6825
:1041600000229A607B680022DA607B6800221A6174
:104170007B6800225A617B6800229A617B68012279
:104180001A77FFF75DFB00BF0837BD4680BD80B4DE
:1041900085B000AF78600B467B804FF6FF73FB81E4
:1041A0000023BB8126E0BB897A6813441B781A463A
:1041B000FB895340FB810023FB7215E0FB8903F070
:1041C0000103002B0AD0FB895B08FB81FB8983F488
:1041D000BF4383F07E03DB43FB8102E0FB895B0886
:1041E000FB81FB7A0133FB72FB7A072BE6D9BB8993
:1041F0000133BB81BA897B889A42D4D37B887A68A1
:104200001344FA89D2B21A70FB891B0A99B27B88CF
:1042100001337A681344CAB21A7000BF1437BD461E
:104220005DF8047B704780B582B000AF7860FFF71F
:104230002BFB00BF0837BD4680BD80B584B000AF02
:10424000F860B9607A60FB6818687B689AB24FF0D2
:10425000FF33B96808F0F7FAFB685B685A1CFB6823
:104260005A6000BF1037BD4680BD80B594B000AF26
:10427000786039603B68023B1A4607F10C037968A5
:10428000184622F0B0FC3B689BB2023B9AB207F1A1
:104290000C0311461846FFF77AFF3B68023B7A6829
:1042A00013441B781AB23B68013B79680B441B78B6
:1042B0001BB21B021BB213431BB2A7F84E303B6864
:1042C000023B50333B4413F8443C1AB23B68013B79
:1042D00050333B4413F8443C1BB21B021BB2134344
:1042E0001BB2A7F84C30B7F84E20B7F84C309A42C2
:1042F0000CBF01230023DBB218465037BD4680BDFA
:1043000080B588B000AFF860B9607A600023FB61C7
:1043100003F0A8FFB8617B681A460021B86822F054
:10432000FAFA12E007F117031846FFF7C3FA03463B
:10433000002B0AD0FB695A1CFA611A46BB68134469
:10434000FA7D1A7003F08EFFB861FA697B689A42B1
:1043500007DA03F087FF0246BB69D31AB3F57A7F09
:10436000E0D3FB6918462037BD4680BD80B586B0D6
:1043700000AFF860B9607A603B60F868FFF753FF00
:104380007A68B968F868FFF758FF3A6A3968F868D8
:10439000FFF7B6FF38613A6A3969254803F02AF910
:1043A00000237B610AE07B693A6813441B78194655
:1043B000204803F01FF97B6901337B617A693B690F
:1043C0009A42F0DB1C4803F015F93A693B6A9A42BD
:1043D00009D0FB68DB685A1CFB68DA60FB680022C6
:1043E0001A7700231FE0396A3868FFF73EFF03465B
:1043F00083F00103DBB2002B0CD0FB681B695A1C55
:10440000FB681A61FB6800221A770C4803F0F2F887
:10441000002308E0FB689B685A1CFB689A60FB68F5
:1044200001221A77012318461837BD4680BD00BF08
:10443000B0B10208C8B10208D0B10208D4B1020874
:1044400080B59CB002AFF860084611461A46034694
:10445000FB720B463B811346FB8000237B6687E0A3
:10446000FB689B695A1CFB689A61FB7A87F8543099
:10447000032387F855303B891B0A9BB2DBB287F8D0
:1044800056303B89DBB287F85730FB881B0A9BB25A
:10449000DBB287F85830FB88DBB287F8593007F178
:1044A000540306211846FFF772FEFB885B000533B4
:1044B000FB6507F1140207F15401FB6D00931346ED
:1044C0000822F868FFF752FF034683F00103DBB2CE
:1044D000002B03D02B4803F08DF846E07B7D5BB2C8
:1044E000002B0BDAFB685B695A1CFB685A61BB7DC9
:1044F0001946254803F07EF800233EE03B7DFA7A1A
:104500009A4208D17B7D032B05D1BB7D1A46FB88DF
:104510005B009A4203D01D4803F06CF825E00023AD
:104520003B661CE03B6E5B00033368333B4413F88F
:10453000543C1BB21B021AB23B6E02335B00683361
:104540003B4413F8543C1BB2134319B23B6E5B005F
:104550003A6F13448AB21A803B6E01333B66FB8884
:104560003A6E9A42DEDB012307E07B6E01337B6605
:104570007B6E022B7FF774AF002318466837BD4669
:1045800080BD00BFE0B10208FCB1020818B2020809
:1045900080B588B002AFF8607B600B46FB721346B3
:1045A0003B8100237B6116E03A89F97A07F1120317
:1045B00000930123F868FFF743FF0346002B04D064
:1045C0007A8A7B681A80012309E00A200EF01EFD1A
:1045D0007B6901337B617B69022BE5DD0023184693
:1045E0001837BD4680BD80B588B002AFF8607B60EB
:1045F0000B46FB7213463B8100237B6119E03A892D
:10460000F97A07F1100300930223F868FFF718FF07
:104610000346002B07D07B8A1B043A8A1A437B6827
:104620001A60012309E00A200EF0F0FC7B690133D7
:104630007B617B69022BE2DD002318461837BD46FB
:1046400080BD80B586B000AFF860084611461A46B6
:104650000346FB720B463B811346FB80FB7A3B749F
:1046600006237B743B891B0A9BB2DBB2BB743B897C
:10467000DBB2FB74FB881B0A9BB2DBB23B75FB8889
:10468000DBB27B7507F1100306211846FFF77FFDAB
:1046900007F1100308221946F868FFF7CEFD0A203B
:1046A0000EF0B4FC00BF1837BD4680BD80B58CB09D
:1046B00002AFF860084611461A460346FB720B46E5
:1046C0003B811346FB8000237B6257E0FB689B69BC
:1046D0005A1CFB689A61FB7A3B7706237B773B8900
:1046E0001B0A9BB2DBB2BB773B89DBB2FB77FB8853
:1046F0001B0A9BB2DBB287F82030FB88DBB287F85D
:10470000213007F11C0306211846FFF740FD07F191
:10471000140307F11C01082200920822F868FFF731
:1047200025FE034683F00103DBB2002B03D01748BC
:1047300002F060FF1FE07B7D5BB2002B0ADAFB68B2
:104740005B695A1CFB685A61BB7D1946104802F030
:1047500051FF10E007F1140107F11C03082218466D
:1047600022F0B0F80346002B03D00A4802F042FFC3
:1047700001E0012306E07B6A01337B627B6A022B46
:10478000A4DD002318462837BD4680BD54B2020878
:10479000FCB1020864B2020880B58CB002AFF860C8
:1047A000084611461A460346FB720B463B811346E8
:1047B000FB8000237B626BE0FB689B695A1CFB68F3
:1047C0009A61FB7A3B7706237B773B891B0A9BB276
:1047D000DBB2BB773B89DBB2FB77FB881B0A9BB262
:1047E000DBB287F82030FB88DBB287F8213007F195
:1047F0001C0306211846FFF7CAFC07F1140307F152
:104800001C01082200920822F868FFF7AFFD03465A
:1048100083F00103DBB2002B03D0214802F0EAFE53
:1048200033E07B7D5BB2002B0ADAFB685B695A1CC4
:10483000FB685A61BB7D19461A4802F0DBFE24E092
:1048400007F1140107F11C030822184622F03AF878
:104850000346002B03D0144802F0CCFE15E007F10C
:1048600012033A89F97AF868FFF792FE0346002BA3
:1048700005D07B8AFA889A4201D101230CE00B48CB
:1048800002F0B8FE14200EF0C1FB7B6A01337B629C
:104890007B6A022B90DD002318462837BD4680BD79
:1048A00054B20208FCB1020864B202087CB20208E9
:1048B00080B58AB000AFF8607B600B46FB72134690
:1048C0003B81FB7A3B7510237B753B891B0A9BB2AE
:1048D000DBB2BB753B89DBB2FB7500233B76022361
:1048E0007B760423BB767B68FB847B681B0CBB84D4
:1048F000FB8C1B0A9BB2DBB2FB76FB8CDBB23B77FB
:10490000BB8C1B0A9BB2DBB27B77BB8CDBB2BB7769
:1049100007F114030B211846FFF739FC07F11403C4
:104920000D221946F868FFF788FC0A200EF06EFB8E
:1049300000BF2837BD4680BD80B584B000AFF860A9
:104940007B600B46FB7213463B813A89F97A7B68A0
:10495000F868FFF748FE034618461037BD4680BD8D
:1049600080B588B000AFF8607B600B46FB721346E1
:104970003B810023BB6100237B6103F073FCF86182
:1049800007F118033A89F97AF868FFF7D5FF03466B
:1049900083F00103DBB2002B21D0194802F02AFE7C
:1049A000002328E064200EF031FB07F114033A895C
:1049B000F97AF868FFF7C0FF034683F00103DBB222
:1049C000002B0BD17A69BB699A4204D10D4802F0E1
:1049D00011FE01230FE07B69BB6100E000BF03F023
:1049E00041FC0246FB69D21A7B689A42DAD3064838
:1049F00002F000FE002318462037BD4680BD00BFF0
:104A000090B20208B0B20208C4B2020880B584B005
:104A100000AF87ED010AD7ED017A9FED0C7A27EE02
:104A2000877ADFED0B6AC7EE267AC7ED037A97ED3A
:104A3000030A23F0E5F8F0EE407AFDEEE77A17EE90
:104A4000903A18461037BD4680BD00BF00409C45D7
:104A50000000B44380B483B000AF78607B6800226C
:104A60005A607B6800229A607B680022DA607B686B
:104A700000221A617B6800225A617B6800229A61D9
:104A800000BF0C37BD465DF8047B704780B582B02F
:104A900000AF78600B46FB70F97801234FF4976202
:104AA0007868FFF7CEFD32200EF0B0FAF9780023D7
:104AB00040F261127868FFF7C4FD32200EF0A6FACA
:104AC000F97843F698234FF4B1727868FFF7B9FD8F
:104AD00032200EF09BFAF97843F6982340F26312E5
:104AE0007868FFF7AEFD32200EF090FAF9780523D2
:104AF0004FF4B2727868FFF7A4FD32200EF086FA08
:104B0000F9780A234FF4AB727868FFF79AFD3220E8
:104B10000EF07CFA00BF0837BD4680BD80B58CB072
:104B200000AFF8600B467A60FB720023BB61002384
:104B30007B610023FB6203F095FBF86100237B623D
:104B4000002387F8233007F11803F97A40F21D5249
:104B5000F868FFF7F1FE034683F00103DBB2002B98
:104B600004D0384802F046FD002367E0BB69FB62D1
:104B700058E032200EF04AFA07F11403F97A40F2B5
:104B80001D52F868FFF7D8FE034683F00103DBB23D
:104B9000002B44D197F8233083F00103DBB2002BC4
:104BA00020D07A69BB69D31ABB62BB6A002B02DAD8
:104BB000BB6A5B42BB62BB6A052B05DD012387F83C
:104BC00023307B69FB622CE003F04CFB0246FB695F
:104BD000D31A40F6B832934223D91B4802F00AFD9B
:104BE00000232BE07A69FB6AD31ABB62BB6A002BF5
:104BF00002DABB6A5B42BB62BB6A052B0ADC7B6ADA
:104C000001337B627B6A022B06DD104802F0F2FC66
:104C1000012313E000237B627B69FB6202E000BF9B
:104C200000E000BF03F01EFB0246FB69D21A7B685E
:104C30009A429ED3064802F0DDFC00231846303726
:104C4000BD4680BDD8B2020804B30208B0B2020863
:104C5000C4B2020880B586B000AFF8607A603B60ED
:104C60000B46FB727B6807EE903AF8EEE77AB0EEFF
:104C7000670AFFF7CBFE78617B68002B01D1012327
:104C800050E0F97A052340F26712F868FFF7D9FC83
:104C900064200EF0BBF97B6907EE903AF8EEE77AF4
:104CA000B1EE0E7A67EE877AFDEEE77AF97A17EEC3
:104CB000903A40F26512F868FFF7FAFD64200EF0B2
:104CC000A5F97B69002B07DBF97A012340F2671213
:104CD000F868FFF7B6FC06E0F97A022340F26712A3
:104CE000F868FFF7AEFCFB7A43F698221946F8689D
:104CF000FFF714FF0346FB74FB7C83F00103DBB278
:104D0000002B04D03A68396A084802F073FCF97A3B
:104D1000052340F26712F868FFF793FC64200EF059
:104D200075F9FB7C18461837BD4680BD2CB30208C8
:104D300080B588B002AFF8607A603B600B46FB72CA
:104D40003B68002B03D14B4802F054FC8FE07B6A98
:104D5000002B01DC01237B62FB7A1946F868FFF720
:104D600095FE3B8CF97A4FF4B272F868FFF769FC54
:104D700032200EF04BF9F97A002300933E4B7A680B
:104D8000F868FFF767FF3B68002B00DA01335B1020
:104D90005B421946394802F02DFC3B68002B00DAD3
:104DA00001335B105B421A46F97A00230093344BBF
:104DB000F868FFF74FFFBB6A002B03DDBB6A18469C
:104DC0000EF024F900237B612DE03A6879692D48C3
:104DD00002F010FCF97A7B6900932B4B3A68F86873
:104DE000FFF738FFBB6A002B03DDBB6A18460EF0E5
:104DF0000DF93B685B421A467969244802F0FAFBD8
:104E00003B685A42F97A7B690093214BF868FFF7B7
:104E100021FFBB6A002B03DDBB6A18460EF0F6F8D3
:104E20007B6901337B617A697B6A9A42CDDB3B689F
:104E3000002B00DA01335B101946164802F0DAFB4A
:104E40003B68002B00DA01335B101A46F97A7B6A63
:104E50000093114BF868FFF7FDFEF97A052340F245
:104E60006712F868FFF7EDFB64200EF0CFF81837F3
:104E7000BD4680BD58B3020894B302089CB3020833
:104E8000D0B30208D8B3020800B4020808B402087C
:104E900030B4020838B4020858B4020880B590B0A3
:104EA00002AFF8607A603B600B46FB720023BB6187
:104EB00000237B6100237B6300237B627B68002BE4
:104EC00001D10123A9E07B6807EE903AF8EEE77A7A
:104ED000B0EE670AFFF79AFD07EE900AF8EEE77A60
:104EE000B1EE0E7A67EE877AFDEEE77A17EE903A2A
:104EF0003B623B6ABB62BB6A002B02DABB6A5B4265
:104F0000BB62BB6A143BBB62BB6A002B01DC0123A2
:104F1000BB6207F11803F97A40F21D52F868FFF7F7
:104F20000BFD034683F00103DBB2002B05D039688B
:104F30003C4802F05FFB00236FE0BB697B63F97ABA
:104F40003B6A40F26512F868FFF7B2FC14200EF0DD
:104F50005DF87B68002B01DB012300E00223F97A76
:104F600040F26712F868FFF76CFB03F07BF9F86119
:104F700043E00A200EF04AF807F11403F97A40F2F0
:104F80001D52F868FFF7D8FC034683F00103DBB23B
:104F9000002B31D17A69BB69D31A3B633B6B002B81
:104FA00002DA3B6B5B423B633A6BBB6A9A4201DBC2
:104FB000012332E07A697B6BD31AFB62FB6A002B18
:104FC00002DAFB6A5B42FB627B697B63FB6A052B4F
:104FD0000FDC7B6A01337B627B6A272B0DDDBB6AAA
:104FE00000933B6B3A68396C0F4802F003FB0023D7
:104FF00013E000237B6200E000BF03F033F90246B8
:10500000FB69D31A43F697229342B2D9BB6A3A6836
:10501000396C064802F0EEFA002318463837BD46D0
:1050200080BD00BF64B4020894B40208D4B402087E
:1050300080B588B002AFF8607A603B600B46FB72C7
:105040003B8CFB823B68002B03D16C4802F0D2FA08
:10505000D1E07B6A002B01DC01237B62FB8A48F2F2
:10506000D042934209D9FB8A48F2D042194664489B
:1050700002F0C0FA48F2D043FB82F97A01234FF4E0
:105080009762F868FFF7DDFA32200DF0BFFFF97A7A
:1050900000234FF4FA72F868FFF7D3FA32200DF0CC
:1050A000B5FFF97A002340F26112F868FFF7C9FAF8
:1050B00032200DF0ABFFF97A32234FF4B172F86869
:1050C000FFF7BFFA32200DF0A1FFF97A322340F248
:1050D0006312F868FFF7B5FA32200DF097FFFB8AEC
:1050E000F97A4FF4B272F868FFF7ABFA32200DF09C
:1050F0008DFFF98A7B6A3A68424802F07BFAF97AB6
:1051000000230093404B7A68F868FFF7C7FE3B68BE
:10511000002B00DA01335B105B4219463B4802F07A
:1051200069FA3B68002B00DA01335B105B421A46D8
:10513000F97A00230093364BF868FFF7AFFEBB6A9D
:10514000002B03DDBB6A18460DF060FF00233B61B6
:105150002DE03A6839692F4802F04CFAF97A3B6938
:1051600000932D4B3A68F868FFF798FEBB6A002B56
:1051700003DDBB6A18460DF049FF3B685B421A46E7
:105180003969264802F036FA3B685A42F97A3B6997
:105190000093234BF868FFF781FEBB6A002B03DD09
:1051A000BB6A18460DF032FF3B6901333B613A6937
:1051B0007B6A9A42CDDB3B68002B00DA01335B103F
:1051C0001946184802F016FA3B68002B00DA013342
:1051D0005B101A46F97A7B6A0093134BF868FFF765
:1051E0005DFEF97A052340F26712F868FFF729FAA5
:1051F00064200DF00BFF1837BD4680BD58B3020880
:105200000CB502084CB5020894B302089CB302081E
:10521000D0B30208D8B3020800B4020808B40208E8
:1052200030B4020838B4020858B4020880B582B01D
:1052300000AF78600B46FB70F97805234FF4AA7233
:105240007868FFF7FEF964200DF0E0FEF97841F28E
:10525000883340F21D527868FFF782FB084802F05D
:10526000C9F9F978052340F267127868FFF7E9F980
:1052700064200DF0CBFE00BF0837BD4680BD00BFE7
:1052800088B5020880B588B000AFF8607A601A4629
:105290000B46FB7213463B81F97A052340F26712F5
:1052A000F868FFF7CEF94FF496700DF0AFFEFB7A79
:1052B0001946F868FFF7EAFB7B6807EE903AF8EECC
:1052C000E77AB0EE670AFFF7A1FBB861BB6907EEAA
:1052D000903AB8EEE77BB1EE026B27EE067BFDEE6F
:1052E000C77BF97A17EE903A40F26512F868FFF73B
:1052F000DFFA32200DF08AFE3B89F97A4FF4B27260
:10530000F868FFF79EF932200DF080FEBB69002B94
:1053100002DB0123FB8301E00223FB83FB8BF97A91
:1053200040F26712F868FFF78CF94FF4FA700DF04D
:105330006DFEF97A43F6982340F21D52F868FFF7A4
:105340000FFB0346FB754FF4FA700DF05FFEF97A20
:10535000052340F26712F868FFF773F94FF4FA700B
:105360000DF054FEFB7D83F00103DBB2002B02D075
:10537000034802F03FF900BF2037BD4680BD00BFA3
:1053800094B5020880B584B000AF78601A4802F086
:1053900031F91A4802F02EF9194802F02BF90123CD
:1053A000FB731EE0FB7B1946164802F023F907F158
:1053B0000803F97B40F21D527868FFF7BDFA0346F7
:1053C000002B05D0BB6819460F4802F013F902E024
:1053D0000E4802F00FF932200DF018FEFB7B01336E
:1053E000FB73FB7B0A2BDDD9094802F003F900BFF0
:1053F0001037BD4680BD00BFB0B50208DCB502085D
:10540000F8B5020820B6020834B602084CB6020805
:105410005CB6020880B582B000AF87ED010ADFED0F
:105420000F0A97ED010A22F093FB87ED010AD7EDF1
:10543000017AF5EEC07AF1EE10FA07D5D7ED017AD0
:105440009FED067A77EE877AC7ED017A7B6807EEE3
:10545000903AB0EE670A0837BD4680BD0000B443FD
:1054600080B584B000AF78600023FB607B68002BC0
:1054700023D007F10C0340F21D5202217868FFF798
:105480005BFA034683F00103DBB2002B04D00D4826
:1054900002F0B0F80023FB60FB680B4A13600B4B73
:1054A0004FF000021A600A4B01221A70064B1B686B
:1054B0001946084802F09EF800E000BF1037BD46CC
:1054C00080BD00BF14B70208D04A0020CC4A00209B
:1054D000D44A002044B7020890B589B002AFF86002
:1054E00087ED020A7960FB68002B01D1002376E08A
:1054F0003D4B1B7883F00103DBB2002B02D0F86830
:10550000FFF7AEFF97ED020AFFF784FF87ED020A6F
:10551000364BD3ED007A97ED027A77EE677AC7EDD6
:10552000057AD7ED057A9FED327AF4EEC77AF1EE7F
:1055300010FA08DDD7ED057A9FED2E7A77EEC77A5F
:10554000C7ED057A10E0D7ED057A9FED2B7AF4EEE2
:10555000C77AF1EE10FA07D5D7ED057A9FED257AD7
:1055600077EE877AC7ED057AD7ED057AF0EEE77A20
:105570009FED227AF4EEC77AF1EE10FA0BD597ED93
:10558000020A22F009FB03461A4679681C4802F019
:1055900031F8012323E097ED050A22F0FDFA386186
:1055A000124BD3ED007AB0EE670A22F0F5FA04460A
:1055B00097ED020A22F0F0FA02463B690093134687
:1055C000224679680F4802F015F828233A6902212B
:1055D000F868FFF757FE054ABB68136001231846B9
:1055E0001C37BD4690BD00BFD44A0020CC4A0020E5
:1055F000000034430000B443000034C3CDCC4C3D24
:1056000070B7020898B7020880B584B000AF786020
:105610000B46FB70FB78072B06D9FB7819461A4816
:1056200001F0E8FF00232AE0FB78184AD35C092B3D
:105630000DD9FB78164A52F82310FB78134AD35C35
:105640001A460A23134801F0D5FF002317E0FB7820
:105650000E4AD35C07EE903AF8EE677A9FED0E7A29
:1056600067EE877AC7ED037AFB78094A52F8233050
:10567000194697ED030A7868FFF72EFF0346184690
:105680001037BD4680BD00BFC8B70208505103089F
:1056900058510308E8B702080000104280B584B0F2
:1056A00000AF78600B46FB70FB780A2B06D9FB78BD
:1056B00019461C4801F09EFF00232EE0FB781A4A91
:1056C000D35C0B2B0DD9FB78184A52F82310FB78CA
:1056D000154AD35C1A460C23154801F08BFF0023B2
:1056E0001BE0FB78104AD35C07EE903AF8EE677A3D
:1056F000B3EE0E7A67EE877AB3EE007A77EEC77A6A
:10570000C7ED037AFB78094A52F82330194697ED22
:10571000030A7868FFF7E0FE034618461037BD46D7
:1057200080BD00BF1CB802087851030884510308EB
:105730003CB8020880B400AF044B1B6807EE903AF7
:10574000B0EE670ABD465DF8047B7047CC4A002086
:1057500080B483B000AF0346FB71FB79072B01D9FE
:10576000054B03E0FB79054A52F8233018460C3705
:10577000BD465DF8047B704770B8020858510308B5
:1057800080B483B000AF0346FB71FB790A2B01D9CB
:10579000054B03E0FB79054A52F8233018460C37D5
:1057A000BD465DF8047B704770B802088451030859
:1057B00080B588B000AF7860396000233B6100237A
:1057C000FB607B68002B01D10023AAE007F11003E6
:1057D00040F21D5201217868FFF7AEF8034683F0CE
:1057E0000103DBB2002B04D0504801F003FF00237B
:1057F00097E03B693A68D31ABB613969BB693A687B
:105800004B4801F0F7FEBB69002B04D1494801F079
:10581000F1FE012385E0052340F26712012178683B
:10582000FEF70FFF64200DF0F1FB002340F2611240
:1058300001217868FEF705FF32200DF0E7FB6423B5
:105840004FF4B27201217868FEF7FBFE32200DF0B2
:10585000DDFBBB6940F2651201217868FFF728F88B
:1058600032200DF0D3FBBB69002B01DB012300E0EC
:105870000223FB82FB8A40F2671201217868FEF75F
:10588000E0FE14200DF0C2FB47F2305340F21D52EF
:1058900001217868FFF764F803467B75052340F221
:1058A000671201217868FEF7CCFE14200DF0AEFBE4
:1058B0007B7D83F00103DBB2002B04D01E4801F096
:1058C00099FE00232DE007F10C0340F21D52012147
:1058D0007868FFF731F8034683F00103DBB2002B51
:1058E00004D0164801F086FE00231AE0FA683B68EF
:1058F000D31AFB61FB69002B02DAFB695B42FB6197
:10590000FB69322B07DDF968FB693A680C4801F046
:1059100071FE002305E0FB6819460A4801F06AFEA3
:10592000012318462037BD4680BD00BF74B8020869
:10593000ACB80208DCB8020800B9020824B90208B1
:105940004CB9020888B9020880B582B000AF78600F
:1059500040F678017868FFF72BFF034618460837B2
:10596000BD4680BD80B588B000AF78603960002347
:105970003B610023FB607B68002B01D10023ABE07F
:1059800007F1100340F21D5202217868FEF7D4FFA0
:10599000034683F00103DBB2002B04D0504801F032
:1059A00029FE002398E03B693A68D31ABB61396944
:1059B000BB693A684B4801F01DFEBB69002B04D15E
:1059C000494801F017FE012386E0052340F26712E3
:1059D00002217868FEF735FE4FF496700DF016FB45
:1059E000002340F2611202217868FEF72AFE32207D
:1059F0000DF00CFB28234FF4B27202217868FEF7F9
:105A000020FE32200DF002FBBB6940F2651202213C
:105A10007868FEF74DFF32200DF0F8FABB69002BD5
:105A200001DB012300E00223FB82FB8A40F26712C4
:105A300002217868FEF705FE14200DF0E7FA4EF615
:105A4000602340F21D5202217868FEF789FF034669
:105A50007B75052340F2671202217868FEF7F1FD9D
:105A600014200DF0D3FA7B7D83F00103DBB2002B11
:105A700004D01E4801F0BEFD00232DE007F10C0309
:105A800040F21D5202217868FEF756FF034683F06C
:105A90000103DBB2002B04D0154801F0ABFD00235D
:105AA0001AE0FA683B68D31AFB61FB69002B02DA43
:105AB000FB695B42FB61FB69322B07DDF968FB691F
:105AC0003A680C4801F096FD002305E0FB68194692
:105AD000094801F08FFD012318462037BD4680BDDF
:105AE000B0B90208E8B902081CBA020840BA0208B4
:105AF00064BA02088CBA0208CCBA020880B582B037
:105B000000AF78607B68002B01D1002327E0164BA3
:105B10001B7883F00103DBB2002B07D0134801F0A0
:105B200069FD7868FFF79CFC012318E0104B1B68A7
:105B300019467868FFF716FF034683F00103DBB2CE
:105B4000002B01D000230AE00A4B4FF000021A603C
:105B5000074B1B681946084801F04CFD0123184605
:105B60000837BD4680BD00BFD44A0020F4BA020801
:105B7000D04A0020CC4A002044BB020880B582B045
:105B800000AF2A4B1B78DBB2002B4BD0284B1B7885
:105B9000DBB21946274B1B78DBB21A46CB00134405
:105BA0009B00254A13447B607B6818787B6801332F
:105BB00019787B6802331A787B6803331B7800F00E
:105BC000EDF91C4B1B78DBB20133DBB2194A1946E5
:105BD0001170072B27D9174B00221A70174B1B681F
:105BE0000133164A1360164A126893421BD31548B4
:105BF00005F050FE0D4B00221A7000233B60124B43
:105C00001B683A46114618460EF00FF93B68002B08
:105C100009D00E4B4FF080521A60BFF34F8FBFF385
:105C20006F8F00E000BF0837BD4680BD3E4B0020AF
:105C30003C4B00203D4B0020B0510308404B00205E
:105C4000444B0020B44C0020904B002004ED00E0B9
:105C500080B582B000AF2A4B1B78DBB2002B4BD053
:105C6000284B1B78DBB21946274B1B78DBB21A4650
:105C7000CB0013449B00254A13447B607B68187853
:105C80007B68013319787B6802331A787B680333A9
:105C90001B7800F0EDFA1C4B1B78DBB20133DBB252
:105CA000194A19461170072B27D9174B00221A7071
:105CB000174B1B680133164A1360164A1268934249
:105CC0001BD3154805F0E6FD0D4B00221A7000238A
:105CD0003B60124B1B683A46114618460EF0A5F879
:105CE0003B68002B09D00E4B4FF080521A60BFF377
:105CF0004F8FBFF36F8F00E000BF0837BD4680BDF8
:105D0000964B0020944B0020954B0020B051030887
:105D1000984B00209C4B0020004D0020E84B0020B9
:105D200004ED00E080B58AB002AFF860B9607A6037
:105D3000FB68002B7AD03F4B1B68002B0AD1032352
:105D400000933D4B0022002101200DF08BFD034606
:105D5000384A1360374B1B68002118460EF0E6F9ED
:105D60007B68364AB2FBF3F3FB61FB69132B01D866
:105D70001423FB61FB694EF66022934202D94EF672
:105D80006023FB61BB68012B01D1012200E00022EE
:105D90002B4B1A702B4B00221A702B4B00221A60CF
:105DA0002A4AFB6813602A4B01221A70FB699BB2D6
:105DB000013B9AB2274B1B68DA62FB699BB2013B3D
:105DC0009BB21A46234BDA60224B1B6800225A62B0
:105DD000204805F0E7FCFB68FA6902FB03F3DB00EF
:105DE0001D4AA2FB03239B09BB61BB6903F57A73C0
:105DF0005B007B610F4B1A687B694FF47A7101FB82
:105E000003F31549A1FB03139B09194610460EF035
:105E10008DF90346012B0AD00E4805F03BFD0C4BD3
:105E200000221A700D4801F0E5FB00E000BF2037AA
:105E3000BD4680BD904B0020484B0020A08601004D
:105E40003C4B00203D4B0020404B0020444B0020A9
:105E50003E4B0020B44C0020D34D6210A0BB020882
:105E600080B58AB002AFF860B9607A60FB68002B39
:105E70007AD03F4B1B68002B0AD1032300933D4B84
:105E80000022002101200DF0EDFC0346384A13608A
:105E9000374B1B68002118460EF048F97B68364ADC
:105EA000B2FBF3F3FB61FB69132B01D81423FB61F5
:105EB000FB694EF66022934202D94EF66023FB61E5
:105EC000BB68012B01D1012200E000222B4B1A708C
:105ED0002B4B00221A702B4B00221A602A4AFB68B7
:105EE00013602A4B01221A70FB699BB2013B9AB2E4
:105EF000274B1B68DA62FB699BB2013B9BB21A46D7
:105F0000234BDA60224B1B6800225A62204805F0BE
:105F100049FCFB68FA6902FB03F3DB001D4AA2FBA4
:105F200003239B09BB61BB6903F57A735B007B614B
:105F30000F4B1A687B694FF47A7101FB03F3154923
:105F4000A1FB03139B09194610460EF0EFF8034618
:105F5000012B0AD00E4805F09DFC0C4B00221A7054
:105F60000D4801F047FB00E000BF2037BD4680BD73
:105F7000E84B0020A04B0020A0860100944B00209D
:105F8000954B0020984B00209C4B0020964B002006
:105F9000004D0020D34D6210C4BB020890B583B001
:105FA00000AF0446084611461A462346FB710346D5
:105FB000BB710B467B7113463B71FB79002B14BF01
:105FC00001230023DBB21A460121144804F026F80D
:105FD000BB79002B14BF01230023DBB21A464FF418
:105FE00080610F4804F01AF87B79002B14BF01235D
:105FF0000023DBB21A4602210A4804F00FF83B796D
:10600000002B14BF01230023DBB21A4604210648EB
:1060100004F004F800BF0C37BD4690BD00000240FC
:106020000014024000040240000C024080B500AFA2
:106030000023002200210020FFF7B0FF00BF80BD39
:1060400080B582B000AF00237B6055E07B68072BF2
:106050004AD801A252F823F079600008876000084E
:1060600095600008A3600008B1600008BF600008E8
:10607000CD600008DB600008002301220021002021
:10608000FFF78CFF30E00023002200210020FFF703
:1060900085FF29E00123002201210020FFF77EFF78
:1060A00022E00123002201210020FFF777FF1BE0FF
:1060B0000123012201210020FFF770FF14E00123DA
:1060C000012201210120FFF769FF0DE001230122D8
:1060D00000210120FFF762FF06E0002301220021DA
:1060E0000120FFF75BFF00BF074B1B6818460CF051
:1060F0008DFF7B6801337B607B68072BA6DD00BFCB
:1061000000BF0837BD4680BD384B002080B500AFCA
:10611000324B07221A6059E0304B1B68072B4BD8D3
:1061200001A252F823F000BF49610008576100083E
:106130006561000873610008816100088F610008D3
:106140009D610008AB6100080123002200210020AE
:10615000FFF724FF30E00123012200210020FFF798
:106160001DFF29E00023012200210020FFF716FF78
:1061700022E00023012201210020FFF70FFF1BE096
:106180000023002201210020FFF708FF14E0002374
:10619000002201210120FFF701FF0DE00023002272
:1061A00000210120FFF7FAFE06E001230022002172
:1061B0000120FFF7F3FE00BF094B1B6818460CF0E7
:1061C00025FF064B1B68013B044A1360034B1B6809
:1061D000002BA1DA00BF00BF80BD00BFD84A00205D
:1061E000384B002080B586B000AFF860B9607A60A7
:1061F00000237B617B68002B01DC01237B60FB6853
:10620000002B02DCFFF712FF2DE0BB68002B05D04E
:10621000BB68012B02D0FFF709FF24E07B68642BE9
:106220001BDC7B68C3F16503104A1360BB68002B5D
:1062300009D1FFF76BFF7B6901337B617A69FB68EA
:106240009A42F6DB0FE0FFF7FBFE7B6901337B61CF
:106250007A69FB689A42F6DB05E0FB687A68B96800
:106260001846FFF75FFD1837BD4680BD384B00204C
:1062700090B583B000AF0446084611461A4623463F
:10628000FB710346BB710B467B7113463B71FB7977
:10629000002B14BF01230023DBB21A464FF4006128
:1062A000144803F0BBFEBB79002B14BF012300236D
:1062B000DBB21A464FF400510E4803F0AFFE7B7973
:1062C000002B14BF01230023DBB21A464FF4804198
:1062D000084803F0A3FE3B79002B14BF01230023E1
:1062E000DBB21A464021044803F098FE00BF0C3789
:1062F000BD4690BD001002400008024080B500AFCE
:106300000023002200210020FFF7B2FF00BF80BD64
:1063100080B582B000AF00237B6055E07B68072B1F
:106320004AD801A252F823F04963000857630008D5
:106330006563000873630008816300088F630008C9
:106340009D630008AB6300080023012200210020A8
:10635000FFF78EFF30E00023002200210020FFF72E
:1063600087FF29E00123002201210020FFF780FFA1
:1063700022E00123002201210020FFF779FF1BE02A
:106380000123012201210020FFF772FF14E0012305
:10639000012201210120FFF76BFF0DE00123012203
:1063A00000210120FFF764FF06E000230122002105
:1063B0000120FFF75DFF00BF074B1B6818460CF07C
:1063C00025FE7B6801337B607B68072BA6DD00BF61
:1063D00000BF0837BD4680BDEC4B002080B582B0C1
:1063E00000AF07237B6055E07B68072B4AD801A2EA
:1063F00052F823F015640008236400083164000893
:106400003F6400084D6400085B640008696400088C
:10641000776400080123002200210020FFF728FFF5
:1064200030E00123012200210020FFF721FF29E0B5
:106430000023012200210020FFF71AFF22E00023A1
:10644000012201210020FFF713FF1BE0002300229F
:1064500001210020FFF70CFF14E00023002201219E
:106460000120FFF705FF0DE000230022002101209D
:10647000FFF7FEFE06E00123002200210120FFF7C6
:10648000F7FE00BF074B1B6818460CF0BFFD7B688A
:10649000013B7B607B68002BA6DA00BF00BF08379A
:1064A000BD4680BDEC4B002080B586B000AFF860E3
:1064B000B9607A6000237B617B68002B01DC0123DB
:1064C0007B60FB68002B02DCFFF718FF2DE0BB6848
:1064D000002B05D0BB68012B02D0FFF70FFF24E093
:1064E0007B68642B1BDC7B68C3F16503104A136077
:1064F000BB68002B09D1FFF771FF7B6901337B611A
:106500007A69FB689A42F6DB0FE0FFF701FF7B69CF
:1065100001337B617A69FB689A42F6DB05E0FB6830
:106520007A68B9681846FFF79BFC1837BD4680BDEE
:10653000EC4B002080B586B000AF3B1D00221A60F6
:106540005A609A60DA601A614FF400737B6000232E
:10655000BB600223FB6000233B613B1D19460548DD
:1065600003F08CFAC8200CF051FD00BF1837BD466F
:1065700080BD00BF0004024080B584B000AF00239E
:10658000FB600023BB6000237B6017E04FF40071C9
:10659000114803F02BFD0346012B03D1FB680133A7
:1065A000FB6002E0BB680133BB607B68012B02DC4F
:1065B00001200CF02BFD7B6801337B607B68022B94
:1065C000E4DDFA68BB689A42CCBF01230023DBB24A
:1065D00018461037BD4680BD0004024080B487B025
:1065E00000AF78607B68642B0FDC7B68C3F16503C8
:1065F0003B613B69002B01D101233B613B694FF4B7
:10660000FA5202FB03F37B6114E07B680F4AB2FB92
:10661000F3F3FB60FB68132B01D81423FB60FB68CA
:106620004EF66022934202D94EF66023FB60FB686F
:10663000DB007B617B69002B01D101237B617B69DE
:1066400018461C37BD465DF8047B7047A0860100E4
:1066500080B584B000AF78607868FFF7BFFF03466D
:106660004CF25032B2FBF3F3FB60FB68002B01D11C
:106670000123FB60FB68322B01D93223FB60FB68EE
:1066800018461037BD4680BD80B588B000AFF860B1
:10669000B9607A607868FFF7DBFF7861FB6823EA0E
:1066A000E373FB610023BB611BE0FFF765FF03465B
:1066B000002B02D1FFF7BAFC16E0FA697B6993421E
:1066C00028BF13463B613B697A68B9681846FFF7F3
:1066D00089FDFA693B69D31AFB61BA693B691344C6
:1066E000BB61FB69002BE0D1BB6918462037BD4672
:1066F00080BD000090B589B002AFF860B9607A60E3
:106700003B6000237B61FB68002B05DCF96848488F
:1067100000F070FF002387E0BB68002B05DCB96840
:10672000444800F067FF00237EE07B68002B08D020
:106730007B68012B05D079683F4800F05BFF0023A0
:1067400072E03B68002B05DC39683C4800F052FFE2
:10675000002369E03B68B3F57A7F14DA3B68642B69
:1067600008DC3B68C3F16503DB001A46396834482E
:1067700000F040FF4FF47A723968324800F03AFF77
:106780004FF47A733B60FFF7D5FEFFF7F5FE034643
:10679000002B01D02C4B00E02C4B19462C4800F06C
:1067A00029FF3B6841F28832934207DD41F288338A
:1067B00041F288323968274800F01CFF3868FFF73B
:1067C0000DFF04463868FFF743FF0346322200926C
:1067D00022463968204800F00DFFFFF7CDFE034642
:1067E000002B03D11D4800F005FF0EE0F9681C489E
:1067F00000F000FF3A687968F868FFF745FF7861B4
:10680000FA687969174800F0F5FE4FF47A72B968B2
:10681000154800F0EFFE4FF47A727968B868FFF718
:10682000E1FCFFF703FC7B6918461C37BD4690BDB1
:10683000E8BB020824BC02085CBC020894BC020845
:10684000C8BC020834BD020868BD02087CBD02084D
:1068500090BD0208B0BD020854BE0208B8BE0208CE
:1068600088BF0208D0BF020800C0020880B584B00B
:1068700000AFF860B9607A607B68BA68F968F86858
:10688000FFF738FF034618461037BD4680BD0000AD
:10689000B0B584B000AF0023FB600023BB600023D1
:1068A0007B60354A354B14461D460FCD0FC495E825
:1068B000030020600434218002340B0C23702E4826
:1068C000F9F7C8FC03469AB24FF0FF332A492C4827
:1068D00005F0B9FF28212B4800F060FF29481FF080
:1068E0009FFDF860244A284B14461D460FCD0FC467
:1068F00095E8070003C422800234130C23701E485D
:10690000F9F7A8FC03469AB24FF0FF331A491C4826
:1069100005F099FF28211B4800F040FF19481FF09F
:106920007FFDB860144A194B14461D460FCD0FC4A5
:1069300095E8030020600434218002340B0C23709E
:106940000D48F9F787FC03469AB24FF0FF330A4926
:106950000B4805F078FF28210A4800F01FFF09487E
:106960001FF05EFD78607A68B968F868FFF77EFF0F
:1069700000BF1037BD46B0BD044B002030C0020838
:10698000E84E0020DC4A002048C0020864C002082B
:1069900080B586B000AF3B1D00221A605A609A6035
:1069A000DA601A6102237B600023BB600123FB6075
:1069B00000233B613B1D1946094803F05FF80520A1
:1069C0000CF024FB0221064803F010FB0346002BC9
:1069D0000CBF01230023DBB218461837BD4680BD2B
:1069E0000018024080B588B000AF0023FB613B4631
:1069F00000221A605A609A60DA601A6102233B60D2
:106A000000237B600123BB600023FB603B461946EB
:106A1000264803F033F8C8200CF0F8FA0221234886
:106A200003F0E4FA0346FB76FB7E012B01D1204BF9
:106A300000E0204B1946204800F0DCFDFB7E012BD6
:106A400003D01E4800F0D6FD2CE0012242F2107166
:106A50001B4800F0CFFD01F005FC786117E001F064
:106A600001FC02467B69D31A164A934206D9FFF706
:106A7000DDFAF969144800F0BDFD13E042F210722E
:106A800001216420FFF7AEFBFB696433FB61022147
:106A9000064803F0ABFA0346012BE0D0F9690B4836
:106AA00000F0A8FD2037BD4680BD00BF00180240A1
:106AB0007CC00208A0C00208C8C00208E8C00208E2
:106AC000BCC10208801A0600F4C10208F0C2020824
:106AD00080B584B000AFF860B9603B601346FB80BE
:106AE000FB68BA681A60FB68FA889A80FB683A68A3
:106AF0009A60FB683A8B9A81FB68FA691A61FB68B5
:106B00003A8C9A82FB687A6A9A61FB683A8D9A831A
:106B1000F86800F004F800BF1037BD4680BD80B5AE
:106B200082B000AF78607B6818687B689B88002221
:106B3000194603F073FA7B6898687B689B8900228A
:106B4000194603F06BFA7B6818697B689B8A002200
:106B5000194603F063FA7B6898697B689B8B002277
:106B6000194603F05BFA00BF0837BD4680BD80B40C
:106B700083B000AF7860084611461A460346FB70A2
:106B80000B46BB7013467B70FB78002B02D07B68F2
:106B90009B8802E07B689B881B047A68126893617B
:106BA000BB78002B02D07B689B8902E07B689B89C5
:106BB0001B047A68926893617B78002B02D07B6813
:106BC0009B8A02E07B689B8A1B047A681269936146
:106BD0003B7C002B02D07B689B8B02E07B689B8B0D
:106BE0001B047A689269936100BF0C37BD465DF85B
:106BF000047B704790B587B002AF78600723FB60D5
:106C00001FE0144AFB6812F82310124AFB689B002D
:106C100013445A780F48FB689B00034498780D4C46
:106C2000FB689B002344DB78009303467868FFF7FA
:106C30009EFF094B1B68184600F0AEFCFB68013B49
:106C4000FB60FB68002BDCDA00BF00BF1437BD46D9
:106C500090BD00BFF0510308F04B002090B587B005
:106C600002AF78600723FB602DE01B4AFB6812F837
:106C70002330002B0CBF01230023DBB21846164A39
:106C8000FB689B0013445B78002B0CBF012300239F
:106C9000DBB21C46104AFB689B0013449A780E49ED
:106CA000FB689B000B44DB780093134622460146A9
:106CB0007868FFF75CFF094B1B68184600F06CFC16
:106CC000FB68013BFB60FB68002BCEDA00BF00BF16
:106CD0001437BD4690BD00BFF0510308F04B0020B3
:106CE00080B588B000AFF860B9607A603B603B68FF
:106CF000002B01DC01233B604FF44873FB61FA6910
:106D0000BB689A4201DDBB68FB610C23BB61BA69B9
:106D10003B689A4201DA3B68BB6100237B6124E057
:106D20007A69FB699A4210DAFB69002B0DDDBA69BA
:106D30003B68D31A7A6903FB02F2FB6992FBF3F317
:106D4000BA69D31A0E4A136002E00D4A3B68136019
:106D50007B68002B03D1F868FFF74CFF02E0F8686E
:106D6000FFF77CFF7B6901337B617A69BB689A42DC
:106D7000D6DBF868FFF7D3FE00BF2037BD4680BDE5
:106D8000F04B002080B58AB006AFF860B9607A6039
:106D9000114B1B68002B14D1082304930F4B039352
:106DA0004FF4004302930E4B0193042300930D4BC9
:106DB0004FF480620C490D48FFF78AFE064B012212
:106DC0001A607B68BA68F9680848FFF789FF00BF56
:106DD0001037BD4680BD00BF144C002000080240A3
:106DE0000010024000140240000C0240F44B00204E
:106DF00080B582B000AF114B1B6C104A43F080533A
:106E000013640E4B1B6C03F080537B607B680B4B51
:106E10005B6C0A4A43F480435364084B5B6C03F495
:106E200080433B603B6800220F216FF0010001F0BE
:106E30000DFB00BF0837BD4680BD00BF00380240D3
:106E400080B58EB000AF78600023FB620023BB6288
:106E5000334B1B6C324A43F010031364304B1B6CF2
:106E600003F01003FB60FB6807F1100207F1140345
:106E70001146184603F074FF3B6AFB62FB6A002B65
:106E800003D103F045FF786304E003F041FF0346BC
:106E90005B007B637B6B234AA2FB03239B0C013BC0
:106EA000BB62214B214A1A601F4B40F2E732DA6085
:106EB0001D4ABB6A53601C4B00221A611A4B002208
:106EC0009A60194B00229A61174804F0A3FB03460D
:106ED00087F8333097F83330002B1BD1124804F079
:106EE00061FC034687F8333097F83330002B11D11B
:106EF000362001F0C7FA7B680F2B08D8002279688A
:106F0000362001F0A3FA0A4A7B68136002E00123ED
:106F100087F8333097F8333018463837BD4680BD90
:106F20000038024083DE1B43184C00200010004054
:106F30003C00002080B483B000AF0346FB7100BF6B
:106F4000074BDB6903F08003002BF9D0044AFB797F
:106F5000936200BF0C37BD465DF8047B704700BFED
:106F60000048004080B582B000AF786006E07B68E2
:106F70005A1C7A601B781846FFF7DCFF7B681B7889
:106F8000002BF4D100BF00BF0837BD4680BD000014
:106F900080B584B000AF78600D48FFF7E3FF1C2395
:106FA000FB600DE07A68FB6822FA03F303F00F033D
:106FB000084AD35C1846FFF7BDFFFB68043BFB6043
:106FC000FB68002BEEDA00BF00BF1037BD4680BD66
:106FD0001CC302081052030880B582B000AF78606D
:106FE00039607868FFF7BEFF3868FFF7D1FF0348C4
:106FF000FFF7B8FF00BF0837BD4680BD20C30208B9
:1070000080B586B000AF7860224B9B6A7B61214BD4
:10701000DB6A3B611F4B9B6BFB601E4B5B6BBB607A
:107020001D48FFF79FFF7B6818331B6819461B48F4
:10703000FFF7D2FF7B6814331B6819461848FFF727
:10704000CBFF7B681C331B6819461648FFF7C4FF4B
:107050007B681B6819461448FFF7BEFF7B680C333A
:107060001B6819461148FFF7B7FF79691048FFF709
:10707000B3FF39690F48FFF7AFFFF9680E48FFF714
:10708000ABFFB9680D48FFF7A7FF0D48FFF76AFF90
:1070900000BFFDE700ED00E024C302084CC3020876
:1070A00058C3020864C3020870C302087CC3020804
:1070B00088C3020894C30208A0C30208ACC3020834
:1070C000B8C3020880B400AF00BFFDE780B400AFD2
:1070D0001EF0040F0CBFEFF30880EFF309800249A4
:1070E000084700BFFDE700000170000880B400AF52
:1070F00000BFFDE780B400AF00BFFDE780B400AF84
:1071000000BFFDE780B400AF00BFBD465DF8047B63
:107110007047000080B500AF024804F04CFC00BF8F
:1071200080BD00BF004D002080B500AF024804F0D4
:1071300042FC00BF80BD00BF684C002080B500AF9E
:10714000024804F038FC00BF80BD00BF184C00208E
:1071500080B500AF024804F02EFC00BF80BD00BF28
:10716000B44C002080B500AF024801F09FFD00BF85
:1071700080BD00BFAC19012080B400AF01231846C8
:10718000BD465DF8047B704780B483B000AF786083
:107190003960054B16221A604FF0FF3318460C3742
:1071A000BD465DF8047B7047D83C022080B582B0B4
:1071B00000AF78604FF0FF317868FFF7E5FF00BF60
:1071C000FDE780B586B000AFF860B9607A60002353
:1071D0007B610AE0AFF300800146BB685A1CBA60CD
:1071E000CAB21A707B6901337B617A697B689A4203
:1071F000F0DB7B6818461837BD4680BD80B586B089
:1072000000AFF860B9607A6000237B6109E0BB6879
:107210005A1CBA601B781846FCF730FE7B690133B4
:107220007B617A697B689A42F1DB7B681846183784
:10723000BD4680BD80B483B000AF78604FF0FF33AF
:1072400018460C37BD465DF8047B704780B483B0A8
:1072500000AF786039603B684FF400525A600023F9
:1072600018460C37BD465DF8047B704780B483B088
:1072700000AF7860012318460C37BD465DF8047BEB
:10728000704780B485B000AFF860B9607A600023C1
:1072900018461437BD465DF8047B704780B487B04C
:1072A00000AF7860144A154BD31A7B617B693B6150
:1072B000134B1B68002B02D1114B124A1A60104B62
:1072C0001A687B6813443A699A4205D20E4B0C2225
:1072D0001A604FF0FF3309E0094B1B68FB60084B55
:1072E0001A687B681344064A1360FB6818461C370B
:1072F000BD465DF8047B70470000082000040000D4
:10730000644C0020E83C0220D83C022080B400AF4E
:10731000064BD3F88830054A43F47003C2F888302E
:1073200000BFBD465DF8047B704700BF00ED00E084
:1073300080B58EB000AF07F1280300221A605A60B2
:107340009A60DA6007F11C0300221A605A609A60A2
:107350003B4600221A605A609A60DA601A615A61EC
:107360009A612C4B4FF080421A602A4B6B225A6074
:10737000284B00229A60274B4FF0FF32DA60254BF2
:1073800000221A61234B80229A61224804F042F9BC
:107390000346002B01D0FCF799FE4FF48053BB62EB
:1073A00007F1280319461B4804F086FC0346002B0E
:1073B00001D0FCF78BFE174804F09CFA0346002B23
:1073C00001D0FCF783FE0023FB6100237B6207F101
:1073D0001C0319460F4805F0FFF80346002B01D0A7
:1073E000FCF774FE00233B6000237B600023BB603E
:1073F00000233B613B4600221946064804F0E2FBAD
:107400000346002B01D0FCF761FE00BF3837BD46B4
:1074100080BD00BF684C002080B584B000AF3B1D2C
:1074200000221A605A609A60144B154A1A60134B76
:10743000D7225A60114B00229A60104B40F2E7327B
:10744000DA600E4B80229A610C4804F0E3F80346A0
:10745000002B01D0FCF73AFE00237B600023FB6089
:107460003B1D1946054805F0B7F80346002B01D02F
:10747000FCF72CFE00BF1037BD4680BDB44C002089
:107480000014004080B500AF0E4B0F4A1A600D4B40
:1074900040F2AF125A600B4B00229A60094B40F247
:1074A000E732DA60074B00221A61064B80229A61AC
:1074B000044804F0AFF80346002B01D0FCF706FEA9
:1074C00000BF80BD004D00200044014080B586B063
:1074D00000AF78607B681B68B3F1804F14D1264BF6
:1074E0001B6C254A43F001031364234B1B6C03F010
:1074F00001037B617B69002205211C2000F0A6FFAF
:107500001C2000F0BFFF32E07B681B681B4A9342DF
:1075100014D1194B1B6C184A43F020031364164B0B
:107520001B6C03F020033B613B69002205213720DF
:1075300000F08CFF372000F0A5FF18E07B681B6887
:107540000F4A934213D10C4B5B6C0B4A43F400334C
:107550005364094B5B6C03F40033FB60FB6800224F
:107560000521192000F072FF192000F08BFF00BFE9
:107570001837BD4680BD00BF0038024000140040EF
:107580000044014080B500AF024804F09BF800BF02
:1075900080BD00BF684C002080B485B000AF78602B
:1075A000094B1B685B6AFB6000BF074B1B685A6A8C
:1075B000FB68D31A7A689A42F7D800BF00BF143725
:1075C000BD465DF8047B7047684C002080B582B0F2
:1075D00000AF78600B467B807A884FF0FF33796884
:1075E000034805F030F900BF0837BD4680BD00BF35
:1075F000E84E00200FB480B5ADF5816D00AF07F205
:10760000144207F58163A3F204431A6007F581630E
:10761000A3F2044307F108001B68D7F810244FF4C5
:1076200080611FF041F907F108031846F8F712FED0
:1076300003469AB207F1080311461846FFF7C6FF42
:1076400000BF07F58167BD46BDE8804004B07047C4
:1076500080B483B000AF0346FB71FB790A2B03D1E2
:107660000B4B1B780D2B06D0FB790D2B05D1084B4E
:107670001B780A2B01D1012300E0002303F0010352
:10768000DBB218460C37BD465DF8047B704700BF7F
:107690004C4D002080B586B000AF78600B467B80F3
:1076A0000023FB827B881A46002178681FF033F99B
:1076B0005DE007F115014FF0FF330122334805F07B
:1076C0004BF90346002B52D1FB8A002B0AD17B7D5C
:1076D0001846FFF7BDFF0346002B03D02C4B0022BA
:1076E0001A7044E007F1150301211846FFF76EFFF9
:1076F0007B7D0D2B02D07B7D0A2B12D1254A07F111
:1077000010031268114619800233120C1A7007F127
:10771000100302211846FFF759FF7A7D1C4B1A709F
:107720002AE01B4B00221A707B7D082B02D07B7D48
:107730007F2B0ED1FB8A002B0BD0FB8A013BFB82F7
:10774000154BFB6007F10C0303211846FFF73EFFC2
:107750000DE07B7D082B0AD07B7D7F2B07D0FB8A39
:107760005A1CFA821A467B6813447A7D1A70FA8A88
:107770007B88013B9A429CDBFB8A7A681344002297
:107780001A7000BF1837BD4680BD00BFE84E00200C
:107790004C4D0020F8C302080820080080B584B0D2
:1077A00000AF78600B467B800023FB8130E007F15F
:1077B0000D014FF0FF330122274805F0CDF8FB897A
:1077C000002B0AD17B7B1846FFF742FF0346002BB4
:1077D00003D0224B00221A701AE07B7B0D2B02D0C3
:1077E0007B7B0A2B03D17A7B1C4B1A7015E01B4B59
:1077F00000221A70FB895A1CFA811A467B681344CE
:107800007A7B1A7007F10D0301211846FFF7DEFE9F
:10781000FA897B88013B9A42C9DBFB897A68134469
:1078200000221A700E4A07F10803126811461980E7
:107830000233120C1A7007F108031846F8F70AFD14
:1078400003469AB207F1080311461846FFF7BEFE39
:1078500000BF1037BD4680BDE84E00204C4D0020D3
:10786000F8C3020880B500AF144B154A1A60134BD9
:107870004FF496425A60114B00229A600F4B00223F
:10788000DA600E4B00221A610C4B0C225A610B4B32
:1078900000229A61094B0022DA61084B00221A6229
:1078A000064B00225A62054804F042FF0346002BB3
:1078B00001D0FCF70BFC00BF80BD00BF504D002085
:1078C000004C004080B500AF164B174A1A60154BAC
:1078D0004FF496425A60134B00229A60114B0022DB
:1078E000DA60104B00221A610E4B0C225A610D4BCC
:1078F00000229A610B4B0022DA610A4B00221A62C5
:10790000084B10225A62074B4FF480529A63054885
:1079100004F00EFF0346002B01D0FCF7D7FB00BF9D
:1079200080BD00BFD84D00200050004080B500AFA2
:10793000144B154A1A60134B4FF416525A60114BF0
:1079400000229A600F4B0022DA600E4B00221A616F
:107950000C4B0C225A610B4B00229A61094B0022FE
:10796000DA61084B00221A62064B00225A6205486F
:1079700004F0DEFE0346002B01D0FCF7A7FB00BF9E
:1079800080BD00BF604E00200044004080B500AFC5
:10799000144B154A1A60134B4FF4E1325A60114BE5
:1079A00000229A600F4B0022DA600E4B00221A610F
:1079B0000C4B0C225A610B4B00229A61094B00229E
:1079C000DA61084B00221A62064B00225A6205480F
:1079D00004F0AEFE0346002B01D0FCF777FB00BF9E
:1079E00080BD00BFE84E00200048004080B500AFD9
:1079F000144B154A1A60134B4FF496425A60114BC0
:107A000000229A600F4B0022DA600E4B00221A61AE
:107A10000C4B0C225A610B4B00229A61094B00223D
:107A2000DA61084B00221A62064B00225A620548AE
:107A300004F07EFE0346002B01D0FCF747FB00BF9D
:107A400080BD00BF704F00200014014080B5B6B06B
:107A500000AF786007F1C40300221A605A609A6090
:107A6000DA601A6107F134039022002118461EF0F3
:107A700052FF7B681B68964A93423ED14FF40073D5
:107A80007B630023C7F8843007F13403184603F002
:107A900099F90346002B01D0FCF718FB8D4B1B6CAA
:107AA0008C4A43F4002313648A4B1B6C03F40023B9
:107AB0003B633B6B874B1B6B864A43F004031363AA
:107AC000844B1B6B03F00403FB62FB6A4FF44063BF
:107AD000C7F8C4300223C7F8C8300023C7F8CC3039
:107AE0000323C7F8D0300823C7F8D43007F1C40304
:107AF0001946794801F0C2FF3DE17B681B68774A6F
:107B0000934260D14FF480637B630023C7F88830D1
:107B100007F13403184603F055F90346002B01D052
:107B2000FCF7D4FA6B4B1B6C6A4A43F48013136462
:107B3000684B1B6C03F48013BB62BB6A654B1B6B09
:107B4000644A43F002031363624B1B6B03F00203AE
:107B50007B627B6A5F4B1B6B5E4A43F004031363DB
:107B60005C4B1B6B03F004033B623B6A4FF4805396
:107B7000C7F8C4300223C7F8C8300023C7F8CC3098
:107B80000023C7F8D0300823C7F8D43007F1C40366
:107B90001946534801F072FF4FF48053C7F8C430C0
:107BA0000223C7F8C8300023C7F8CC300023C7F839
:107BB000D0300823C7F8D43007F1C403194646482B
:107BC00001F05CFFD7E07B681B68464A93423BD1DB
:107BD00080237B630023FB6707F13403184603F01F
:107BE000F1F80346002B01D0FCF770FA394B1B6CFF
:107BF000384A43F400331364364B1B6C03F40033F0
:107C0000FB61FB69334B1B6B324A43F00803136380
:107C1000304B1B6B03F00803BB61BB696023C7F8E3
:107C2000C4300223C7F8C8300023C7F8CC30032380
:107C3000C7F8D0300723C7F8D43007F1C40319467A
:107C4000294801F01BFF96E07B681B68274A934296
:107C50004ED14FF480737B630023C7F8803007F167
:107C60003403184603F0AEF80346002B01D0FCF7AE
:107C70002DFA184B1B6C174A43F480231364154BE1
:107C80001B6C03F480237B617B69124B1B6B114AD5
:107C900043F0080313630F4B1B6B03F008033B61B6
:107CA0003B694FF44073C7F8C4300223C7F8C830AB
:107CB0000023C7F8CC300323C7F8D0300723C7F818
:107CC000D43007F1C4031946074801F0D7FE52E04B
:107CD000004C0040003802400008024000500040C4
:107CE0000004024000440040000C024000480040F4
:107CF0007B681B68224A93423DD14FF400637B634B
:107D00000023C7F88C3007F13403184603F05AF803
:107D10000346002B01D0FCF7D9F91A4B5B6C194ACA
:107D200043F020035364174B5B6C03F02003FB60AC
:107D3000FB68144B1B6B134A43F040031363114B56
:107D40001B6B03F04003BB60BB684FF48443C7F870
:107D5000C4300223C7F8C8300023C7F8CC3003234F
:107D6000C7F8D0300823C7F8D43007F1C403194648
:107D7000054801F083FE00BFD837BD4680BD00BF77
:107D800000140140003802400018024080B582B063
:107D900000AF78607B681B682C4A93420BD12C4B58
:107DA0001B6C2B4A23F4002313644FF440612948D1
:107DB00002F010F846E07B681B68274A934210D116
:107DC000234B1B6C224A23F4801313644FF480511D
:107DD000224801F0FFFF4FF480511E4801F0FAFFE6
:107DE00030E07B681B681E4A93420AD1184B1B6C1B
:107DF000174A23F40033136460211A4801F0EAFFA4
:107E000020E07B681B68184A93420BD1104B1B6C17
:107E10000F4A23F4802313644FF44071114801F09A
:107E2000D9FF0FE07B681B68104A93420AD1084BC8
:107E30005B6C074A23F0200353644FF484410C48E1
:107E400001F0C8FF00BF0837BD4680BD004C0040B0
:107E50000038024000080240005000400004024088
:107E600000440040000C0240004800400014014063
:107E70000018024080B500AF144B4FF0A0421A60CA
:107E8000124B06221A71114B0222DA710F4B00229B
:107E90009A710E4B02225A720C4B01229A720B4BB2
:107EA0000022DA72094B00221A73084B01229A73DE
:107EB000064B0022DA73054802F0E3F80346002B74
:107EC00001D0FCF703F900BF80BD00BFF84F0020D0
:107ED00080B5AEB000AF786007F1A40300221A604D
:107EE0005A609A60DA601A6107F114039022002147
:107EF00018461EF010FD7B681B68B3F1A04F59D1E6
:107F00004FF400137B610023C7F8903007F114038E
:107F1000184602F057FF0346002B01D0FCF7D6F8B5
:107F2000264B1B6B254A43F001031363234B1B6B4A
:107F300003F001033B613B694FF4E853C7F8A430F9
:107F40000223C7F8A8300023C7F8AC300323C7F8D2
:107F5000B0300A23C7F8B43007F1A4031946184813
:107F600001F08CFD4FF40073C7F8A4300023C7F86C
:107F7000A8300023C7F8AC3007F1A4031946104815
:107F800001F07CFD0D4B5B6B0C4A43F080035363A7
:107F90000A4B5B6B03F08003FB60FB68074B5B6C79
:107FA000064A43F480435364044B5B6C03F4804300
:107FB000BB60BB6800BFB837BD4680BD003802401B
:107FC00000000240DFF834D0FFF7A0F90C480D495B
:107FD0000D4A002302E0D458C4500433C4188C4224
:107FE000F9D30A4A0A4C002301E013600432A2428A
:107FF000FBD31EF0D1FDFBF757FF704700000820B0
:1080000000000020F0010020785703083003002012
:10801000E83C0220FEE780B483B000AF78603960AE
:108020007B68002B0BD03B68DB68002B07D03B68DC
:108030009B68002B03D03B681B69002B02D14FF0DB
:10804000FF3314E03B681A687B689A603B685A68A3
:108050007B68DA603B68DA687B685A613B689A68DB
:108060007B681A613B681A697B689A61002318462D
:108070000C37BD465DF8047B704780B586B000AF15
:1080800078600023FB6000237B6100233B617B68F9
:108090005B68002B39D17B689B68002B02D07B6822
:1080A0009B6898477B6820221A6000237B611CE054
:1080B0007B685B6907F10C021221786998470346D7
:1080C000002B03DA6FF004033B610BE0FB6803F065
:1080D0001F037A699A4205D17B687A691A60002386
:1080E0003B6105E07B6901337B617B691F2BDFD935
:1080F0007B681B681F2B02D96FF002033B613B6951
:10810000002B02D17B6801225A603B691846183760
:10811000BD4680BD80B584B000AF78600023FB60B1
:108120007B685B697A68106807F10C020121984747
:108130000346002B02DA6FF004036EE07B685B6994
:108140007A68106807F10C02012198470346002B5A
:1081500002DA6FF0040360E0FB6803F00403002B15
:1081600001D1012359E07B685B697A68106807F1E7
:108170000C02002198470346002B02DA6FF004033B
:108180004BE0FB6803F48053002B1BD1FB6803F426
:108190000053002B06D0FB6803F48073002B01D042
:1081A00002233AE0FB6803F40053002B01D00323C1
:1081B00033E0FB6803F48073002B01D004232CE030
:1081C00005232AE07B685B697A68106807F10C0276
:1081D0001F2198470346002B02DA6FF004031CE0CE
:1081E000FB6803F48053002B01D1062315E0FB68E4
:1081F00003F01C03182B01D102230EE0FB6803F0EF
:108200001C03082B01D1032307E0FB6803F01C03C8
:10821000142B01D1042300E0052318461037BD4676
:1082200080BD80B500AF032000F005F90F20FEF7F8
:1082300007FEFEF7DDFD0023184680BD80B400AFC9
:10824000064B1B781A46064B1B681344044A1360FE
:1082500000BFBD465DF8047B704700BF40000020B2
:10826000D854002080B400AF034B1B681846BD46AD
:108270005DF8047B704700BFD854002080B584B0FF
:1082800000AF7860FFF7EEFFB8607B68FB60FB68CB
:10829000B3F1FF3F05D00A4B1B781A46FB68134425
:1082A000FB6000BFFFF7DEFF0246BB68D31AFA6827
:1082B0009A42F7D800BF00BF1037BD4680BD00BF4F
:1082C0004000002080B400AF034B1B681B0C184615
:1082D000BD465DF8047B7047002004E080B485B0A3
:1082E00000AF78607B6803F00703FB600B4BDB6833
:1082F000BB60BA684FF6FF031340BB60FB681A020D
:10830000BB681A43064B1343BB60044ABB68D36087
:1083100000BF1437BD465DF8047B704700ED00E0F8
:108320000000FA0580B400AF044BDB681B0A03F0C1
:1083300007031846BD465DF8047B704700ED00E07A
:1083400080B483B000AF0346FB7197F90730002B70
:108350000BDBFB7903F01F02074997F907305B0934
:10836000012000FA02F241F8232000BF0C37BD467D
:108370005DF8047B704700BF00E100E080B483B08B
:1083800000AF03463960FB7197F90730002B0ADB19
:108390003B68DAB20C4997F907301201D2B20B44AC
:1083A00083F800230AE03B68DAB20849FB7903F05E
:1083B0000F03043B1201D2B20B441A7600BF0C37F4
:1083C000BD465DF8047B704700E100E000ED00E091
:1083D00080B489B000AFF860B9607A60FB6803F0E0
:1083E0000703FB61FB69C3F10703042B28BF0423C8
:1083F000BB61FB690433062B02D9FB69033B00E038
:1084000000237B614FF0FF32BB6902FA03F3DA43CA
:10841000BB681A407B699A404FF0FF317B6901FAD3
:1084200003F3D9437B680B40134318462437BD46FA
:108430005DF8047B704780B582B000AF78607868E3
:10844000FFF74CFF00BF0837BD4680BD80B586B042
:1084500000AF0346B9607A60FB7300237B61FFF7CE
:1084600061FF78617A68B9687869FFF7B1FF024601
:1084700097F90F3011461846FFF780FF00BF1837F5
:10848000BD4680BD80B582B000AF0346FB7197F951
:1084900007301846FFF754FF00BF0837BD4680BDC0
:1084A00080B400AFBFF35F8F00BF074B5B6A064A23
:1084B00023F480335362054B00225A6000BFBD464F
:1084C0005DF8047B704700BF00ED00E090ED00E038
:1084D00080B483B000AF78600B4A7B6843F001033F
:1084E00053600A4B5B6A094A43F480335362BFF31B
:1084F0004F8F00BFBFF36F8F00BF00BF0C37BD466B
:108500005DF8047B704700BF90ED00E000ED00E0F7
:1085100080B483B000AF78607B685A781B4B9A6058
:108520001A4B1B69194A23F001031361174A7B6830
:108530005B68D3607B681B7B1A077B68DB7A1B0652
:108540001A437B689B7ADB041A437B685B7B9B0442
:108550001A437B689B7B5B041A437B68DB7B1B04B1
:108560001A437B685B7A1B021A437B681B7A5B00A9
:1085700013437A6812781146044A0B43136100BF13
:108580000C37BD465DF8047B704700BF90ED00E0FE
:1085900080B584B000AF78607B68002B01D10123E7
:1085A00086E07B68D3F88430002B06D17B682022DC
:1085B000C3F8842078680AF03BFA3F4B5B6C3E4A74
:1085C00043F4804353643C4B5B6C03F48043BB60D7
:1085D000BB683A4B5B68394A23F400035360374B5E
:1085E0005A687B689B68354913434B60334B5B6823
:1085F0007B681B6803F580531B687A68126843F038
:10860000010302F580521360FFF72CFEF86011E0C1
:10861000FFF728FE0246FB68D31AB3F5FA7F09D9A3
:108620007B680422C3F888207B68E022C3F884209A
:1086300001233DE07B681B6803F580531B6803F052
:108640000103002BE4D1786800F05CFF786801F04A
:1086500007F8786801F05DF87B685B681A460021CE
:10866000786800F0C5FF7B681B68DA6B7B681B6865
:1086700042F40272DA637B681B68D3F80C117B68E2
:108680001A680F4B0B43C2F80C317B681B68D3F898
:1086900010217B681B6842F40312C3F810217B6829
:1086A0000022C3F888207B681022C3F884200023AE
:1086B00018461037BD4680BD0038024000380140E2
:1086C0006000020080B584B000AF78607B68D3F8AA
:1086D0008430102B5FD17B682022C3F884207B6814
:1086E00001229A657B680422DA66786800F0F6F960
:1086F0007B681B681B68FB600120FFF7BFFD7B6880
:108700001B68FA681A607B681B6803F580539B69D5
:108710007A68126843F4005302F5805293617B68D3
:108720001B6803F580539B697A68126843F0020363
:1087300002F580529361786800F080FD7B681B68C9
:108740001A687B681B6842F008021A607B681B6825
:108750001B68FB600120FFF791FD7B681B68FA68CE
:108760001A607B681B681A687B681B6842F0040209
:108770001A607B681B6803F58053D9697B681A68A7
:10878000074B0B4302F58052D3617B684022C3F84C
:108790008420002300E0012318461037BD4680BD29
:1087A000C1A0010080B586B000AF78607B68D3F8C7
:1087B0008430402B6ED17B682022C3F884207B68F4
:1087C0001B6803F58053D9697B681A68344B0B40EA
:1087D00002F58052D3617B681B6803F580539B6967
:1087E0007A68126823F4005302F5805293617B6823
:1087F0001B6803F580539B697A68126823F00203B3
:1088000002F5805293617B681B681A687B681B685D
:1088100022F004021A607B681B681B683B61012020
:10882000FFF72CFD7B681B683A691A60786800F0D6
:1088300005FD7B681B681A687B681B6822F00802CC
:108840001A607B681B681B683B610120FFF716FDFF
:108850007B681B683A691A6000237B610EE07B68C5
:108860007A69123253F82230FB60FB685B6843F090
:108870000042FB685A607B6901337B617B69032B93
:10888000EDD97B6800229A657B681022C3F88420AA
:10889000002300E0012318461837BD4680BD00BF05
:1088A0003E5FFEFF80B582B000AF786039603B6804
:1088B000002B09D17B68D3F8883043F001027B6834
:1088C000C3F88820012345E07B68D3F88430402B2F
:1088D0003FD13B685A6B7B68DA630122396878685C
:1088E00000F086FF0346002B09D07B68D3F8883060
:1088F00043F002027B68C3F8882001232AE0BFF31B
:108900004F8F00BF7B689B6A5A1C7B689A627B68AA
:108910009B6A032B04D97B689B6A1A1F7B689A6247
:108920007B681B6803F580535B6903F00403002B2D
:108930000DD07B681B6803F580531A4604235361EE
:108940007B681B6803F580531A460023536000239D
:1089500000E0012318460837BD4680BD80B588B0C9
:1089600000AF7860396000237B610023FB743B68B3
:10897000002B09D17B68D3F8883043F001027B6873
:10898000C3F888200123A4E07B68D3F88430402B0F
:1089900001D001239DE07B68DB6DFB617B68FA6998
:1089A000123253F82230BB617B68DB6EC3F10403E3
:1089B000FB6066E0BB691B6803F48073002B07D083
:1089C000BB69DA697B689A67BB699A697B685A6791
:1089D000BB691B6803F40073002B03D17B68DB6F5A
:1089E000002B3CD0BB691B6803F40073002B05D03F
:1089F0007B6800221A667B6800225A66BB691B6886
:108A00001B0CC3F30D03BB60BB691B6803F48073CD
:108A1000002B05D0BB691A687B681A670123FB74B9
:108A2000BB699A68BB691A627B6803F17C007B684A
:108A300003F18001BB691B6A1A46BB689BB20AF04E
:108A4000C3F97B681B6E5A1C7B681A667B685A6E7A
:108A5000BB681A447B685A66BB6900221A62FB69CC
:108A60000133FB61FB69032B02D9FB69043BFB610A
:108A70007B68FA69123253F82230BB617B6901339B
:108A80007B61BB691B68002B06DB7A69FB689A4235
:108A900002D2FB7C002B8DD07B68DA6E7B691A4496
:108AA0007B68DA667B68DB6E002B02D0786800F0AA
:108AB00015F87B68FA69DA65FB7C012B08D17B68C5
:108AC000DA6F3B681A607B680022DA67002300E0F7
:108AD000012318462037BD4680BD000080B588B010
:108AE00000AF78600023BB600123FB747B689B6E42
:108AF000FB617B68FA69123253F822307B617B6834
:108B0000DB6EBB6142E07B691B6A002B12D107F16F
:108B1000080318460AF028F9BB68002B02D100238D
:108B2000FB7407E0BB681A467B691A62BB681A4689
:108B30007B699A60FB7C002B28D07B689B6D002BA7
:108B400006D17B685A69264B13437A69536005E066
:108B50007B685B6943F480427B695A607B691B6870
:108B600043F000427B691A60FB690133FB61FB69DA
:108B7000032B02D9FB69043BFB617B68FA69123263
:108B800053F822307B61BB69013BBB61BB69002BA1
:108B900002D0FB7C002BB6D17B68DB6EBA699A42AF
:108BA0001AD0FB69033303F00303FB60BFF35F8F4D
:108BB00000BF7B681969FA6813469B001344DB0009
:108BC000CA187B681B6803F580539A607B68FA6952
:108BD0009A667B68BA69DA6600BF2037BD4680BDF9
:108BE0000040008080B586B000AF78607B681833A5
:108BF000BB60BB689B6A7B61BB68DB6A3B6101232E
:108C0000FB7347E00123BB737B69013B7B61BA685F
:108C10003B6904339B0013445B68002B0AD13B691A
:108C200001333B613B69032B02D93B69043B3B6148
:108C30000023BB73BB7B002B2CD07B68D9683A69BF
:108C400013469B001344DB000B441B68002B1FDB07
:108C5000BA683B6904339B0013445B6818460AF00A
:108C6000F5F8BA683B6904339B00134400225A604C
:108C70003B6901333B613B69032B02D93B69043BF0
:108C80003B61BB687A699A62BB683A69DA6201E063
:108C90000023FB737B69002B02D0FB7B002BB1D13F
:108CA000002318461837BD4680BD000080B586B049
:108CB00000AF78607B681B689B6B7B617B681B687F
:108CC00003F580535B693B617B681B6803F5805348
:108CD000DB69FB604B4B5B69BB603B6903F04003A6
:108CE000002B0ED0FB6803F04003002B09D07B68FB
:108CF0001B6803F580531A46434B5361786809F0AB
:108D0000A7FB3B6903F00103002B0FD0FB6803F0C6
:108D10000103002B0AD07B681B6803F580531A46B9
:108D20004FF001135361786809F0A2FB3B6903F42B
:108D30000043002B42D0FB6803F40043002B3DD0DE
:108D40007B68D3F8883043F008027B68C3F888203A
:108D50003B6903F40053002B1AD07B681B6803F5B2
:108D600080535A69294B13407A68C2F88C307B686B
:108D70001B6803F58053DB697A68126823F4C033FB
:108D800002F58052D3617B68E022C3F8842012E0B0
:108D90007B681B6803F580535A6948F2806313406F
:108DA0007A68C2F88C307B681B6803F580531A46DA
:108DB00048F280635361786809F06AFB7B6903F0CD
:108DC0000803002B0ED07B681B68DB6A03F060028F
:108DD0007B68C3F89420786800F01AF87B6800225A
:108DE000C3F89420BB6803F40023002B06D0054B86
:108DF0004FF400225A61786800F014F800BF183769
:108E0000BD4680BD003C01404000010000207E00C6
:108E100080B483B000AF786000BF0C37BD465DF80A
:108E2000047B704780B483B000AF786000BF0C371C
:108E3000BD465DF8047B704780B586B000AFF86032
:108E4000B9607A603B60FB681B681B697B617B696A
:108E500003F01C037B61BB68DB029BB27A6913439E
:108E60007B617B689B0103F4F8637A6913437B6140
:108E70007B6923F002037B617B6943F001037B6123
:108E8000FB681B687A691A61FFF7ECF938610DE03D
:108E9000FFF7E8F902463B69D31AB3F5803F01D3E7
:108EA000012310E0FB681B681B697B617B6903F091
:108EB0000103002BECD1FB681B685B699BB21A466F
:108EC0003B681A60002318461837BD4680BD80B540
:108ED00086B000AFF860B9607A603B60FB681B68E1
:108EE0001B697B617B6903F01C037B61BB68DB0250
:108EF0009BB27A6913437B617B689B0103F4F8633F
:108F00007A6913437B617B6943F002037B617B6970
:108F100043F001037B613B689AB2FB681B685A61AE
:108F2000FB681B687A691A61FFF79CF938610DE0EC
:108F3000FFF798F902463B69D31AB3F5803F01D396
:108F4000012309E0FB681B681B697B617B6903F0F7
:108F50000103002BECD1002318461837BD4680BD15
:108F600080B483B000AF786039603B68002B01D1DA
:108F70000123E6E07B681B681B6803F01003002BED
:108F800014BF01230023DBB21A463B6883F8282074
:108F90007B681B681B6803F060023B685A627B6851
:108FA0001B681B6803F40073002B0CBF0123002314
:108FB000DBB21A463B6883F820207B681B681B687D
:108FC00003F48033002B14BF01230023DBB21A46C5
:108FD0003B68DA777B681B681B6803F40053002B3F
:108FE0000CBF01230023DBB21A463B689A777B68EB
:108FF0001B681B6803F48053002B14BF012300235C
:10900000DBB21A463B681A777B681B681B6803F45F
:1090100000623B689A617B681B681B6803F48042AE
:109020003B685A617B681B681B6803F48003002B54
:109030000CBF01230023DBB21A463B685A747B68DD
:109040001B681B6803F40003002B0CBF01230023E3
:10905000DBB21A463B681A747B681B681B6803F016
:109060008003002B14BF01230023DBB21A463B68A8
:10907000DA737B681B681B6803F460223B689A60A4
:109080007B681B681B6803F48063002B14BF0123FB
:109090000023DBB21A463B681A717B681B681B68A9
:1090A00003F00073002B14BF01230023DBB21A4628
:1090B0003B689A737B681B689B6903F00203002B73
:1090C00014BF01230023DBB21A463B6883F8542007
:1090D0007B681B689B6903F08003002B0CBF012396
:1090E0000023DBB21A463B6883F84C207B681B6880
:1090F0009B6903F030023B681A657B681B689B69BB
:109100001B0C9AB23B689A647B681B689B6903F0EE
:109110000403002B14BF01230023DBB21A463B6873
:1091200083F856207B681B689B6903F00803002BBB
:1091300014BF01230023DBB21A463B6883F8552095
:10914000002318460C37BD465DF8047B704780B598
:1091500082B000AF786039603B68002B01D10123F9
:109160000BE07B68D3F88430102B05D13968786820
:1091700000F08AF8002300E0012318460837BD46B6
:1091800080BD000080B584B000AF78607B681B684C
:109190001B69FB60FB6823F01C03FB6001F0ACFD66
:1091A000B860BB68144A934204D8FB6843F00803D4
:1091B000FB6019E0BB68114A934204D2FB6843F09C
:1091C0000C03FB6010E0BB680D4A93420CD9BB68EE
:1091D0000C4A934204D8FB6843F00403FB6003E0AD
:1091E000FB6843F01003FB607B681B68FA681A6138
:1091F00000BF1037BD4680BDBF0E16020087930327
:10920000FFE0F5057FD1F00880B483B000AF78604F
:109210007B68D3F8883018460C37BD465DF8047B70
:10922000704780B483B000AF78607B68D3F88C302F
:1092300018460C37BD465DF8047B704780B584B096
:1092400000AF78600023FB607B681B6803F58053E8
:109250009B697A68126843F4801302F58052936127
:109260007B681B6803F580539B69FB600120FFF757
:1092700005F87B681A68FB6802F58052936100BFAD
:109280001037BD4680BD000080B584B000AF786067
:1092900039607B681B681B68FB60FA68534B13409E
:1092A000FB603B689B7B5B063A68127C002A02D11C
:1092B0004FF4000200E0002213433A68527C002A77
:1092C00002D14FF4800200E000221A433B689B6801
:1092D0001A433B68DB7F1B041A433B685B691343FB
:1092E0003A68927F002A02D14FF4005200E0002237
:1092F0001A433B681B7F1B031A433B689B691A4355
:109300003B681B799B0213433A6892F82020002A9D
:1093100002D14FF4007200E000221A433B68DB7B6D
:10932000DB011A433B685B6A1A433B6893F82830B9
:109330001B011343FA681343FB607B681B68FA68E0
:109340001A607B681B681B68FB600120FEF796FFB4
:109350007B681B68FA681A607B681B689B69FB6006
:10936000FA684FF641731340FB603B689B6C1B042B
:109370003A6892F84C20002A01D1802200E00022B5
:109380001A433B681B6D13433A6892F85520012A33
:1093900001D1082200E0002213433A6892F85620D7
:1093A000012A01D1042200E0002213433A6892F816
:1093B0005420012A01D1022200E000221343FA685E
:1093C0001343FB607B681B68FA689A617B681B68C3
:1093D0009B69FB600120FEF751FF7B681B68FA6800
:1093E0009A6100BF1037BD4680BD00BF0F8120FDD0
:1093F00080B584B000AF786039607B681B6803F586
:1094000080539B69FB60FA683D4B1340FB603B68EF
:109410001B7B002B02D14FF0806200E000223B68F2
:109420005B7B5B0613433A68527F002A02D14FF4FC
:10943000801200E000221A433B689B7B5B051A43C5
:109440003B685B691A433B681B7FDB011A433B683F
:109450009B7F9B011A433B681B6A1A433B6893F846
:1094600024309B001343FA681343FB607B681B683E
:1094700003F580531A46FB6893617B681B6803F50C
:1094800080539B69FB600120FEF7F8FE7B681B6838
:1094900003F580531A46FB6893613B681B795A06B3
:1094A0003B689B681A433B689B691A433B681B698E
:1094B0001A433B6893F82530DB011A433B689B6AEB
:1094C0009B001A433B681B6813437A68126843F495
:1094D000000302F5805213607B681B6803F580531C
:1094E0001B68FB600120FEF7C9FE7B681B6803F563
:1094F00080531A46FB68136000BF1037BD4680BD1D
:10950000233FDEF880B5A6B000AF7860012387F86E
:109510004430012387F845300023FB63002387F89C
:109520005330012387F85230002387F8503001234D
:1095300087F84230012387F83830002387F8543009
:10954000002387F843300023BB65002387F85C3095
:109550000023FB67002387F880300023C7F884309E
:10956000002387F88A30002387F888304FF480433F
:10957000BB644FF40063FB64002387F8893007F174
:10958000340319467868FFF77FFE01233B750123FA
:109590007B75012387F825300123BB750023FB6110
:1095A000002387F82430002387F826300023BB628D
:1095B000012387F82C3001233B734FF480333B6148
:1095C0004FF480033B624FF40053BB61012387F8E3
:1095D0002D3000233B630023BB6007F108031946CD
:1095E0007868FFF705FF00BF9837BD4680BD0000D3
:1095F00080B487B000AFF860B9607A607B680533EB
:109600001B781B027A680432127813437B61BA68B4
:10961000114B13441A467B6913607B6803331B7834
:109620001A067B6802331B781B041A437B680133DC
:109630001B781B0213437A68127813437B61BA6864
:10964000064B13441A467B69136000BF1C37BD46A6
:109650005DF8047B704700BF4080024044800240B8
:1096600080B485B000AF78600023FB603EE07B688B
:10967000D968FA6813469B001344DB000B44BB60B7
:10968000BB6800221A60BB6800225A60BB680022D7
:109690009A60BB680022DA60B9687B68FA680632B3
:1096A00043F82210BB681B6843F48012BB681A6041
:1096B000FB68022B0CD87B68D968FB685A1C1346E0
:1096C0009B001344DB000B441A46BB68DA6004E0DD
:1096D0007B68DB681A46BB68DA60BB681B6843F4CA
:1096E0004002BB681A60FB680133FB60FB68032B18
:1096F000BDD97B6800229A627B68DA687B681B6848
:1097000003F580531A6100BF1437BD465DF8047B32
:10971000704780B485B000AF78600023FB6048E0FC
:109720007B681969FA6813469B001344DB000B44FD
:10973000BB60BB6800221A60BB6800225A60BB682D
:1097400000229A60BB680022DA60BB6800221A62BD
:10975000BB6800225A62BB684FF000421A607B6807
:109760005B6943F48042BB685A60BB685B6823F066
:109770000042BB685A60B9687B68FA68123243F8E5
:109780002210FB68022B0CD87B681969FB685A1CF5
:1097900013469B001344DB000B441A46BB68DA6097
:1097A00004E07B681B691A46BB68DA60FB6801331A
:1097B000FB60FB68032BB3D97B680022DA657B680A
:1097C00000221A667B6800229A667B680022DA66AD
:1097D0007B6800229A657B681A697B681B6803F5C1
:1097E0008053DA6000BF1437BD465DF8047B7047D4
:1097F00080B491B000AFF860B9607A60FB6818334C
:109800007B627B6A1B69FB637B6A1B693B6200238B
:109810007B637B6AFA6B53F822303B63BB689B68BF
:10982000FB620023BB623B6B1B6803F00043B3F198
:10983000004F07D07A6AFB6B04339B0013445B68CC
:10984000002B01D0022311E17B6B01337B63FB6AA8
:109850001B681A463B6B9A603B6B5A68864B1340F9
:10986000FA6A52681A433B6B5A60BB681B6803F084
:109870000103002B08D03B6B1B6823F44002BB683C
:109880005B691A433B6B1A60BB681B6803F02003DB
:10989000002B08D03B6B1B6823F04062BB681B6940
:1098A0001A433B6B1A60BB681B6803F00403002B70
:1098B00005D03B6B1B6843F080023B6B1A603B6B2F
:1098C0001B6843F080523B6B1A6082E03B6B1B6865
:1098D00023F000523B6B1A607B68002B06D03B6B79
:1098E0001B6843F080423B6B1A6005E03B6B1B68D2
:1098F00023F080423B6B1A60FB6B0133FB63FB6B15
:10990000032B02D9FB6B043BFB637B6AFA6B53F8B6
:1099100022303B633B6B1B6803F00043B3F1004F05
:1099200007D07A6AFB6B04339B0013445B68002BFF
:1099300029D03B6AFB637B6AFA6B53F822303B63A6
:109940000023BB6319E0BFF35F8F00BF3B6B1B6855
:1099500023F000423B6B1A60FB6B0133FB63FB6B34
:10996000032B02D9FB6B043BFB637B6AFA6B53F856
:1099700022303B63BB6B0133BB63BA6B7B6B9A4298
:10998000E1D3022372E03B6B1B6823F080523B6BF8
:109990001A607B6B01337B63FB6A9B68FB62FB6A2B
:1099A0001B681A463B6B9A603B6B5A68324B1340FC
:1099B000FA6A52681A433B6B5A60BB6A0133BB6256
:1099C000BFF35F8F00BF3B6B1B6843F000423B6BF4
:1099D0001A60FB6A9B68002B7FF478AF7B68002BD2
:1099E00006D03B6B1B6843F080423B6B1A6005E07E
:1099F0003B6B1B6823F080423B6B1A603B6B1B6820
:109A000043F000523B6B1A607B6A3A6A53F822308B
:109A10003B63BFF35F8F00BF3B6B1B6843F00042AB
:109A20003B6B1A607B6A5A6A796AFB6B04339B0052
:109A30000B445A607B6AFA6B1A61EFF310833B6147
:109A40003B69FB6101237B617B6983F3108800BF65
:109A50007B6A9A6ABB6A13445A1C7B6A9A62FB69E6
:109A6000BB61BB6983F3108800BF002318464437ED
:109A7000BD465DF8047B704700E0FFFF80B489B00D
:109A800000AF786039600023FB6100237B61002315
:109A90003B610023BB610023FB6175E10122FB698F
:109AA00002FA03F37B613B681B687A6913403B61F0
:109AB0003A697B699A4240F064813B685B6803F0D5
:109AC0000303012B05D03B685B6803F00303022B03
:109AD00030D17B689B68BB61FB695B00032202FAA3
:109AE00003F3DB43BA691340BB613B68DA68FB6987
:109AF0005B0002FA03F3BA691343BB617B68BA697E
:109B00009A607B685B68BB610122FB6902FA03F320
:109B1000DB43BA691340BB613B685B681B0903F018
:109B20000102FB6902FA03F3BA691343BB617B6864
:109B3000BA695A603B685B6803F00303032B17D0D4
:109B40007B68DB68BB61FB695B00032202FA03F3FD
:109B5000DB43BA691340BB613B689A68FB695B00F1
:109B600002FA03F3BA691343BB617B68BA69DA602E
:109B70003B685B6803F00303022B23D1FB69DA081F
:109B80007B68083253F82230BB61FB6903F007039E
:109B90009B000F2202FA03F3DB43BA691340BB6157
:109BA0003B681A69FB6903F007039B0002FA03F3A1
:109BB000BA691343BB61FB69DA087B680832B9698B
:109BC00043F822107B681B68BB61FB695B000322C2
:109BD00002FA03F3DB43BA691340BB613B685B687D
:109BE00003F00302FB695B0002FA03F3BA69134353
:109BF000BB617B68BA691A603B685B6803F44033F9
:109C0000002B00F0BE80664B5B6C654A43F48043DA
:109C10005364634B5B6C03F48043FB60FB68614AF5
:109C2000FB699B08023352F82330BB61FB6903F0E8
:109C300003039B000F2202FA03F3DB43BA691340CC
:109C4000BB617B68584A934237D07B68574A93423E
:109C500031D07B68564A93422BD07B68554A934259
:109C600025D07B68544A93421FD07B68534A934265
:109C700019D07B68524A934213D07B68514A934271
:109C80000DD07B68504A934207D07B684F4A93427D
:109C900001D1092312E00A2310E008230EE0072374
:109CA0000CE006230AE0052308E0042306E0032372
:109CB00004E0022302E0012300E00023FA6902F03D
:109CC000030292009340BA691343BB613549FB69B3
:109CD0009B080233BA6941F823203D4B9B68BB6166
:109CE0003B69DB43BA691340BB613B685B6803F4C3
:109CF0008013002B03D0BA693B691343BB61344A1C
:109D0000BB699360324BDB68BB613B69DB43BA697B
:109D10001340BB613B685B6803F40013002B03D066
:109D2000BA693B691343BB61294ABB69D360284BBD
:109D30005B68BB613B69DB43BA691340BB613B684D
:109D40005B6803F40033002B03D0BA693B6913430B
:109D5000BB611F4ABB6953601D4B1B68BB613B69FC
:109D6000DB43BA691340BB613B685B6803F4803333
:109D7000002B03D0BA693B691343BB61144ABB692A
:109D80001360FB690133FB61FB690F2B7FF686AE25
:109D900000BF00BF2437BD465DF8047B704700BF9D
:109DA0000038024000380140000002400004024038
:109DB00000080240000C0240001002400014024063
:109DC00000180240001C0240002002400024024013
:109DD000003C014080B487B000AF78603960002358
:109DE0003B610023FB600023BB6000237B61D9E063
:109DF00001227B6902FA03F33B613A683B69134035
:109E0000FB60FA683B699A4240F0C9806B4A7B6903
:109E10009B08023352F82330BB607B6903F00303D5
:109E20009B000F2202FA03F3BA681340BB607B6801
:109E3000634A934237D07B68624A934231D07B6851
:109E4000614A93422BD07B68604A934225D07B685D
:109E50005F4A93421FD07B685E4A934219D07B6869
:109E60005D4A934213D07B685C4A93420DD07B6875
:109E70005B4A934207D07B685A4A934201D1092337
:109E800012E00A2310E008230EE007230CE006236B
:109E90000AE0052308E0042306E0032304E002238C
:109EA00002E0012300E000237A6902F0030292003D
:109EB0009340BA689A4232D14B4B1A68FB68DB4335
:109EC000494913400B60484B5A68FB68DB434649DD
:109ED00013404B60444BDA68FB68DB434249134054
:109EE000CB60414B9A68FB68DB433F4913408B6072
:109EF0007B6903F003039B000F2202FA03F3BB60AC
:109F00002E4A7B699B08023352F82310BB68DA4360
:109F10002A487B699B080A40023340F823207B686B
:109F20001A687B695B00032101FA03F3DB431A40E3
:109F30007B681A607B69DA087B68083253F8221064
:109F40007B6903F007039B000F2202FA03F3DB4354
:109F50007A69D20819407B68083243F822107B687E
:109F6000DA687B695B00032101FA03F3DB431A40E3
:109F70007B68DA607B685A6801217B6901FA03F328
:109F8000DB431A407B685A607B689A687B695B0098
:109F9000032101FA03F3DB431A407B689A607B6973
:109FA00001337B617B690F2B7FF622AF00BF00BFBF
:109FB0001C37BD465DF8047B704700BF0038014088
:109FC000000002400004024000080240000C024071
:109FD000001002400014024000180240001C024021
:109FE0000020024000240240003C014080B485B0C3
:109FF00000AF78600B467B807B681A697B881340D2
:10A00000002B02D00123FB7301E00023FB73FB7BD9
:10A0100018461437BD465DF8047B704780B483B0A2
:10A0200000AF78600B467B8013467B707B78002BFB
:10A0300003D07A887B689A6103E07B881A047B6886
:10A040009A6100BF0C37BD465DF8047B704780B451
:10A0500085B000AF78600B467B807B685B69FB60F6
:10A060007A88FB6813401A04FB68D9437B880B404D
:10A070001A437B689A6100BF1437BD465DF8047BC4
:10A08000704780B586B002AF78607B68002B01D145
:10A09000012308E17B681B68BB607B6893F89534FB
:10A0A000DBB2002B06D17B68002283F89424786809
:10A0B000FDF70EFF7B68032283F89524BB68B3F19C
:10A0C000A04F02D17B6800229A717B681B681846FA
:10A0D00003F0E4F97B6818687B681A7C8DF800202F
:10A0E00004330ECB03F080F90346002B05D07B68C8
:10A0F000022283F895240123D5E07B681B680021A8
:10A10000184603F0DCF90346002B05D07B680222D9
:10A1100083F895240123C6E00023FB734AE0FA7B11
:10A1200079681346DB0013449B000B44153301226E
:10A130001A70FA7B79681346DB0013449B000B44CA
:10A140001433FA7B1A70FA7BFB7B98B2796813465A
:10A15000DB0013449B000B442E3302461A80FA7B2B
:10A1600079681346DB0013449B000B44183300222C
:10A170001A70FA7B79681346DB0013449B000B448A
:10A180001C3300221A60FA7B79681346DB00134403
:10A190009B000B44203300221A60FA7B7968134637
:10A1A000DB0013449B000B44243300221A60FB7B2A
:10A1B0000133FB737B681B79FA7B9A42AFD3002390
:10A1C000FB7344E0FA7B79681346DB0013449B0081
:10A1D0000B4403F2552300221A70FA7B7968134668
:10A1E000DB0013449B000B4403F51573FA7B1A70D4
:10A1F000FA7B79681346DB0013449B000B4403F59C
:10A20000167300221A70FA7B79681346DB00134438
:10A210009B000B4403F5177300221A60FA7B7968E0
:10A220001346DB0013449B000B4403F51873002214
:10A230001A60FA7B79681346DB0013449B000B44D9
:10A2400003F5197300221A60FB7B0133FB737B68F3
:10A250001B79FA7B9A42B5D37B6818687B681A7CB5
:10A260008DF8002004330ECB03F076F90346002B63
:10A2700005D07B68022283F89524012313E07B68D4
:10A2800000225A747B68012283F895247B681B7B2B
:10A29000012B02D1786800F00BF87B681B68184628
:10A2A00003F031FB002318461037BD4680BD000087
:10A2B00080B485B000AF78607B681B68FB607B680A
:10A2C0000122C3F8D8247B68002283F8CC24FB68E1
:10A2D0009B6943F00062FB689A61FB685A6D054B0D
:10A2E0001343FA685365002318461437BD465DF8DA
:10A2F000047B70470300001080B400AF054B1B685F
:10A30000044A43F48073136000BFBD465DF8047BCC
:10A31000704700BF0070004080B582B000AF0023DE
:10A320007B60234B1B6C224A43F080531364204B09
:10A330001B6C03F080533B603B681E4B1B681D4A3F
:10A3400043F480331360FDF78DFF786009E0FDF77B
:10A3500089FF02467B68D31AB3F57A7F01D90323BC
:10A3600022E0144B5B6803F48033B3F5803FEED1F9
:10A37000104B1B680F4A43F400331360FDF772FF64
:10A38000786009E0FDF76EFF02467B68D31AB3F5EB
:10A390007A7F01D9032307E0064B5B6803F400339F
:10A3A000B3F5003FEED1002318460837BD4680BD07
:10A3B000003802400070004080B586B000AF786081
:10A3C0000023FB757B68002B01D101239BE27B6896
:10A3D0001B6803F00103002B00F08780964B9B68FD
:10A3E00003F00C03042B0CD0934B9B6803F00C037D
:10A3F000082B12D1904B5B6803F48003B3F5800FF8
:10A400000BD18D4B1B6803F40033002B6CD07B68A1
:10A410005B68002B68D1012375E27B685B68B3F54C
:10A42000803F06D1844B1B68834A43F4803313601A
:10A430002EE07B685B68002B0CD17F4B1B687E4A4B
:10A4400023F4803313607C4B1B687B4A23F4802306
:10A4500013601DE07B685B68B3F5A02F0CD1764BD1
:10A460001B68754A43F480231360734B1B68724A60
:10A4700043F4803313600BE06F4B1B686E4A23F488
:10A48000803313606C4B1B686B4A23F4802313608A
:10A490007B685B68002B13D0FDF7E4FE386108E0B1
:10A4A000FDF7E0FE02463B69D31A642B01D9032372
:10A4B00029E2614B1B6803F40033002BF0D014E059
:10A4C000FDF7D0FE386108E0FDF7CCFE02463B699F
:10A4D000D31A642B01D9032315E2574B1B6803F4ED
:10A4E0000033002BF0D100E000BF7B681B6803F055
:10A4F0000203002B69D0504B9B6803F00C03002B28
:10A500000BD04D4B9B6803F00C03082B1CD14A4B1E
:10A510005B6803F48003002B16D1474B1B6803F0E4
:10A520000203002B05D07B68DB68012B01D00123DF
:10A53000E9E1414B1B6823F0F8027B681B69DB00F3
:10A540003D4913430B6040E07B68DB68002B23D060
:10A55000394B1B68384A43F001031360FDF782FE54
:10A56000386108E0FDF77EFE02463B69D31A022BF4
:10A5700001D90323C7E1304B1B6803F00203002B12
:10A58000F0D02D4B1B6823F0F8027B681B69DB00C1
:10A59000294913430B6018E0274B1B68264A23F018
:10A5A00001031360FDF75EFE386108E0FDF75AFE17
:10A5B00002463B69D31A022B01D90323A3E11E4BA8
:10A5C0001B6803F00203002BF0D17B681B6803F0CB
:10A5D0000803002B38D07B685B69002B19D0164B21
:10A5E0005B6F154A43F001035367FDF73BFE38618B
:10A5F00008E0FDF737FE02463B69D31A022B01D96A
:10A60000032380E10C4B5B6F03F00203002BF0D0BF
:10A610001AE0094B5B6F084A23F001035367FDF70B
:10A6200021FE38610AE0FDF71DFE02463B69D31AA0
:10A63000022B03D9032366E100380240924B5B6F83
:10A6400003F00203002BEED17B681B6803F00403C8
:10A65000002B00F0A4808C4B1B6C03F08053002B6C
:10A660000DD1894B1B6C884A43F080531364864B91
:10A670001B6C03F08053BB60BB680123FB75834BED
:10A680001B6803F48073002B18D1804B1B687F4A32
:10A6900043F480731360FDF7E5FD386108E0FDF7D2
:10A6A000E1FD02463B69D31A642B01D903232AE159
:10A6B000764B1B6803F48073002BF0D07B689B689B
:10A6C000012B06D1704B1B6F6F4A43F001031367D8
:10A6D0002DE07B689B68002B0CD16B4B1B6F6A4A8B
:10A6E00023F001031367684B1B6F674A23F00403D1
:10A6F00013671CE07B689B68052B0CD1624B1B6FBA
:10A70000614A43F0040313675F4B1B6F5E4A43F0DB
:10A71000010313670BE05C4B1B6F5B4A23F00103E3
:10A720001367594B1B6F584A23F0040313677B6868
:10A730009B68002B15D0FDF795FD38610AE0FDF709
:10A7400091FD02463B69D31A41F28832934201D906
:10A750000323D8E04C4B1B6F03F00203002BEED019
:10A7600014E0FDF77FFD38610AE0FDF77BFD02464E
:10A770003B69D31A41F28832934201D90323C2E0E4
:10A78000414B1B6F03F00203002BEED1FB7D012B2D
:10A7900005D13D4B1B6C3C4A23F0805313647B680E
:10A7A0009B69002B00F0AE80374B9B6803F00C03D5
:10A7B000082B6DD07B689B69022B4BD1324B1B68F9
:10A7C000314A23F080731360FDF74CFD386108E0D7
:10A7D000FDF748FD02463B69D31A022B01D903233A
:10A7E00091E0294B1B6803F00073002BF0D17B68CC
:10A7F000DA697B681B6A1A437B685B6A9B011A43B0
:10A800007B689B6A5B08013B1B041A437B68DB6A1D
:10A810001B061A437B681B6B1B071B4913434B60CA
:10A82000194B1B68184A43F080731360FDF71AFD3B
:10A83000386108E0FDF716FD02463B69D31A022B8A
:10A8400001D903235FE0104B1B6803F00073002B5A
:10A85000F0D057E00C4B1B680B4A23F08073136059
:10A86000FDF700FD386108E0FDF7FCFC02463B699E
:10A87000D31A022B01D9032345E0034B1B6803F0D5
:10A880000073002BF0D13DE0003802400070004022
:10A890001F4B5B68FB607B689B69012B30D0FB68BA
:10A8A00003F480027B68DB699A4229D1FB6803F0DC
:10A8B0003F027B681B6A9A4222D1FA6847F6C0734E
:10A8C00013407A68526A9201934219D1FB6803F4EB
:10A8D00040327B689B6A5B08013B1B049A420FD1A4
:10A8E000FB6803F070627B68DB6A1B069A4207D143
:10A8F000FB6803F0E0427B681B6B1B079A4201D0A8
:10A90000012300E0002318461837BD4680BD00BF74
:10A910000038024080B584B000AF78603960002311
:10A92000FB607B68002B01D10123D0E06A4B1B68E0
:10A9300003F00F033A689A4210D9674B1B6823F063
:10A940000F0265493B6813430B60634B1B6803F0C0
:10A950000F033A689A4201D00123B8E07B681B6874
:10A9600003F00203002B20D07B681B6803F0040374
:10A97000002B05D0594B9B68584A43F4E053936031
:10A980007B681B6803F00803002B05D0534B9B68C2
:10A99000524A43F460439360504B9B6823F0F002AB
:10A9A0007B689B684D4913438B607B681B6803F091
:10A9B0000103002B40D07B685B68012B07D1474B1C
:10A9C0001B6803F40033002B15D101237FE07B6863
:10A9D0005B68022B07D1414B1B6803F00073002B0F
:10A9E00009D1012373E03D4B1B6803F00203002BE8
:10A9F00001D101236BE0394B9B6823F003027B6894
:10AA00005B68364913438B60FDF72CFCF8600AE065
:10AA1000FDF728FC0246FB68D31A41F288329342C4
:10AA200001D9032353E02D4B9B6803F00C027B6894
:10AA30005B689B009A42EBD1274B1B6803F00F0326
:10AA40003A689A4210D2244B1B6823F00F02224925
:10AA50003B6813430B60204B1B6803F00F033A68FD
:10AA60009A4201D0012332E07B681B6803F00403A3
:10AA7000002B08D0194B9B6823F4E0527B68DB68FD
:10AA8000164913438B607B681B6803F00803002B97
:10AA900009D0124B9B6823F460427B681B69DB0082
:10AAA0000E4913438B6000F021F802460B4B9B6864
:10AAB0001B0903F00F030A49CB5C22FA03F3094A8E
:10AAC0001360094B1B681846FCF7BAF900231846B7
:10AAD0001037BD4680BD00BF003C02400038024038
:10AAE00024520308380000203C0000202DE9B04F1C
:10AAF00094B000AF00237B640023FB6400233B641D
:10AB00000023BB64794B9B6803F00C03082B0DD02A
:10AB1000082B00F2E180002B02D0042B03D0DBE0F5
:10AB2000734BBB64DBE0734BBB64D8E06F4B5B687B
:10AB300003F03F037B646D4B5B6803F48003002BE1
:10AB400063D06A4B5B689B090022BB63FA63BB6BF3
:10AB5000C3F308033B6300237B63D7E90C4522461C
:10AB60002B464FF000004FF00001590141EAD2613D
:10AB7000500102460B462146511A3961294663EBC2
:10AB800001037B614FF000024FF00003D7E904ABF3
:10AB900059468B01514643EA916351468A01514619
:10ABA000B2EB0108594663EB01094FF000024FF088
:10ABB00000034FEAC90343EA58734FEAC8029046BC
:10ABC0009946234618EB0303BB602B4649EB03036E
:10ABD000FB604FF000024FF00003D7E90245294621
:10ABE0004B02214643EAD15321464A0210461946F8
:10ABF0007B6C0022BB62FA62D7E90A23F5F788FB77
:10AC000002460B461346FB6458E0384B5B689B09D1
:10AC1000002218461146C0F308033B6200237B6202
:10AC2000D7E9088942464B464FF000004FF000013B
:10AC3000590141EAD261500102460B464146B2EB4E
:10AC4000010A494663EB010B4FF000024FF000038D
:10AC50004FEA8B1343EA9A634FEA8A12B2EB0A0473
:10AC600063EB0B054FF000024FF00003EB0043EAEB
:10AC70005473E20014461D464346E3183B604B46BE
:10AC800045EB03037B604FF000024FF00003D7E970
:10AC9000004529468B02214643EA915321468A0208
:10ACA000104619467B6C0022BB61FA61D7E9062386
:10ACB000F5F72EFB02460B461346FB640B4B5B6815
:10ACC0001B0C03F0030301335B003B64FA6C3B6C29
:10ACD000B2FBF3F3BB6402E0054BBB6400BFBB6C8B
:10ACE00018465037BD46BDE8B08F00BF003802405F
:10ACF0000024F40000127A0080B400AF034B1B68FC
:10AD00001846BD465DF8047B704700BF3800002040
:10AD100080B500AFFFF7F0FF0246054B9B689B0A2A
:10AD200003F007030349CB5C22FA03F3184680BD06
:10AD3000003802403452030880B500AFFFF7DCFF53
:10AD40000246054B9B685B0B03F007030349CB5C92
:10AD500022FA03F3184680BD00380240345203083B
:10AD600080B483B000AF786039607B680F221A60CE
:10AD7000124B9B6803F003027B685A600F4B9B6881
:10AD800003F0F0027B689A600C4B9B6803F4E0527E
:10AD90007B68DA60094B9B68DB0803F4E0527B6850
:10ADA0001A61074B1B6803F00F023B681A6000BF73
:10ADB0000C37BD465DF8047B704700BF0038024089
:10ADC000003C024080B588B000AF786000237B6112
:10ADD00000233B610023FB600023FB610023BB6178
:10ADE0007B681B6803F00103002B12D0694B9B6842
:10ADF000684A23F400039360664B9A687B685B6B38
:10AE0000644913438B607B685B6B002B01D101238A
:10AE1000FB617B681B6803F40023002B17D05D4B9C
:10AE2000D3F88C3023F440127B68DB6B5949134311
:10AE3000C1F88C307B68DB6BB3F5801F01D1012337
:10AE4000FB617B68DB6B002B01D10123BB617B685D
:10AE50001B6803F48013002B17D04E4BD3F88C30B3
:10AE600023F440027B681B6C4A491343C1F88C30C1
:10AE70007B681B6CB3F5800F01D10123FB617B68FC
:10AE80001B6C002B01D10123BB617B681B6803F0A5
:10AE90008073002B01D00123FB617B681B6803F0EA
:10AEA0002003002B00F08B803A4B1B6C394A43F097
:10AEB00080531364374B1B6C03F08053BB60BB683B
:10AEC000354B1B68344A43F480731360FDF7CAF9AD
:10AED000786108E0FDF7C6F902467B69D31A642B56
:10AEE00001D903238FE32C4B1B6803F48073002BE1
:10AEF000F0D0284B1B6F03F440733B613B69002B80
:10AF000035D07B681B6B03F440733A699A422ED0AC
:10AF1000204B1B6F23F440733B611E4B1B6F1D4A7C
:10AF200043F4803313671B4B1B6F1A4A23F480339F
:10AF30001367184A3B691367164B1B6F03F0010335
:10AF4000012B14D1FDF78EF978610AE0FDF78AF93B
:10AF500002467B69D31A41F28832934201D9032316
:10AF600051E30C4B1B6F03F00203002BEED07B6808
:10AF70001B6B03F44073B3F5407F11D1054B9B6805
:10AF800023F4F8127B68196B044B0B4001491343FF
:10AF90008B600BE00038024000700040FFFCFF0FA8
:10AFA000AC4B9B68AB4A23F4F8139360A94B1A6F20
:10AFB0007B681B6BC3F30B03A64913430B677B68CA
:10AFC0001B6803F01003002B10D0A24BD3F88C3079
:10AFD000A04A23F08073C2F88C309E4BD3F88C20AB
:10AFE0007B689B6B9B491343C1F88C307B681B6863
:10AFF00003F48043002B0AD0964BD3F8903023F40F
:10B0000040327B685B6E93491343C1F890307B6894
:10B010001B6803F40043002B0AD08E4BD3F890300A
:10B0200023F440227B689B6E8A491343C1F8903019
:10B030007B681B6803F48033002B0AD0854BD3F860
:10B04000903023F440127B68DB6E82491343C1F8D1
:10B0500090307B681B6803F40033002B0AD07D4BD3
:10B06000D3F8903023F440027B681B6F7949134377
:10B07000C1F890307B681B6803F04003002B0AD0B6
:10B08000744BD3F8903023F003027B685B6C7149FA
:10B090001343C1F890307B681B6803F08003002BDA
:10B0A0000AD06C4BD3F8903023F00C027B689B6C79
:10B0B00068491343C1F890307B681B6803F48073C0
:10B0C000002B0AD0634BD3F8903023F030027B681A
:10B0D000DB6C60491343C1F890307B681B6803F454
:10B0E0000073002B0AD05B4BD3F8903023F0C002E2
:10B0F0007B681B6D57491343C1F890307B681B6810
:10B1000003F48063002B0AD0524BD3F8903023F421
:10B1100040727B685B6D4F491343C1F890307B6888
:10B120001B6803F40063002B0AD04A4BD3F890301D
:10B1300023F440627B689B6D46491343C1F890300D
:10B140007B681B6803F48053002B0AD0414BD3F873
:10B15000903023F440527B68DB6D3E491343C1F8C5
:10B1600090307B681B6803F40053002B0AD0394BE6
:10B17000D3F8903023F440427B681B6E354913436B
:10B18000C1F890307B681B6803F48003002B0AD061
:10B19000304BD3F8903023F080627B689B6F2D4951
:10B1A0001343C1F890307B681B6803F40013002B35
:10B1B00011D0284BD3F8903023F000627B68DB6F0E
:10B1C00024491343C1F890307B68DB6FB3F1006F03
:10B1D00001D10123BB617B681B6803F00803002BCE
:10B1E00001D00123BB617B681B6803F48023002B23
:10B1F0000AD0184BD3F8903023F040727B685B6F15
:10B2000014491343C1F890307B681B6803F40003B2
:10B21000002B0BD00F4BD3F8903023F080527B687B
:10B22000D3F880300B491343C1F890307B681B681A
:10B2300003F08063002B0FD0064BD3F8903023F03F
:10B2400000527B68D3F8843002491343C1F8903030
:10B2500002E000BF003802407B681B6803F0006317
:10B26000002B0BD08A4BD3F88C3023F000727B6814
:10B27000D3F8883086491343C1F88C307B681B684B
:10B2800003F08053002B0BD0814BD3F88C3023F08C
:10B2900080627B68D3F88C307D491343C1F88C30D1
:10B2A000FB69012B06D07B681B6803F00073002B41
:10B2B00000F0D680764B1B68754A23F080631360DC
:10B2C000FCF7D0FF786108E0FCF7CCFF02467B6911
:10B2D000D31A642B01D9032395E16D4B1B6803F04E
:10B2E0000063002BF0D17B681B6803F00103002B87
:10B2F00021D07B685B6B002B1DD1654BD3F884306C
:10B300001B0C03F003033B61614BD3F884301B0E2D
:10B3100003F00F03FB607B685B689A013B691B04C9
:10B320001A43FB681B061A437B689B681B07584936
:10B330001343C1F884307B681B6803F40023002B9F
:10B3400004D07B68DB6BB3F5801F0AD07B681B6879
:10B3500003F48013002B2ED07B681B6CB3F5800F99
:10B3600029D14B4BD3F884301B0C03F003033B6112
:10B37000474BD3F884301B0F03F00703FB607B6857
:10B380005B689A013B691B041A437B68DB681B06F8
:10B390001A43FB681B073E491343C1F884303C4BFA
:10B3A000D3F88C3023F01F027B685B6A013B38497D
:10B3B0001343C1F88C307B681B6803F08073002B4B
:10B3C0001DD0334BD3F884301B0E03F00F033B61C9
:10B3D0002F4BD3F884301B0F03F00703FB607B680F
:10B3E0005B689A017B681B691B041A433B691B0657
:10B3F0001A43FB681B0726491343C1F884307B6856
:10B400001B6803F00073002B11D07B685B689A0106
:10B410007B681B691B041A437B68DB681B061A43A5
:10B420007B689B681B071A491343C1F88430184B8B
:10B430001B68174A43F080631360FCF713FF7861C1
:10B4400008E0FCF70FFF02467B69D31A642B01D991
:10B450000323D8E00E4B1B6803F00063002BF0D0F1
:10B46000BB69012B40F0CE80094B1B68084A23F0D2
:10B4700080531360FCF7F6FE78610BE0FCF7F2FEF8
:10B4800002467B69D31A642B04D90323BBE000BFB7
:10B49000003802405E4B1B6803F00053B3F1005FBD
:10B4A000ECD07B681B6803F40023002B03D07B687F
:10B4B000DB6B002B09D07B681B6803F48013002B27
:10B4C0002ED07B681B6C002B2AD1514BD3F88830CF
:10B4D0001B0C03F003033B614D4BD3F888301B0F6B
:10B4E00003F00703FB607B685B699A013B691B04FF
:10B4F0001A437B689B691B061A43FB681B07444978
:10B500001343C1F88830424BD3F88C3023F4F852FF
:10B510007B689B6A013B1B023D491343C1F88C3099
:10B520007B681B6803F40013002B22D07B68DB6F61
:10B53000B3F1006F1DD1364BD3F888301B0E03F0EA
:10B540000F033B61324BD3F888301B0F03F0070326
:10B55000FB607B685B699A017B681B6A1B041A436A
:10B560003B691B061A43FB681B0729491343C1F8B3
:10B5700088307B681B6803F00803002B28D0244B1D
:10B58000D3F888301B0E03F00F033B61204BD3F838
:10B5900088301B0C03F00303FB607B685B699A0136
:10B5A000FB681B041A433B691B061A437B68DB6973
:10B5B0001B0717491343C1F88830154BD3F88C305B
:10B5C00023F440327B68DB6A11491343C1F88C30A5
:10B5D0000F4B1B680E4A43F080531360FCF742FE8A
:10B5E000786108E0FCF73EFE02467B69D31A642BC3
:10B5F00001D9032307E0064B1B6803F00053B3F1A6
:10B60000005FEFD1002318462037BD4680BD00BF44
:10B610000038024080B582B000AF78607B68002BB4
:10B6200001D1012349E07B6893F83D30DBB2002B68
:10B6300006D17B68002283F83C207868FBF746FF40
:10B640007B68022283F83D207B681A687B6804339C
:10B650001946104600F022FC7B68012283F848203E
:10B660007B68012283F83E207B68012283F83F201B
:10B670007B68012283F840207B68012283F8412007
:10B680007B68012283F842207B68012283F84320F3
:10B690007B68012283F844207B68012283F84520DF
:10B6A0007B68012283F846207B68012283F84720CB
:10B6B0007B68012283F83D20002318460837BD46E9
:10B6C00080BD000080B485B000AF78607B6893F8DF
:10B6D0003D30DBB2012B01D001234CE07B6802221C
:10B6E00083F83D207B681B68264A934222D07B6802
:10B6F0001B68B3F1804F1DD07B681B68224A9342C0
:10B7000018D07B681B68214A934213D07B681B6862
:10B710001F4A93420ED07B681B681E4A934209D091
:10B720007B681B681C4A934204D07B681B681B4AD9
:10B73000934215D17B681B689A68194B1340FB60D4
:10B74000FB68062B15D0FB68B3F5803F11D07B68F2
:10B750001B681A687B681B6842F001021A6008E0E7
:10B760007B681B681A687B681B6842F001021A60DC
:10B7700000E000BF002318461437BD465DF8047B87
:10B78000704700BF00000140000400400008004076
:10B79000000C00400004014000400140001800403F
:10B7A0000700010080B485B000AF78607B6893F833
:10B7B0003D30DBB2012B01D0012354E07B68022233
:10B7C00083F83D207B681B68DA687B681B6842F061
:10B7D0000102DA607B681B68264A934222D07B68AC
:10B7E0001B68B3F1804F1DD07B681B68224A9342CF
:10B7F00018D07B681B68214A934213D07B681B6872
:10B800001F4A93420ED07B681B681E4A934209D0A0
:10B810007B681B681C4A934204D07B681B681B4AE8
:10B82000934215D17B681B689A68194B1340FB60E3
:10B83000FB68062B15D0FB68B3F5803F11D07B6801
:10B840001B681A687B681B6842F001021A6008E0F6
:10B850007B681B681A687B681B6842F001021A60EB
:10B8600000E000BF002318461437BD465DF8047B96
:10B87000704700BF00000140000400400008004085
:10B88000000C00400004014000400140001800404E
:10B890000700010080B483B000AF78607B681B684C
:10B8A000DA687B681B6822F00102DA607B681B683B
:10B8B0001A6A0F4B1340002B0FD17B681B681A6A62
:10B8C00040F244431340002B07D17B681B681A6881
:10B8D0007B681B6822F001021A607B68012283F8F2
:10B8E0003D20002318460C37BD465DF8047B7047A9
:10B8F0001111110080B582B000AF78607B68002B19
:10B9000001D1012349E07B6893F83D30DBB2002B85
:10B9100006D17B68002283F83C20786800F041F86B
:10B920007B68022283F83D207B681A687B680433B9
:10B930001946104600F0B2FA7B68012283F84820CD
:10B940007B68012283F83E207B68012283F83F2038
:10B950007B68012283F840207B68012283F8412024
:10B960007B68012283F842207B68012283F8432010
:10B970007B68012283F844207B68012283F84520FC
:10B980007B68012283F846207B68012283F84720E8
:10B990007B68012283F83D20002318460837BD4606
:10B9A00080BD80B483B000AF786000BF0C37BD4667
:10B9B0005DF8047B704780B584B000AF78607B6829
:10B9C0001B68DB68FB607B681B681B69BB60BB682E
:10B9D00003F00203002B20D0FB6803F00203002BCE
:10B9E0001BD07B681B686FF002021A617B68012222
:10B9F0001A777B681B689B6903F00303002B03D055
:10BA0000786800F02DFA05E0786800F01FFA786891
:10BA100000F030FA7B6800221A77BB6803F0040359
:10BA2000002B20D0FB6803F00403002B1BD07B68A5
:10BA30001B686FF004021A617B6802221A777B6828
:10BA40001B689B6903F44073002B03D0786800F0F7
:10BA500007FA05E0786800F0F9F9786800F00AFA6A
:10BA60007B6800221A77BB6803F00803002B20D004
:10BA7000FB6803F00803002B1BD07B681B686FF08A
:10BA800008021A617B6804221A777B681B68DB69ED
:10BA900003F00303002B03D0786800F0E1F905E020
:10BAA000786800F0D3F9786800F0E4F97B68002248
:10BAB0001A77BB6803F01003002B20D0FB6803F05B
:10BAC0001003002B1BD07B681B686FF010021A61FB
:10BAD0007B6808221A777B681B68DB6903F4407374
:10BAE000002B03D0786800F0BBF905E0786800F01F
:10BAF000ADF9786800F0BEF97B6800221A77BB6860
:10BB000003F00103002B0CD0FB6803F00103002BB2
:10BB100007D07B681B686FF001021A617868F8F73C
:10BB2000B1FABB6803F08003002B04D1BB6803F4B7
:10BB30000053002B0CD0FB6803F08003002B07D0D0
:10BB40007B681B686FF402521A61786800F0DCFDB4
:10BB5000BB6803F48073002B0CD0FB6803F08003F8
:10BB6000002B07D07B681B686FF480721A617868BD
:10BB700000F0D4FDBB6803F04003002B0CD0FB6841
:10BB800003F04003002B07D07B681B686FF0400276
:10BB90001A61786800F078F9BB6803F02003002B85
:10BBA0000CD0FB6803F02003002B07D07B681B68D8
:10BBB0006FF020021A61786800F09CFD00BF10371A
:10BBC000BD4680BD80B586B000AFF860B9607A60D0
:10BBD0000023FB75FB6893F83C30012B01D1022355
:10BBE00066E0FB68012283F83C207B68142B57D861
:10BBF00001A252F823F000BF4DBC0008A1BC000810
:10BC0000A1BC0008A1BC00085BBC0008A1BC0008E6
:10BC1000A1BC0008A1BC000869BC0008A1BC0008C8
:10BC2000A1BC0008A1BC000877BC0008A1BC0008AA
:10BC3000A1BC0008A1BC000885BC0008A1BC00088C
:10BC4000A1BC0008A1BC000893BC0008FB681B68ED
:10BC5000B968184600F0C8F925E0FB681B68B968A8
:10BC6000184600F033FA1EE0FB681B68B9681846F6
:10BC700000F0A4FA17E0FB681B68B968184600F0EA
:10BC800013FB10E0FB681B68B968184600F064FB02
:10BC900009E0FB681B68B968184600F0AFFB02E0DA
:10BCA0000123FB7500BFFB68002283F83C20FB7D6D
:10BCB00018461837BD4680BD80B584B000AF7860A7
:10BCC00039600023FB737B6893F83C30012B01D172
:10BCD0000223B4E07B68012283F83C207B680222C7
:10BCE00083F83D207B681B689B68BB60BA68564B35
:10BCF0001340BB60BB6823F47F43BB607B681B6859
:10BD0000BA689A603B681B68B3F5005F3ED0B3F534
:10BD1000005F00F28780B3F5805F00F08680B3F5A6
:10BD2000805F7FD8702B1AD0702B7BD8602B50D0BF
:10BD3000602B77D8502B3CD0502B73D8402B58D049
:10BD4000402B6FD8302B64D0302B6BD8202B60D099
:10BD5000202B67D8002B5CD0102B5AD062E07B6878
:10BD600018683B6899683B685A683B68DB6800F074
:10BD700013FC7B681B689B68BB60BB6843F0770360
:10BD8000BB607B681B68BA689A604FE07B68186884
:10BD90003B6899683B685A683B68DB6800F0FCFBCD
:10BDA0007B681B689A687B681B6842F480429A60D3
:10BDB0003CE07B6818683B6859683B68DB681A465A
:10BDC00000F070FB7B681B685021184600F0C9FB2F
:10BDD0002CE07B6818683B6859683B68DB681A464A
:10BDE00000F08FFB7B681B686021184600F0B9FBF0
:10BDF0001CE07B6818683B6859683B68DB681A463A
:10BE000000F050FB7B681B684021184600F0A9FB3E
:10BE10000CE07B681A683B681B681946104600F006
:10BE2000A0FB03E00123FB7300E000BF7B6801225D
:10BE300083F83D207B68002283F83C20FB7B18467A
:10BE40001037BD4680BD00BF88FFFEFF80B483B0C1
:10BE500000AF786000BF0C37BD465DF8047B7047CB
:10BE600080B483B000AF786000BF0C37BD465DF88A
:10BE7000047B704780B483B000AF786000BF0C379C
:10BE8000BD465DF8047B704780B483B000AF786036
:10BE900000BF0C37BD465DF8047B704780B485B0A9
:10BEA00000AF786039607B681B68FB607B68434A41
:10BEB000934213D07B68B3F1804F0FD07B68404A28
:10BEC00093420BD07B683F4A934207D07B683E4A3F
:10BED000934203D07B683D4A934208D1FB6823F02C
:10BEE0007003FB603B685B68FA681343FB607B6828
:10BEF000324A93422BD07B68B3F1804F27D07B68C6
:10BF00002F4A934223D07B682E4A93421FD07B68EE
:10BF10002D4A93421BD07B682C4A934217D07B68F2
:10BF20002B4A934213D07B682A4A93420FD07B68F6
:10BF3000294A93420BD07B68284A934207D07B68FA
:10BF4000274A934203D07B68264A934208D1FB6874
:10BF500023F44073FB603B68DB68FA681343FB60C3
:10BF6000FB6823F080023B685B691343FB603B681E
:10BF70009A687B68DA623B681A687B689A627B68B9
:10BF80000E4A934203D07B68104A934203D13B6828
:10BF90001A697B681A637B681B6843F004027B683C
:10BFA0001A607B6801225A617B68FA681A6000BFD8
:10BFB0001437BD465DF8047B704700BF00000140A8
:10BFC0000004004000080040000C00400004014054
:10BFD000004001400044014000480140001800407A
:10BFE000001C00400020004080B487B000AF7860A3
:10BFF00039607B681B6A7B617B681B6A23F00102E6
:10C000007B681A627B685B683B617B689B69FB604D
:10C01000FA682B4B1340FB60FB6823F00303FB60C3
:10C020003B681B68FA681343FB607B6923F00203DB
:10C030007B613B689B687A6913437B617B68214A1B
:10C04000934203D07B68204A93420CD17B6923F052
:10C0500008037B613B68DB687A6913437B617B691A
:10C0600023F004037B617B68164A934203D07B680C
:10C07000154A934211D13B6923F480733B613B69BC
:10C0800023F400733B613B685B693A6913433B618E
:10C090003B689B693A6913433B617B683A695A6024
:10C0A0007B68FA689A613B685A687B685A637B6868
:10C0B0007A691A6200BF1C37BD465DF8047B704781
:10C0C0008FFFFEFF000001400004014080B487B0F4
:10C0D00000AF786039607B681B6A7B617B681B6A94
:10C0E00023F010027B681A627B685B683B617B68A7
:10C0F0009B69FB60FA682E4B1340FB60FB6823F4DE
:10C100004073FB603B681B681B02FA681343FB60CB
:10C110007B6923F020037B613B689B681B017A6984
:10C1200013437B617B68234A934203D07B68224A96
:10C1300093420DD17B6923F080037B613B68DB6810
:10C140001B017A6913437B617B6923F040037B61A8
:10C150007B68184A934203D07B68174A934213D1F5
:10C160003B6923F480633B613B6923F400633B61DB
:10C170003B685B699B003A6913433B613B689B6981
:10C180009B003A6913433B617B683A695A607B685C
:10C19000FA689A613B685A687B689A637B687A6937
:10C1A0001A6200BF1C37BD465DF8047B704700BFB4
:10C1B000FF8FFFFE000001400004014080B487B003
:10C1C00000AF786039607B681B6A7B617B681B6AA3
:10C1D00023F480727B681A627B685B683B617B68D2
:10C1E000DB69FB60FA682D4B1340FB60FB6823F0B2
:10C1F0000303FB603B681B68FA681343FB607B69C1
:10C2000023F400737B613B689B681B027A691343CC
:10C210007B617B68224A934203D07B68214A934228
:10C220000DD17B6923F400637B613B68DB681B02F3
:10C230007A6913437B617B6923F480637B617B684C
:10C24000174A934203D07B68164A934213D13B6945
:10C2500023F480533B613B6923F400533B613B680B
:10C260005B691B013A6913433B613B689B691B0196
:10C270003A6913433B617B683A695A607B68FA68A4
:10C28000DA613B685A687B68DA637B687A691A62AC
:10C2900000BF1C37BD465DF8047B70478FFFFEFF73
:10C2A000000001400004014080B487B000AF786016
:10C2B00039607B681B6A3B617B681B6A23F4805290
:10C2C0007B681A627B685B687B617B68DB69FB600B
:10C2D000FA681E4B1340FB60FB6823F44073FB605D
:10C2E0003B681B681B02FA681343FB603B6923F43D
:10C2F00000533B613B689B681B033A6913433B61F6
:10C300007B68134A934203D07B68124A934209D157
:10C310007B6923F480437B613B685B699B017A699D
:10C3200013437B617B687A695A607B68FA68DA61DB
:10C330003B685A687B681A647B683A691A6200BF76
:10C340001C37BD465DF8047B704700BFFF8FFFFEC2
:10C35000000001400004014080B487B000AF786065
:10C3600039607B681B6A3B617B681B6A23F48032FF
:10C370007B681A627B685B687B617B685B6DFB60D6
:10C38000FA681B4B1340FB603B681B68FA68134359
:10C39000FB603B6923F400333B613B689B681B04F3
:10C3A0003A6913433B617B68124A934203D07B682E
:10C3B000114A934209D17B6923F480337B613B6846
:10C3C0005B691B027A6913437B617B687A695A60F7
:10C3D0007B68FA685A653B685A687B689A657B682F
:10C3E0003A691A6200BF1C37BD465DF8047B70478E
:10C3F0008FFFFEFF000001400004014080B487B0C1
:10C4000000AF786039607B681B6A3B617B681B6AA0
:10C4100023F480127B681A627B685B687B617B68AF
:10C420005B6DFB60FA681C4B1340FB603B681B684C
:10C430001B02FA681343FB603B6923F400133B6162
:10C440003B689B681B053A6913433B617B68134A51
:10C45000934203D07B68124A934209D17B6923F44B
:10C4600080237B613B685B699B027A6913437B6134
:10C470007B687A695A607B68FA685A653B685A68D3
:10C480007B68DA657B683A691A6200BF1C37BD4673
:10C490005DF8047B704700BFFF8FFFFE0000014086
:10C4A0000004014080B487B000AFF860B9607A60E2
:10C4B000FB681B6A7B61FB681B6A23F00102FB6857
:10C4C0001A62FB689B693B613B6923F0F0033B61A7
:10C4D0007B681B013A6913433B617B6923F00A03C4
:10C4E0007B617A69BB6813437B61FB683A699A6137
:10C4F000FB687A691A6200BF1C37BD465DF8047B91
:10C50000704780B487B000AFF860B9607A60FB68AC
:10C510001B6A7B61FB681B6A23F01002FB681A62CE
:10C52000FB689B693B613B6923F470433B617B681B
:10C530001B033A6913433B617B6923F0A0037B61D2
:10C54000BB681B017A6913437B61FB683A699A6196
:10C55000FB687A691A6200BF1C37BD465DF8047B30
:10C56000704780B485B000AF786039607B689B68A5
:10C57000FB60FB6823F07003FB603A68FB681343C1
:10C5800043F00703FB607B68FA689A6000BF1437CA
:10C59000BD465DF8047B704780B487B000AFF8609B
:10C5A000B9607A603B60FB689B687B617B6923F4C0
:10C5B0007F437B613B681A027B681A43BB68134365
:10C5C0007A6913437B61FB687A699A6000BF1C3704
:10C5D000BD465DF8047B704780B485B000AF7860DD
:10C5E00039607B6893F83C30012B01D102236DE068
:10C5F0007B68012283F83C207B68022283F83D207F
:10C600007B681B685B68FB607B681B689B68BB6022
:10C610007B681B68304A934204D07B681B682F4AB2
:10C62000934208D1FB6823F47003FB603B685B68AE
:10C63000FA681343FB60FB6823F07003FB603B6800
:10C640001B68FA681343FB607B681B68FA685A60D2
:10C650007B681B68204A934222D07B681B68B3F139
:10C66000804F1DD07B681B681D4A934218D07B68A1
:10C670001B681C4A934213D07B681B681A4A93427A
:10C680000ED07B681B68154A934209D07B681B68F3
:10C69000164A934204D07B681B68154A93420CD11A
:10C6A000BB6823F08003BB603B689B68BA68134398
:10C6B000BB607B681B68BA689A607B68012283F85C
:10C6C0003D207B68002283F83C2000231846143765
:10C6D000BD465DF8047B7047000001400004014046
:10C6E0000004004000080040000C004000400140F1
:10C6F0000018004080B483B000AF786000BF0C37F2
:10C70000BD465DF8047B704780B483B000AF7860AD
:10C7100000BF0C37BD465DF8047B704780B483B022
:10C7200000AF786000BF0C37BD465DF8047B7047F2
:10C7300080B582B000AF78607B68002B01D1012307
:10C7400040E07B68DB6F002B06D17B68002283F81A
:10C7500078207868FBF77AF97B682422DA677B68AF
:10C760001B681A687B681B6822F001021A607B68EC
:10C770005B6A002B02D0786800F01AFC786800F041
:10C78000B3F90346012B01D101231BE07B681B6831
:10C790005A687B681B6822F490425A607B681B6869
:10C7A0009A687B681B6822F02A029A607B681B6883
:10C7B0001A687B681B6842F001021A60786800F012
:10C7C00099FC034618460837BD4680BD80B582B047
:10C7D00000AF78607B68002B01D101232FE07B68DC
:10C7E0002422DA677B681B681A687B681B6822F062
:10C7F00001021A607B681B6800221A607B681B6854
:10C8000000225A607B681B6800229A607868FBF7F8
:10C81000BDFA7B680022C3F884207B680022DA67B7
:10C820007B680022C3F880207B6800221A667B6840
:10C8300000225A667B68002283F87820002318467D
:10C840000837BD4680BD80B58AB002AFF860B960D8
:10C850003B601346FB80FB68DB6F202B77D1BB6806
:10C86000002B02D0FB88002B01D1012370E0FB6874
:10C870000022C3F88420FB682122DA67FBF7F2FC70
:10C880007861FB68FA88A3F85020FB68FA88A3F85F
:10C890005220FB689B68B3F5805F08D1FB681B6979
:10C8A000002B04D10023FB61BB68BB6103E0BB68C4
:10C8B000FB610023BB612FE03B6800937B69002292
:10C8C0008021F86800F0BEFC0346002B04D0FB6812
:10C8D0002022DA6703233BE0FB69002B0BD1BB6905
:10C8E0001B881A46FB681B68C2F308029A62BB6980
:10C8F0000233BB6107E0FB691A78FB681B689A6228
:10C90000FB690133FB61FB68B3F852309BB2013B1A
:10C910009AB2FB68A3F85220FB68B3F852309BB27E
:10C92000002BC9D13B6800937B6900224021F86845
:10C9300000F088FC0346002B04D0FB682022DA6755
:10C94000032305E0FB682022DA67002300E00223CE
:10C9500018462037BD4680BD80B58AB002AFF8606A
:10C96000B9603B601346FB80FB68D3F88030202B16
:10C9700040F0B580BB68002B02D0FB88002B01D1B2
:10C980000123ADE0FB680022C3F88420FB6822226B
:10C99000C3F88020FB6800221A66FBF763FC78610D
:10C9A000FB68FA88A3F85820FB68FA88A3F85A2095
:10C9B000FB689B68B3F5805F0ED1FB681B69002B99
:10C9C00005D1FB6840F2FF12A3F85C202DE0FB6864
:10C9D000FF22A3F85C2028E0FB689B68002B0DD1A8
:10C9E000FB681B69002B04D1FB68FF22A3F85C20C5
:10C9F0001BE0FB687F22A3F85C2016E0FB689B68C5
:10CA0000B3F1805F0DD1FB681B69002B04D1FB687B
:10CA10007F22A3F85C2008E0FB683F22A3F85C209B
:10CA200003E0FB680022A3F85C20FB68B3F85C30ED
:10CA30007B82FB689B68B3F5805F08D1FB681B694C
:10CA4000002B04D10023FB61BB68BB6103E0BB6822
:10CA5000FB610023BB6136E03B6800937B690022E9
:10CA60002021F86800F0EEFB0346002B05D0FB68A0
:10CA70002022C3F88020032332E0FB69002B0CD175
:10CA8000FB681B685B6A9AB27B8A13409AB2BB69E7
:10CA90001A80BB690233BB610CE0FB681B685B6AF0
:10CAA000DAB27B8ADBB21340DAB2FB691A70FB6937
:10CAB0000133FB61FB68B3F85A309BB2013B9AB279
:10CAC000FB68A3F85A20FB68B3F85A309BB2002BDE
:10CAD000C2D1FB682022C3F88020002300E002239B
:10CAE00018462037BD4680BD80B588B000AF78605D
:10CAF0000023BB777B689A687B681B691A437B6855
:10CB00005B691A437B68DB6913437B617B681B6845
:10CB10001A68A64B13407A68126879690B43136050
:10CB20007B681B685B6823F440517B68DA687B682C
:10CB30001B680A435A607B689B697B617B681B6A40
:10CB40007A6913437B617B681B689B6823F43061BF
:10CB50007B681B687A690A439A607B681B68944A01
:10CB6000934220D1934BD3F8903003F00303032B6F
:10CB700016D801A252F823F089CB000895CB000803
:10CB80008FCB00089BCB00080123FB7750E10223E9
:10CB9000FB774DE10423FB774AE10823FB7747E16C
:10CBA0001023FB7744E17B681B68834A934232D1B0
:10CBB000804BD3F8903003F00C030C2B28D801A243
:10CBC00052F823F0F9CB000811CC000811CC000872
:10CBD00011CC000805CC000811CC000811CC0008CD
:10CBE00011CC0008FFCB000811CC000811CC0008C4
:10CBF00011CC00080BCC00080023FB7718E10223BE
:10CC0000FB7715E10423FB7712E10823FB770FE1A3
:10CC10001023FB770CE17B681B68684A934220D1A4
:10CC2000644BD3F8903003F03003302B13D0302B0B
:10CC300014D8202B09D0202B10D8002B02D0102B79
:10CC400006D00BE00023FB77F2E00223FB77EFE056
:10CC50000423FB77ECE00823FB77E9E01023FB7764
:10CC6000E6E07B681B68564A934220D1514BD3F8CB
:10CC7000903003F0C003C02B13D0C02B14D8802BEE
:10CC800009D0802B10D8002B02D0402B06D00BE00F
:10CC90000023FB77CCE00223FB77C9E00423FB777A
:10CCA000C6E00823FB77C3E01023FB77C0E07B6876
:10CCB0001B68444A934225D13E4BD3F8903003F48D
:10CCC0004073B3F5407F17D0B3F5407F17D8B3F565
:10CCD000007F0BD0B3F5007F11D8002B03D0B3F544
:10CCE000807F06D00BE00023FB77A1E00223FB77D7
:10CCF0009EE00423FB779BE00823FB7798E010235A
:10CD0000FB7795E07B681B682F4A934225D1294B1E
:10CD1000D3F8903003F44063B3F5406F17D0B3F508
:10CD2000406F17D8B3F5006F0BD0B3F5006F11D873
:10CD3000002B03D0B3F5806F06D00BE00123FB7707
:10CD400076E00223FB7773E00423FB7770E008238F
:10CD5000FB776DE01023FB776AE07B681B681B4A5A
:10CD6000934238D1134BD3F8903003F44053B3F5CA
:10CD7000405F17D0B3F5405F2AD8B3F5005F0BD002
:10CD8000B3F5005F24D8002B03D0B3F5805F06D045
:10CD90001EE00023FB774BE00223FB7748E00423EF
:10CDA000FB7745E00823FB7742E000BFF369FFEF24
:10CDB000001001400038024000440040004800409C
:10CDC000004C00400050004000140140007800403A
:10CDD0001023FB772CE07B681B68724A934225D1B5
:10CDE000714BD3F8903003F44043B3F5404F17D064
:10CDF000B3F5404F17D8B3F5004F0BD0B3F5004F44
:10CE000011D8002B03D0B3F5804F06D00BE00023E0
:10CE1000FB770DE00223FB770AE00423FB7707E0B2
:10CE20000823FB7704E01023FB7701E01023FB7756
:10CE30007B68DB69B3F5004F5BD1FB7F082B28D8FB
:10CE400001A252F823F000BF6DCE000875CE000895
:10CE50007DCE000893CE000883CE000893CE000854
:10CE600093CE000893CE00088BCE0008FDF750FF4C
:10CE7000B86113E0FDF760FFB8610FE04B4BBB6199
:10CE80000CE0FDF733FEB86108E04FF40043BB61EE
:10CE900004E00023BB610123BB7700BFBB69002B0B
:10CEA00074D0BB695A007B685B685B081A447B6876
:10CEB0005B68B2FBF3F33B613B690F2B16D93B690F
:10CEC000B3F5803F12D23B699BB223F00F03FB8185
:10CED0003B695B089BB203F007039AB2FB891343DB
:10CEE000FB817B681B68FA89DA604FE00123BB771E
:10CEF0004CE0FB7F082B28D801A252F823F000BF9A
:10CF000025CF00082DCF000835CF00084BCF0008F3
:10CF10003BCF00084BCF00084BCF00084BCF000899
:10CF200043CF0008FDF7F4FEB86113E0FDF704FFFE
:10CF3000B8610FE01D4BBB610CE0FDF7D7FDB86198
:10CF400008E04FF40043BB6104E00023BB61012310
:10CF5000BB7700BFBB69002B18D07B685B685A08A1
:10CF6000BB691A447B685B68B2FBF3F33B613B69C6
:10CF70000F2B09D93B69B3F5803F05D23B699AB2C3
:10CF80007B681B68DA6001E00123BB777B680022C5
:10CF90009A667B680022DA66BB7F18462037BD465A
:10CFA00080BD00BF007C0040003802400024F40037
:10CFB00080B483B000AF78607B685B6A03F00803DD
:10CFC000002B0AD07B681B685B6823F400417B68F8
:10CFD0005A6B7B681B680A435A607B685B6A03F084
:10CFE0000103002B0AD07B681B685B6823F40031C7
:10CFF0007B689A6A7B681B680A435A607B685B6A35
:10D0000003F00203002B0AD07B681B685B6823F4E3
:10D0100080317B68DA6A7B681B680A435A607B68E8
:10D020005B6A03F00403002B0AD07B681B685B6813
:10D0300023F480217B681A6B7B681B680A435A6063
:10D040007B685B6A03F01003002B0AD07B681B68C7
:10D050009B6823F480517B689A6B7B681B680A434A
:10D060009A607B685B6A03F02003002B0AD07B6820
:10D070001B689B6823F400517B68DA6B7B681B6834
:10D080000A439A607B685B6A03F04003002B1AD066
:10D090007B681B685B6823F480117B681A6C7B6873
:10D0A0001B680A435A607B681B6CB3F5801F0AD16A
:10D0B0007B681B685B6823F4C0017B685A6C7B68E3
:10D0C0001B680A435A607B685B6A03F08003002B8D
:10D0D0000AD07B681B685B6823F400217B689A6C2C
:10D0E0007B681B680A435A6000BF0C37BD465DF879
:10D0F000047B704780B598B002AF78607B680022EF
:10D10000C3F88420FBF7AEF878657B681B681B6862
:10D1100003F00803082B2ED16FF07E4300937B6D44
:10D1200000224FF40011786800F08CF80346002BC1
:10D1300021D07B681B68BB63BB6B53E8003F7B63FC
:10D140007B6B23F080033B657B681B681A463B6D55
:10D150007B643A64396C7A6C41E80023FB63FB6BB7
:10D16000002BE6D17B682022DA677B68002283F8F7
:10D170007820032362E07B681B681B6803F00403CC
:10D18000042B49D16FF07E4300937B6D00224FF456
:10D190008001786800F056F80346002B3CD07B688D
:10D1A0001B687B627B6A53E8003F3B623B6A23F467
:10D1B0009073FB647B681B681A46FB6C3B63FA62E6
:10D1C000F96A3A6B41E80023BB62BB6A002BE6D1E7
:10D1D0007B681B6808333B613B6953E8003FFB6099
:10D1E000FB6823F00103BB647B681B680833BA6CDF
:10D1F000FA61BB61B969FA6941E800237B617B6927
:10D20000002BE5D17B682022C3F880207B680022B8
:10D2100083F87820032311E07B682022DA677B689B
:10D220002022C3F880207B6800221A667B680022D7
:10D230005A667B68002283F8782000231846583706
:10D24000BD4680BD80B584B000AFF860B9603B607A
:10D250001346FB714FE0BB69B3F1FF3F4BD0FBF7C7
:10D2600001F802463B68D31ABA699A4202D3BB69F5
:10D27000002B01D103234EE0FB681B681B6803F001
:10D280000403002B37D0BB68802B34D0BB68402B05
:10D2900031D0FB681B68DB6903F00803082B10D151
:10D2A000FB681B6808221A62F86800F038F8FB680F
:10D2B0000822C3F88420FB68002283F87820012329
:10D2C00029E0FB681B68DB6903F40063B3F5006FBA
:10D2D00011D1FB681B684FF400621A62F86800F015
:10D2E0001EF8FB682022C3F88420FB68002283F824
:10D2F000782003230FE0FB681B68DA69BB681340E2
:10D30000BA689A420CBF01230023DBB21A46FB79AC
:10D310009A42A0D0002318461037BD4680BD80B485
:10D3200095B000AF78607B681B687B637B6B53E8CC
:10D33000003F3B633B6B23F49073FB647B681B688B
:10D340001A46FB6C3B64FA63F96B3A6C41E80023C4
:10D35000BB63BB6B002BE6D17B681B6808333B6269
:10D360003B6A53E8003FFB61FB6923F00103BB64A8
:10D370007B681B680833BA6CFA62BB62B96AFA6AE6
:10D3800041E800237B627B6A002BE5D17B681B6E42
:10D39000012B18D17B681B68FB60FB6853E8003FDA
:10D3A000BB60BB6823F010037B647B681B681A4674
:10D3B0007B6CBB617A617969BA6941E800233B61A2
:10D3C0003B69002BE6D17B682022C3F880207B6874
:10D3D00000221A667B6800229A6600BF5437BD4659
:10D3E0005DF8047B7047000084B080B584B000AF66
:10D3F000786007F11C0080E80E0097F82130012BBF
:10D4000021D17B689B6B23F480327B689A637B68B5
:10D41000DA68214B13407A68D3607B68DB6823F4B9
:10D4200040127B68DA6097F82830012B05D17B68C1
:10D43000DB6843F480127B68DA60786800F092FA67
:10D440000346FB7310E07B68DB6843F040027B68B7
:10D45000DA60786800F086FA0346FB737B689B6BA2
:10D4600043F480327B689A63BB7F012B0BD17B68CE
:10D470009B6843F006027B689A607B689B6843F078
:10D4800020027B689A60FB7B18461037BD46BDE8DA
:10D49000804004B0704700BFBFFFBDFF80B483B0C1
:10D4A00000AF78607B689B6823F001027B689A601C
:10D4B000002318460C37BD465DF8047B704780B5E5
:10D4C00084B000AF78600B46FB700023FB607B6884
:10D4D000DB6823F0C0427B68DA60FB78012B15D152
:10D4E0007B68DB6843F000527B68DA600A20FAF759
:10D4F000C5FEFB680A33FB60786800F025FA034636
:10D50000012B1ED0FB68C72BF0D91AE0FB78002B4B
:10D5100015D17B68DB6843F080427B68DA600A20C3
:10D52000FAF7ACFEFB680A33FB60786800F00CFA8F
:10D530000346002B05D0FB68C72BF0D901E001237F
:10D5400005E0FB68C82B01D1012300E00023184649
:10D550001037BD4680BD000084B080B586B000AFF6
:10D56000786007F1240080E80E000023FB757B68DB
:10D57000FB6000233B6109E07A683B6940339B0014
:10D58000134400225A603B6901333B613B690E2B17
:10D59000F2D997F82E30002B1CD1FB6803F50063FD
:10D5A0005B68FA6802F5006243F0020353607B682F
:10D5B0009B6B23F400127B689A637B681B6843F0C3
:10D5C00040027B681A607B681B6843F080027B68BE
:10D5D0001A6005E07B689B6B43F400127B689A63DA
:10D5E000FB6803F560631A460023136097F829303F
:10D5F000012B0DD197F82730002B04D1002178683A
:10D6000000F068F908E00121786800F063F903E0B0
:10D610000321786800F05EF91021786800F0FAF8CC
:10D620000346002B01D00123FB75786800F024F934
:10D630000346002B01D00123FB75FB6803F5006353
:10D640001A4600231361FB6803F500631A460023A2
:10D650005361FB6803F500631A460023D36100237E
:10D660003B6143E03B695A01FB68134403F51063D7
:10D670001B6803F00043B3F1004F18D13B69002B46
:10D680000AD13B695A01FB68134403F510631A463B
:10D690004FF00063136013E03B695A01FB681344C9
:10D6A00003F510631A464FF09043136008E03B699E
:10D6B0005A01FB68134403F510631A4600231360F4
:10D6C0003B695A01FB68134403F510631A460023B3
:10D6D00013613B695A01FB68134403F510631A4652
:10D6E0004FF67F3393603B6901333B6197F82430F9
:10D6F0001A463B699342B5D300233B6143E03B6943
:10D700005A01FB68134403F530631B6803F00043C0
:10D71000B3F1004F18D13B69002B0AD13B695A0184
:10D72000FB68134403F530631A464FF0006313603F
:10D7300013E03B695A01FB68134403F530631A4652
:10D740004FF09043136008E03B695A01FB681344B3
:10D7500003F530631A46002313603B695A01FB68E6
:10D76000134403F530631A46002313613B695A01E1
:10D77000FB68134403F530631A464FF67F3393601A
:10D780003B6901333B6197F824301A463B69934269
:10D79000B5D3FB6803F500631B69FA6802F5006204
:10D7A00023F4807313617B6800229A617B686FF0B9
:10D7B00080425A6197F82630002B05D17B689B691F
:10D7C00043F010027B689A617B689A690F4B1343A0
:10D7D0007A68936197F82A30002B05D07B689B69A3
:10D7E00043F008027B689A6197F82E30012B05D12F
:10D7F0007B689A69064B13437A689361FB7D1846F0
:10D800001837BD46BDE8804004B0704700383C8002
:10D810000400004080B485B000AF78603960002318
:10D82000FB60FB680133FB60FB68B3F1706F01D9EB
:10D8300003231BE07B681B69002BF2DA0023FB60EB
:10D840003B689B0143F020027B681A61FB6801334F
:10D85000FB60FB68B3F1706F01D9032306E07B68BE
:10D860001B6903F02003202BF0D000231846143747
:10D87000BD465DF8047B704780B485B000AF78602A
:10D880000023FB60FB680133FB60FB68B3F1706F42
:10D8900001D9032318E07B681B69002BF2DA00230F
:10D8A000FB607B6810221A61FB680133FB60FB6838
:10D8B000B3F1706F01D9032306E07B681B6903F0A5
:10D8C0001003102BF0D0002318461437BD465DF826
:10D8D000047B704780B485B000AF78600B46FB7066
:10D8E0007B68FB60FB6803F500631A68FB78F968E6
:10D8F00001F5006113430B60002318461437BD4641
:10D900005DF8047B704780B485B000AF78607B68B9
:10D91000FB60FB6803F560631B68FA6802F56062F0
:10D9200023F003031360FB6803F500635B68FA6888
:10D9300002F5006243F002035360002318461437D7
:10D94000BD465DF8047B704780B483B000AF78605B
:10D950007B685B6903F0010318460C37BD465DF830
:10D96000047B704780B485B000AF78600023FB6013
:10D97000FB680133FB60FB68B3F1706F01D90323CF
:10D9800022E07B681B69002BF2DA0A23FB6002E0CD
:10D99000FB68013BFB60FB68002BF9D17B681B69CE
:10D9A00043F001027B681A61FB680133FB60FB688E
:10D9B000B3F1706F01D9032306E07B681B6903F0A4
:10D9C0000103012BF0D0002318461437BD465DF843
:10D9D000047B704780B584B000AF786009497868EF
:10D9E00019F01AF8F860FB68002B06D0FB680833C2
:10D9F000184618F015FD034600E0002318461037BE
:10DA0000BD4680BDFCC3020880B483B000AF78601F
:10DA10007B68652B15D07B68652B14DC7B68202B1D
:10DA20000DD07B68202B0EDC7B680E2B03D07B682F
:10DA30001F2B02D007E0074B06E0074B04E0074B23
:10DA400002E0074B00E0074B18460C37BD465DF877
:10DA5000047B704708C402083CC402086CC4020876
:10DA6000E4C4020820C5020880B58CB002AF634B45
:10DA70001B68002B01DB0023BCE000237B620EE06F
:10DA80007B6A322B05DD5E48F9F7B4FD4FF0FF33BA
:10DA9000B0E0642005F0BAFA7B6A01337B62594B2F
:10DAA00093F82D3003F00103002BE9D000237B62B3
:10DAB0000EE07B6A322B05DD5348F9F79BFD4FF0F2
:10DAC000FF3397E0642005F0A1FA7B6A01337B62A3
:10DAD0004C4B5B68002BECD04C48F9F78BFD4C4865
:10DAE00017F03AFA034619464A48F9F783FD4A48BF
:10DAF00017F032FA034619464848F9F77BFD4848C3
:10DB000017F02AFA034619464648F9F773FD4648C6
:10DB1000F9F770FD0622012102200BF011FE0346E9
:10DB2000364A1360354B1B68002B08DA3F4B1B68E5
:10DB300019463F48F9F75EFD4FF0FF335AE04FF0CA
:10DB400002024FF00003C7E900230023BB602B4B08
:10DB500018683B461022009241F2060240F6FF711F
:10DB60000CF004F8254B18683B461022009241F255
:10DB7000050240F6FF710BF0F9FF07F114031022C4
:10DB80000021184618F0C7FE02237B7541F69070FD
:10DB90000CF090FB0346FB82264817F09EF80346E4
:10DBA000BB6141F6907223492348F9F723FD134BDB
:10DBB0001B6807F11401102218460BF005F9034603
:10DBC000002B11DA194B1B6819461C48F9F712FD96
:10DBD0000A4B1B6818460BF0A1F8084B4FF0FF32B8
:10DBE0001A604FF0FF3305E01548F9F703FD00F028
:10DBF0005FF9002318462837BD4680BD4400002049
:10DC000040C50208C0CF002050C5020864C5020804
:10DC1000C4CF00208CC50208C8CF0020A0C50208D0
:10DC2000CCCF0020B4C50208C8C50208D83C0220E9
:10DC3000F0C5020814C6020824C6020844C6020839
:10DC400064C6020880B500AF144B1B68002B22DBB2
:10DC50001348F9F7CFFC134B134A4FF497715A202E
:10DC600000F098F8C82005F0D1F90E4B0F4A40F2A9
:10DC70002F115B2000F08EF8C82005F0C7F9074B84
:10DC80001B6818460BF04AF8044B4FF0FF321A603D
:10DC90000748F9F7AFFC00BF80BD00BF440000207B
:10DCA00084C60208DC540020B4C60208C4C60208B8
:10DCB000CCC6020880B58AB004AFF860B9607A605B
:10DCC0003B607868F2F7C6FA03467B617B68029393
:10DCD0007B690193BB680093FB68044A396A386822
:10DCE00018F03AFD00BF1837BD4680BDECC60208EB
:10DCF00080B483B000AF78607B6840F6BD32934259
:10DD000013D07B6840F6BD32934210DC7B6840F252
:10DD10008942934205D07B6840F2D172934202D08F
:10DD200005E0182305E01E2303E0122301E04FF075
:10DD3000FF3318460C37BD465DF8047B7047000082
:10DD400080B5A2B000AF124B1B68002B1ADB00237A
:10DD5000C7F8843011E00E4B18683946082380223A
:10DD60000BF0C8FBC7F88000D7F88030002B0BDD24
:10DD7000D7F884300133C7F88430D7F884303F2B8C
:10DD8000E9DD02E000BF00E000BF8837BD4680BD8E
:10DD90004400002090B58BB002AFF860B9607A60A3
:10DDA0003B603B4B1B68002B02DA4FF0FF336AE00D
:10DDB000FFF7C6FF4FF480630093364B7A68B9686B
:10DDC000F868FFF777FF7A68B9683348F9F712FC0B
:10DDD0002F4B1C682F48F2F73DFA024600232D49CD
:10DDE00020460BF09DFBF861FB69002B06DA294AFF
:10DDF000F9692A48F9F7FEFBFB6944E0244B1868EF
:10DE0000002340F2FF3226490BF074FBB861BB6976
:10DE1000002B0CDCBA69B9682248F9F7EBFBBB6947
:10DE2000002B01D0BB692EE04FF0FF332BE01C4AE2
:10DE3000BB69134400221A70194AB9681A48F9F7E5
:10DE4000D9FB1748FFF7C6FD78617B69002B05D029
:10DE5000164A7B6913606FF0010314E0B868FFF79E
:10DE600047FF38613B68002B0CD03B69002B09DB76
:10DE7000BA693B699A4205DD094A3B6913441A783D
:10DE80003B681A70002318462437BD4690BD00BF7A
:10DE900044000020E45400200CC7020820C70208F8
:10DEA000E45800203CC7020860C70208E054002084
:10DEB00080B582B000AF3B48F9F79CFB3A4B3B4A38
:10DEC00040F22F110120FFF765FF0346002B0CBF26
:10DED00001230023DBB27B60642005F097F8324B0E
:10DEE000334A40F2B6410220FFF754FF642005F0A8
:10DEF0008DF82D4B2F4A4FF497710320FFF74AFFFF
:10DF00000346002B0CBF01230023DBB23B606420DF
:10DF100005F07CF8244B284ACE210420FFF73AFF75
:10DF2000642005F073F8204B244A40F2EE210720CC
:10DF3000FFF730FF642005F069F81B4B204A4FF4CF
:10DF400020710820FFF726FF642005F05FF8164BCC
:10DF50001C4A40F251310920FFF71CFF642005F0F4
:10DF600055F87B68002B07D03B68002B04D016487F
:10DF7000F9F740FB002311E07B68002B01D0134927
:10DF800000E013493B68002B01D0104A00E0104A22
:10DF9000104B1148F9F72EFB4FF0FF3318460837A6
:10DFA000BD4680BD74C70208DC54002090C702083B
:10DFB00098C70208B4C70208C4C70208D4C7020839
:10DFC000F4C7020808C8020824C802085CC802088E
:10DFD00060C8020814C602086CC8020880B584B084
:10DFE00000AF0023FB7004F0A2FFF86020E0FB1CF0
:10DFF000314A40F289410620FFF7CCFEB860BB6889
:10E0000013F1020F08D12D4B1B6819462C48F9F764
:10E01000F1FA4FF0FF334AE0BB68002B02D04FF01B
:10E02000FF3344E0FB78312B0CD1642004F0EEFF89
:10E0300004F07DFF0246FB68D31A40F6C3129342F8
:10E04000D5D900E000BF04F072FF0246FB68D31A86
:10E050001C4A934205D91C48F9F7CCFA4FF0FF331C
:10E0600025E0FB1C144A40F289410620FFF792FE8E
:10E0700078607B6813F1020F08D1104B1B681946BA
:10E080000F48F9F7B7FA4FF0FF3310E07B68002B29
:10E0900002D04FF0FF330AE04FF4FA7004F0B6FFFD
:10E0A000FB78312BCFD10948F9F7A4FA00231846A1
:10E0B0001037BD4680BD00BFECC90208E054002007
:10E0C00004CA0208905F01004CCA020864CA020830
:10E0D00090B585B000AF78603960FFF7C5FC0346A6
:10E0E000002B02D04FF0FF3331E039681A48F9F7BE
:10E0F00081FA1A4B1868431C184A1360184B7A6847
:10E10000C921FFF747FEF860FB6813F1020F0FD13A
:10E11000144B1C68134B1B681846FFF775FC02462E
:10E12000114B21461148F9F765FA4FF0FF330EE025
:10E13000FB68002B05D00E48F9F75CFA4FF0FF336F
:10E1400005E0C82004F062FFFFF748FF03461846C9
:10E150001437BD4690BD00BF78CA020848000020B1
:10E16000DC540020E054002014C6020890CA0208C3
:10E170001CCB020880B5ADF5826D02AF07F5816357
:10E18000A3F2044318600F4B1A6807F58163A3F2EA
:10E19000044307F1080000921B680B4A4FF48061AA
:10E1A00018F0DAFA07F58163A3F2044307F10802D5
:10E1B00019681046FFF78CFF0346184607F581677C
:10E1C000BD4680BD1001002034CB020880B5ADF5FE
:10E1D000846D02AF024607F58363A3F211431A7000
:10E1E00007F58363A3F211431B780E2B0BD907F5B8
:10E1F0008363A3F211431B7819461948F9F7FAF91A
:10E200004FF0FF3326E007F58363A3F211431B7839
:10E21000144A52F82320144B1B6807F1180000938E
:10E220001346124A4FF4806118F096FA07F583639B
:10E23000A3F211431B7807F108000D4A102118F0D2
:10E240008BFA07F1080207F1180311461846FFF789
:10E250003FFF0346184607F58367BD4680BD00BFF4
:10E2600044CB0208D40000201001002034CB020867
:10E270005CCB020880B58AB000AF1148F9F7BAF953
:10E280003B1D20211846F9F705FA3B1D184618F0EA
:10E29000C7F87862796A0B48F9F7ACF9786A00F048
:10E2A00017FA0346002B03D00748F9F7A3F902E059
:10E2B0000648F9F79FF900BF2837BD4680BD00BF6B
:10E2C00064CB020890CB0208ACCB0208C4CB020896
:10E2D00080B582B000AF2248F9F78CF9FFF7C4FB94
:10E2E0000346002B04D01F48F9F784F9002332E0DD
:10E2F000FFF7DEFD0346002B04D01B48F9F77AF93F
:10E30000002328E000237B601EE07B6801330522A8
:10E3100019461648F9F76EF9154A7B6852F823300A
:10E320001846FFF727FF0346002B07D07B68013311
:10E3300019461048F9F75EF900230CE0C82004F0F4
:10E3400065FE7B6801337B607B68042BDDDD0A485A
:10E35000F9F750F9012318460837BD4680BD00BFC4
:10E3600070D20208B0D20208E0D2020868D30208D4
:10E370001401002094D30208CCD3020880B582B0E7
:10E3800000AF2848F9F736F9012210212648FBF79B
:10E3900045FEFFF769FB0346002B04D02348F9F73D
:10E3A00029F900233AE0FFF783FD0346002B04D050
:10E3B0001F48F9F71FF9002330E000237B6026E0B7
:10E3C0001C4A7B6852F823107B685A1C08231A48A1
:10E3D000F9F710F9194A7B6852F82330184A52F8B5
:10E3E00023301846FFF7C6FE0346002B09D0114A1A
:10E3F0007B6852F8233019461248F9F7FBF80023DE
:10E400000CE0C82004F002FE7B6801337B607B686F
:10E41000072BD5DD0C48F9F7EDF80123184608372E
:10E42000BD4680BD74D5020800140240BCD5020868
:10E43000E8D50208380100206CD602088052030893
:10E440002801002098D60208C4D6020880B582B000
:10E4500000AF2648F9F7CEF8FFF706FB0346002B7E
:10E4600004D02348F9F7C6F800233AE0FFF720FD6F
:10E470000346002B04D01F48F9F7BCF8002330E016
:10E4800000237B6026E01C4A7B6852F823107B68DF
:10E490005A1C04231948F9F7ADF8194A7B6852F859
:10E4A0002330184A52F823301846FFF763FE03461C
:10E4B000002B09D0104A7B6852F8233019461248C5
:10E4C000F9F798F800230CE0C82004F09FFD7B6862
:10E4D00001337B607B68032BD5DD0C48F9F78AF8A4
:10E4E000012318460837BD4680BD00BFE4D60208A8
:10E4F000BCD50208E8D50208380100202CD7020854
:10E50000805203082801002060D702088CD7020837
:10E5100080B582B000AF1E48F9F76CF801221021D7
:10E520001C48FBF77BFD04237B6026E01A4A7B68CE
:10E5300052F823107B68DA1E04231848F9F75AF8BA
:10E54000174A7B6852F82330164A52F8233018468F
:10E55000FFF710FE0346002B09D00F4A7B6852F8E4
:10E56000233019461048F9F745F800230CE0C8207D
:10E5700004F04CFD7B6801337B607B68072BD5DDA5
:10E580000A48F9F737F8012318460837BD4680BD19
:10E59000C4D702080014024038010020FCD702084A
:10E5A000805203082801002030D802085CD80208F5
:10E5B00080B400AF034B1B781846BD465DF8047B62
:10E5C000704700BFE55C002080B582B000AF01233A
:10E5D000FB71322004F01AFD3A4B1868002340F218
:10E5E00061120421F6F7D8F803461A46FB79134066
:10E5F000002B14BF01230023FB71322004F006FD21
:10E60000304B18684FF4FA734FF4B1720421F6F7E7
:10E61000C3F803461A46FB791340002B14BF0123AD
:10E620000023FB71322004F0F1FC264B18684FF4F4
:10E63000FA7340F263120421F6F7AEF803461A4665
:10E64000FB791340002B14BF01230023FB71322000
:10E6500004F0DCFC1B4B186840F6C4134FF4B27294
:10E660000421F6F799F803461A46FB791340002B6C
:10E6700014BF01230023FB71322004F0C7FC114BAF
:10E68000186840F6B8334FF4AB720421F6F784F8FB
:10E6900003461A46FB791340002B14BF01230023C5
:10E6A000FB71322004F0B2FCFB79002B01D0064B49
:10E6B00000E0064B1846F8F79DFFFB79184608372F
:10E6C000BD4680BD300000207CD8020898D80208E2
:10E6D00080B586B000AF7860434B1B7883F00103B0
:10E6E000DBB2002B0FD0FFF76FFF034683F001036F
:10E6F000DBB2002B04D03D48F8F77CFF00236BE031
:10E70000394B01221A707B68002B01D1012363E091
:10E710007B6807EE903AB8EEE77B9FED316B27EE12
:10E72000067BFDEEC77B17EE903A7B617B69002B81
:10E7300001DB012300E002237B822D4B186807F1E7
:10E740000C0340F21D520421F6F7F6F80346002BA5
:10E7500005D0FB6819462748F8F74CFF02E0264829
:10E76000F8F748FF7A6879692448F8F743FF204BA7
:10E7700018687B6940F265120421F6F799F8322097
:10E7800004F044FC1A4B18687B8A40F2671204219B
:10E79000F5F757FF142004F039FC154B1868184B97
:10E7A00040F21D520421F6F7DBF803467B74104B50
:10E7B0001868052340F267120421F5F742FF142080
:10E7C00004F024FC7B7C002B01D00E4B00E00E4BB0
:10E7D0001846F8F70FFF7B7C18461837BD4680BDFA
:10E7E00000000000804FE240E45C0020B4D8020842
:10E7F00030000020D0D80208E8D8020800D902086A
:10E8000020BF020028D9020838D9020880B500AF1D
:10E810000C4B186806234FF4AA720421F5F746FF43
:10E82000034683F00103DBB2002B02D00648F8F761
:10E83000E1FE142004F0EAFB044B00221A6000BF42
:10E8400080BD00BF30000020A4D90208E85C002091
:10E8500080B500AFFFF708F90346002B03D010483E
:10E86000F8F7C8FE1AE0FFF723FB0346002B03D09E
:10E870000C48F8F7BFFE11E00020FFF7A7FC0346A5
:10E88000002B03D00848F8F7B5FE07E04FF4FA7004
:10E8900004F0BCFB05490648F8F7ACFE80BD00BF9C
:10E8A000C0D90208ECD9020830DA02084053030844
:10E8B0005CDA02080000000080B586B000AF0023DB
:10E8C0007B602B4B18683B1D40F21D520421F6F76C
:10E8D00033F8034683F00103DBB2002B04D0254854
:10E8E000F8F788FE00233BE01FA3D3E90023C7E924
:10E8F00004237B6807EE903AB8EEE75B97ED046B74
:10E9000085EE067B7B68002B02DBB6EE006B01E038
:10E91000BEEE006B36EE077BFDEEC77B17EE903A3E
:10E920005B42FB607968FB685B421A461248F8F765
:10E9300061FEFB68002B07D11048F8F75BFE104B17
:10E9400000221A6001230BE0F868FFF7C1FE0346BE
:10E95000FB72FB7A002B02D0094B00221A60FB7A73
:10E9600018461837BD4680BD00000000804FE240C9
:10E9700030000020E0DA020814DB02084CDB020859
:10E98000E85C002080B584B000AF00237B603C4B86
:10E990001B7883F00103DBB2002B0CD0FFF714FED1
:10E9A000034683F00103DBB2002B01D0002363E0B8
:10E9B000334B01221A70334B18683B1D40F21D5235
:10E9C0000421F5F7B9FF034683F00103DBB2002B06
:10E9D00004D02D48F8F70EFE00234DE07B68C3F10C
:10E9E0000503FB60FB68002B04D12848F8F702FE02
:10E9F000012341E0FB68002B01DB012300E002233F
:10EA00007B817968FB6805222148F8F7F3FD1D4BEF
:10EA10001868FB6840F265120421F5F749FF3220BF
:10EA200004F0F4FA174B18687B8940F2671204214E
:10EA3000F5F707FE142004F0E9FA124B1868154B9D
:10EA400040F21D520421F5F78BFF03467B720D4BFC
:10EA50001868052340F267120421F5F7F2FD14202F
:10EA600004F0D4FA7B7A002B01D00B4B00E00B4B67
:10EA70001846F8F7BFFD7B7A18461037BD4680BDB3
:10EA8000E45C00203000002060DB020874DB020838
:10EA900088DB020820BF0200ACDB0208BCDB0208F6
:10EAA00080B582B000AF2648F8F7A4FDFEF7DCFF82
:10EAB0000346002B04D02348F8F79CFD00233AE0DE
:10EAC000FFF7F6F90346002B04D01F48F8F792FD34
:10EAD000002330E000237B6026E01C4A7B6852F86C
:10EAE00023107B685A1C06231948F8F783FD194A3E
:10EAF0007B6852F82330184A52F823301846FFF743
:10EB000039FB0346002B09D0104A7B6852F82330AA
:10EB100019461248F8F76EFD00230CE0C82004F0F7
:10EB200075FA7B6801337B607B68052BD5DD0C486B
:10EB3000F8F760FD012318460837BD4680BD00BFC9
:10EB4000D8DB02081CDC020848DC02086000002058
:10EB5000CCDC02083C5203084C000020F8DC020820
:10EB600024DD020880B586B000AF5448F8F742FDB6
:10EB70005348F8F73FFD012210215248FBF74EFAA7
:10EB800000224FF400714F48FBF748FAFEF76CFF84
:10EB90000346002B04D04C48F8F72CFD002389E0F5
:10EBA000FFF786F90346002B04D04848F8F722FD0A
:10EBB00000237FE000237B6162E07B69052B0CD1A1
:10EBC0004348F8F717FD00224FF400713D48FBF76A
:10EBD00025FA4FF47A7004F019FA3E4A7B6952F82C
:10EBE00023107B695A1C0B233B48F8F703FD3B4A73
:10EBF0007B6952F823303A4A52F823301846FFF71F
:10EC0000B9FA0346002B09D0324A7B6952F8233007
:10EC100019463448F8F7EEFC00234BE0C82004F016
:10EC2000F5F97B69052B11D12F48F8F7E3FC012298
:10EC30004FF400712348FBF7F1F90022102121481D
:10EC4000FBF7ECF94FF47A7004F0E0F97B69082BDC
:10EC500013D1264B1B78DBB2002B0ED02448F8F7DB
:10EC6000C9FC3B4600221021184604F023FA04F0A8
:10EC7000BAF90346184600F0C7F97B6901337B6196
:10EC80007B690A2B99DD194B1B78DBB2002B0DD069
:10EC9000184B1B78DBB2002B08D01748F8F7AAFCFA
:10ECA0003B46164A1021184604F004FA1448F8F7B7
:10ECB000A1FC012318461837BD4680BD44DD02087B
:10ECC00084DD020800140240C0DD0208ECDD020809
:10ECD00070DE0208A8000020ACDE020854520308CF
:10ECE00078000020D4DE0208FCDE0208957D0020BA
:10ECF00028DF0208947D002060DF0208905F010099
:10ED0000B0DF020880B582B000AF3848F8F772FC77
:10ED10003748F8F76FFC002210213648FBF77EF9E0
:10ED200001224FF400713348FBF778F9FEF79CFE9F
:10ED30000346002B04D03048F8F75CFC002351E078
:10ED4000FFF7B6F80346002B04D02C48F8F752FC26
:10ED5000002347E000237B603DE0294A7B6852F8AE
:10ED600023107B685A1C0B232648F8F743FC264ADD
:10ED70007B6852F82330254A52F823301846FFF7B3
:10ED8000F9F90346002B09D01D4A7B6852F823305D
:10ED900019461F48F8F72EFC002323E0C82004F092
:10EDA00035F97B68052B13D140F6B8311948F8F7CF
:10EDB00021FC012210210F48FBF730F900224FF40B
:10EDC00000710C48FBF72AF940F6B83004F01EF940
:10EDD0007B6801337B607B680A2BBEDD0E48F8F749
:10EDE00009FC012318460837BD4680BDD0DF020864
:10EDF00000E002080014024038E0020864E0020863
:10EE0000A8000020A0E0020854520308900000204F
:10EE1000CCE00208F8E002083CE1020880B582B0CC
:10EE200000AF0023FB7107F029F90B4B1B78DBB215
:10EE3000002B04D1084B01221A700123FB7107F04B
:10EE400053F9FB79002B03D10A2004F0DFF8E8E73F
:10EE500000BF0837BD4680BD967D002080B500AF5D
:10EE600007F00CF9034B00221A7007F03DF900BFC0
:10EE700080BD00BF967D002080B586B000AF786071
:10EE80000023FB602D4B186807F10C0340F21D5264
:10EE90000121F5F751FD034683F00103DBB2002B9E
:10EEA00003D02748F8F7A6FB45E0FB687A68D31A39
:10EEB0007B617B69002B01DB012300E002237B8265
:10EEC000FA687B6979681F48F8F794FB7B69002B27
:10EED00003D11D48F8F78EFB2DE0184B18687B69AD
:10EEE00040F265120121F5F7E3FC322004F08EF8C0
:10EEF000124B18687B8A40F267120121F5F7A1FBDB
:10EF0000142004F083F80D4B186847F2305340F298
:10EF10001D520121F5F724FD084B1868052340F226
:10EF200067120121F5F78DFB142004F06FF8796862
:10EF30000648F8F75FFB1837BD4680BD300000205B
:10EF40005CE1020894E10208CCE10208ECE102086D
:10EF500080B588B004AF7860F9F784F9F860254B84
:10EF600001221A704EF660230193002300930123BF
:10EF70005A2205212048F8F73DFB10E0FFF74EFF2D
:10EF80001E4B18680023029301230193642300930E
:10EF90005A2305220121F5F7CBFEFFF75FFFF9F7B2
:10EFA00061F90246FB68D31A4EF65F229342E5D917
:10EFB0001348F8F71FFBFFF731FF40F67800FFF723
:10EFC0005BFFFFF74BFF0B4B00221A700D4B1B68CA
:10EFD000002B05D00B4B1B681021184604F02AF8B3
:10EFE00004F001F80346184604F004F800BF103797
:10EFF000BD4680BD947D002014E202083000002050
:10F0000078E20208907D002080B586B004AF786079
:10F01000124B1B78DBB2002B03D01148F8F7EAFA49
:10F0200019E0104A7B6813600F4B02930F4B01935A
:10F030000323009300234FF400620D490D4805F0AF
:10F04000CFFB03460C4A13600B4B1B68002B02D10D
:10F050000A48F8F7CFFA0837BD4680BD947D0020F6
:10F06000B0E20208907D0020EC7C0020EC5C0020E7
:10F07000E4E2020851EF00088C7D0020F4E202086F
:10F0800080B58EB000AF7861B64B00221A700123B4
:10F090007B6355E100237B860023FB62002387F816
:10F0A0002B307B6B03F00103002B01D0AE4B00E053
:10F0B000AE4B0822796BAE48F8F79CFAF7F768FC7C
:10F0C0000346002B03D0AB48F8F794FA04E0AA48B3
:10F0D000F8F790FAF7F786FC4FF4967003F096FF76
:10F0E000A648F8F787FA07F11C03A54A0821184635
:10F0F00003F0E0FFFB69402B1BD1A248F8F77AFA36
:10F10000984B00221A70A04B1B680121184603F08F
:10F1100091FF9D4B1B680421184603F08BFF9B4B0E
:10F1200000221A7003F05FFF0346184603F062FFE7
:10F1300015E1F7F72DFC0346002B04D19448F8F7AE
:10F1400059FAF7F74FFC7A6B6FF023019148F8F703
:10F1500051FAFFF763FE904B186804236FF0230207
:10F160000221F6F78FF8FFF779FE4FF4967003F05F
:10F170004DFF7B6B03F00103002B10D04FF4FA52CC
:10F1800049F640418548F8F735FA4FF4FA52002124
:10F1900049F64040F7F726F8C82003F037FF7B6BAD
:10F1A000013B7F4A32F813303B853B8D7D4AA2FB01
:10F1B0000323DB089BB218463A8D7A4BA3FB02135C
:10F1C000D9080B469B000B445B00D31A9BB2024646
:10F1D000796B7548F8F70EFA744B1868398D4FF44F
:10F1E000FA730022F1F7FEFE034683F00103DBB25F
:10F1F000002B1BD06E48F8F7FDF95A4B00221A700D
:10F20000614B1B680121184603F014FF5E4B1B681D
:10F210000421184603F00EFF5C4B00221A7003F025
:10F22000E2FE0346184603F0E5FE98E05F4B1B68DC
:10F230005A695E4B1B681B8B19461046FAF7D6FEBF
:10F240000346002B01D05B4B00E05B4B19465B484B
:10F25000F8F7D0F9796B5A48F8F7CCF94A4B1B68A4
:10F260000121184603F0E6FE3B46454A02211846B6
:10F2700003F020FF07F11C033A4607CA83E80700A2
:10F28000FB69402B15D14F48F8F7B4F9354B0022F4
:10F290001A703D4B1B680421184603F0CBFE3B4B14
:10F2A00000221A7003F09FFE0346184603F0A2FEE8
:10F2B00055E04548F8F79EF9012201214348FAF745
:10F2C000ADFE42F210714248F8F794F942F2107024
:10F2D00003F09CFE012387F82B30002201213B48DC
:10F2E000FAF79CFE4FF4967003F090FE97F82B30DF
:10F2F000002B04D0796B3748F8F77CF903E0796B81
:10F300003548F8F777F9174A97F82B3013701E4BEA
:10F310001B680421184603F08DFE3048F8F76AF99F
:10F32000F7F760FB4FF4967003F070FE97F82B3000
:10F3300083F00103DBB2002B07D17B6B01337B63CE
:10F340007B6B082B7FF7A6AE00E000BF0F4B0022BF
:10F350001A7003F048FE0346184603F04BFE383798
:10F36000BD4680BDA07D002020E3020824E3020802
:10F370002CE3020860E3020898E30208CCE30208E9
:10F380008096980008E402089C7D0020A17D002062
:10F390003CE4020878E4020830000020C0E40208DF
:10F3A000A0520308CDCCCCCC00E5020834000020EC
:10F3B0002CE5020844E502084CE5020850E5020885
:10F3C00084E50208ACE50208E8E502080010024006
:10F3D00024E6020860E6020888E60208C0E60208A1
:10F3E00080B582B000AF786079682448F8F702F9F8
:10F3F000234B1B78DBB2002B0BD0224B1B68002B5E
:10F4000007D01F4B00221A701E4B1B68184603F0D2
:10F41000F1FD1C4B00221A601B4B1B78DBB2002B4A
:10F420000BD01A4B1B68002B07D0174B00221A7009
:10F43000164B1B68184603F0DDFD144B00221A60C2
:10F44000134B00221A70134B1B78DBB2002B0BD02E
:10F45000114B1B68002B07D00E4B00221A700E4B6D
:10F460001B68184603F0C6FD0B4B00221A60FFF71D
:10F47000F5FC002318460837BD4680BDF4E60208B7
:10F48000A17D0020987D0020947D00208C7D0020AF
:10F49000957D0020489E0020449E002080B58EB0BF
:10F4A00004AF08219A48F8F7A5F89A48F8F7A2F8A7
:10F4B000012210219848FAF7B1FDFFF7CFFC03F0C5
:10F4C00092FD0346954A13603B46002201211846EF
:10F4D00003F0F0FD3B4600220421184603F0EAFD4C
:10F4E0008F4B00221A708F4B02938F4B0193032393
:10F4F000009300234FF400628C498D4805F070F9A9
:10F5000003468C4A13608B4B1B68002B04D18A483E
:10F51000F8F770F80023F7E0884B01221A700821F1
:10F520008748F8F767F801237B62DEE00822796AF2
:10F530008448F8F75FF81E218348F8F75BF8FFF777
:10F540006DFC1E20FFF7C4F8034687F82330FFF751
:10F5500085FC97F8233083F00103DBB2002B04D045
:10F560007A48FFF73DFF0346CEE0FFF799FA0346DE
:10F5700083F00103DBB2002B04D07548FFF730FFA6
:10F580000346C1E0796A7348F8F734F8694B1B68A1
:10F590000821184603F04EFD6F48F8F72BF8FEF7E8
:10F5A00055FF034683F00103DBB2002B04D06B4808
:10F5B000FFF716FF0346A7E06948F8F71BF807F1C5
:10F5C0001403684A0121184603F074FD7B69402B3F
:10F5D00004D16548FFF704FF034695E06348F8F758
:10F5E00009F8544B1B680221184603F023FD3B46E3
:10F5F0005C4A0421184603F05DFD07F114033A4606
:10F6000007CA83E807007B69402B04D15848FFF7FD
:10F61000E7FE034678E0424B1B78DBB283F0010340
:10F62000DBB2002B04D05348FFF7DAFE03466BE051
:10F630005148F7F7DFFFFEF76BFF034683F0010346
:10F64000DBB2002B04D04D48FFF7CAFE03465BE057
:10F6500052214B48F7F7CEFFFFF7E0FB5220FFF7B0
:10F6600037F8034687F82330FFF7F8FB97F8233085
:10F6700083F00103DBB2002B04D04248FFF7B0FE59
:10F68000034641E0404B01221A70FFF76BFA034634
:10F6900087F822303C4B00221A7097F8223083F012
:10F6A0000103DBB2002B04D03848FFF799FE034674
:10F6B0002AE0FFF727FB034683F00103DBB2002BB0
:10F6C00004D03348FFF78CFE03461DE03148F7F7BE
:10F6D00091FFFFF7A3FBFFF755F9FFF7BFFB64208E
:10F6E00003F094FC7B6A01337B627B6A082B7FF713
:10F6F0001DAF124B00221A700E4B00221A60082117
:10F700002548F7F777FF012318462837BD4680BD07
:10F710000CE7020848E70208001402409C7D002024
:10F72000A07D00204CBE00204C9E002084E70208F3
:10F7300081F00008987D002094E70208A17D002058
:10F74000C8E7020800E802082CE802085CE80208A2
:10F7500078E8020890E80208D4E8020818E90208EC
:10F7600030E902088096980064E9020884E90208FA
:10F77000C0E90208E8E9020808EA020838EA0208D3
:10F7800050EA02087CEA0208957D002098EA020807
:10F79000A4EA0208B4EA0208D8EA020880B582B0F6
:10F7A00000AF786039607B68002B04D13968174856
:10F7B000F7F720FF27E0164BD3ED007AFDEEE77A4E
:10F7C0003B6817EE902A79681248F7F713FFFFF7A6
:10F7D00025FB114B186804237A680221F5F752FDC6
:10F7E000FFF73CFB4FF4967003F010FC7B6807EECC
:10F7F000903AB8EEE77A064BD3ED007A77EE277AA7
:10F80000034BC3ED007A0837BD4680BD18EB0208F4
:10F81000F0BE002040EB02083000002080B588B028
:10F8200002AFF860B9607A601F4B1B68FA68D31AA0
:10F830007B617B69002B08D11B4B1A687B68B96818
:10F840001A48F7F7D7FE012329E0174B1A687B689F
:10F850000193FB68009313467A69B9681448F7F777
:10F86000C9FEFFF7DBFA7869FEF732FF0346FB7447
:10F87000FFF7F4FAFB7C83F00103DBB2002B06D028
:10F880007A68B9680B48F7F7B5FE002307E0064A27
:10F89000FB6813604FF4967003F0B8FB0123184621
:10F8A0001837BD4680BD00BFECBE00206CEB0208DF
:10F8B000A4EB0208E8EB020880B582B000AF7860E4
:10F8C0007A6804491E20FFF7A9FF03461846083747
:10F8D000BD4680BD18EC020880B582B000AF7860EC
:10F8E0007A6804497020FFF799FF034618460837E5
:10F8F000BD4680BD28EC020880B582B000AF7860BC
:10F900000C4B1B6803F0070301330A4A1360094BD1
:10F910001968084B1B6803F00103002B01D0064A4D
:10F9200000E0064A7B680648F7F764FE00BF083728
:10F93000BD4680BD5801002020E3020824E30208F0
:10F9400030EC020880B586B002AF87ED010A38605E
:10F95000D7ED017AF5EEC07AF1EE10FA04D5D7EDC5
:10F96000017AF1EE677A01E0D7ED017AC7ED037A0B
:10F9700097ED037ADFED196AC7EE267AB6EE007AC4
:10F9800077EE877AFDEEE77A17EE903ABB60BB68B8
:10F990005A4203F0070302F0070258BF53420133F3
:10F9A0000F4A1360D7ED017AFDEEE77A0C4B1A6827
:10F9B0000B4B1B6803F00103002B01D0094900E049
:10F9C00009493B6800930B4617EE901A0748F7F772
:10F9D00011FE00BF1037BD4680BD00BF00001042C1
:10F9E0005801002020E3020824E302085CEC02082E
:10F9F00080B582B000AF7860F6F7CAFF0346002BEF
:10FA000004D079680848F7F7F5FD09E079680748F8
:10FA1000F7F7F0FDF6F7E6FF4FF4967003F0F6FA0D
:10FA20000837BD4680BD00BF98EC0208C4EC020850
:10FA300080B584B002AF03463960FB803868FFF7B9
:10FA4000D7FF284B1968274B1B6803F00103002BD5
:10FA500001D0254A00E0254A3B680093134608225E
:10FA60002348F7F7C7FD1F4B1B6803F00103002B6A
:10FA700011D04FF4FA5249F640411E48F7F7BAFD4B
:10FA80004FF4FA52002149F64040F6F7ABFBC8208C
:10FA900003F0BCFA02E01848F7F7ACFDFB88174A00
:10FAA000A2FB0323DB089BB21846FA88134BA3FB87
:10FAB0000213D9080B469B000B445B00D31A9BB280
:10FAC0001A4601460E48F7F795FD0E4B1868F9885F
:10FAD0004FF4FA730022F1F785FA03461846083707
:10FAE000BD4680BD5801002020E3020824E302083F
:10FAF000FCEC020834ED020874ED0208CDCCCCCC4D
:10FB0000B0ED02083400002080B582B000AFF8F7F5
:10FB1000A9FB78600CE0F8F7A5FB02467B68D31AD6
:10FB20000B4A934201D900230EE0142003F06EFA31
:10FB3000084B1B78DBB2002BEDD1642003F066FA92
:10FB4000054B00221A60012318460837BD4680BDC8
:10FB5000C0D40100489E0020449E002080B582B0A1
:10FB600000AF786079680C48F7F744FD0122012165
:10FB70000A48FAF753FA42F2107003F047FA0022EB
:10FB800001210648FAF74AFA4FF4967003F03EFA5C
:10FB900000BF0837BD4680BDD0ED0208001002400E
:10FBA00080B584B000AF78607868FFF795FE0346B3
:10FBB00083F00103DBB2002B01D000232DE0194BB1
:10FBC00001221A70FEF7CEFF0346FB73154B00228D
:10FBD0001A70FB7B83F00103DBB2002B05D0796840
:10FBE0001148F7F707FD002317E0FFF78BF80346EE
:10FBF00083F00103DBB2002B05D079680B48F7F7DF
:10FC0000F9FC002309E07868FFF7A8FF642003F0FF
:10FC1000FDF97868FFF750FE034618461037BD46D9
:10FC200080BD00BF957D0020ECED020808EE0208C3
:10FC300080B586B002AF87ED010A3860224BD3ED64
:10FC4000007A97ED017A77EE677AC7ED037AD7ED00
:10FC5000037AF5EEC07AF1EE10FA08D5D7ED037A03
:10FC6000B6EE007A77EEC77AFDEEE77A07E0D7EDD9
:10FC7000037AB6EE007A77EE877AFDEEE77AC7ED83
:10FC8000027AD7ED017ABDEEE77A0F4BD3ED007A19
:10FC9000FDEEE77A3B680093BB6817EE902A17EEFB
:10FCA000101A0A48F7F7A6FC3968B868FFF776FD1E
:10FCB000054A7B681360386897ED010AFFF742FE3A
:10FCC00000BF1037BD4680BDF0BE002024EE020804
:10FCD00080B582B000AF7860154BD3ED007AFDEEB1
:10FCE000E77A17EE903A002B04D179681148F7F7BC
:10FCF00081FC11E00E4BD3ED007AFDEEE77A17EEB2
:10FD0000903A5B427A6819460B48F7F773FC7868BB
:10FD10009FED0A0AFFF78CFF054B4FF000021A60B7
:10FD2000074B01221A6000BF0837BD4680BD00BFE7
:10FD3000F0BE002068EE02089CEE02080000000001
:10FD40005801002080B582B000AF1D48F7F752FC83
:10FD50001C489FED1D0AFFF76BFF01237B6024E029
:10FD60007B68012B01D1194B00E0194B3B603968CE
:10FD70000A2000F01BFE034683F00103DBB2002BD8
:10FD800005D079681348F7F735FC002314E038688C
:10FD9000FFF706FF034683F00103DBB2002B01D01F
:10FDA000002309E07B6801337B607B68022BD7DD91
:10FDB0000948F7F71FFC012318460837BD4680BDE8
:10FDC000D8EE0208F0EE0208000034C3FCEE020890
:10FDD00008EF020814EF02083CEF020880B582B079
:10FDE00000AF78607868FFF703FE79686FF0230052
:10FDF000FFF7D4FC7868FFF77FFD00BF0837BD46EA
:10FE000080BD80B582B000AF78607868FFF7F0FD04
:10FE100079686FF01100FFF7C1FC7868FFF76CFD9F
:10FE200000BF0837BD4680BD80B483B000AF034635
:10FE3000FB71FB79402B06D9FB795A2B03D8FB7950
:10FE40002033DBB200E0FB7918460C37BD465DF885
:10FE5000047B704780B485B000AF786002E07B68B7
:10FE600001337B607B681B78202BF8D07B681B7884
:10FE7000092BF4D07B68FB6002E0FB680133FB6078
:10FE8000FB681B78002BF8D112E0FB6813F8013CEB
:10FE9000FB72FB7A202B08D0FB7A092B05D0FB7A6A
:10FEA0000D2B02D0FB7A0A2B06D1FB68013BFB60CD
:10FEB000FA687B689A42E8D8FB6800221A707B686F
:10FEC00018461437BD465DF8047B704780B485B092
:10FED00000AF786039600023FB600023FB720FE005
:10FEE000FA6813469B0013445B001A467B681B7834
:10FEF0001344303BFB600123FB727B6801337B6062
:10FF00007B681B782F2B03D97B681B78392BE7D9AB
:10FF1000FB7A83F00103DBB2002B03D17B681B78F3
:10FF2000002B01D0002303E03B68FA681A6001232C
:10FF300018461437BD465DF8047B704790B583B012
:10FF400000AF7860396016E07B681B781846FFF7D1
:10FF50006BFF03461C463B681B781846FFF764FF9F
:10FF600003469C4201D000231BE07B6801337B6089
:10FF70003B6801333B607B681B78002B03D03B68F8
:10FF80001B78002BE0D17B681B78002B05D13B68E8
:10FF90001B78002B01D1012300E0002303F00103B3
:10FFA000DBB218460C37BD4690BD80B586B000AFB9
:10FFB000F8600B467A607B8100237B6114E07B89CB
:10FFC0001946F868F7F766FBF868FFF743FF024643
:10FFD0007B681A607B681B681B78002B01D00123AB
:10FFE00006E07B6901337B617B69032BE7DD00233E
:10FFF00018461837BD4680BD80B590B000AF786018
:020000040801F1
:1000000039600023FB6327E079681948F7F7F2FAB3
:1000100007F1380207F1080330211846FFF7C5FF42
:10002000034683F00103DBB2002B03D01148F7F73E
:10003000E1FA0EE0BB6B39681846FFF747FF03464D
:10004000002B01D001230FE0BB6B19460A48F7F7DC
:10005000D1FAFB6B0133FB63FB6B022BD4DD032175
:100060000648F7F7C7FA002318464037BD4680BD5B
:1000700054EF020858EF020884EF0208DCEF020890
:1000800080B590B000AF786079680F48F7F7B2FAA2
:1000900007F10C0330211846F7F7FCFA07F10C03BF
:1000A0001846FFF7D7FEF863FB6B1B781846FFF77F
:1000B000BBFE0346792B0CBF01230023DBB218469D
:1000C0004037BD4680BD00BF54EF020890B583B0F5
:1000D00000AF0F48F7F78EFA00237B600FE07B68D4
:1000E0005C1C7B68DBB21846F5F74AFB03461A46F0
:1000F00021460848F7F77EFA7B6801337B607B680E
:100100000A2BECDD00BF00BF0C37BD4690BD00BF21
:100110000CF002082CF0020890B593B000AF7860A4
:1001200000237B645AE0FFF7D1FF3248F7F762FA09
:1001300007F13C0207F1080330211846FFF735FFAD
:10014000034683F00103DBB2002B03D02A48F7F704
:1001500051FA40E0FB6B07F1380211461846FFF7F1
:10016000B5FE0346002B14D0BB6B002B0AD0BB6B33
:100170000B2B07D8BB6BDBB2013BDAB27B681A7082
:10018000012332E0BB6B0B2219461C48F7F732FA09
:1001900021E000233B6416E0FC6B3B6CDBB21846AD
:1001A000F5F7EEFA034619462046FFF7C7FE034669
:1001B000002B05D03B6CDAB27B681A70012314E087
:1001C0003B6C01333B643B6C0A2BE5DDFB6B194652
:1001D0000B48F7F70FFA7B6C01337B647B6C022BC7
:1001E000A1DD0848F7F706FA002318464C37BD464C
:1001F00090BD00BF3CF0020858EF02085CF0020816
:1002000088F00208B4F0020880B582B000AFF5F7BC
:1002100091FA87ED010A07E0D7ED017A9FED187A90
:1002200077EEC77AC7ED017A164BD3ED007A97EDDA
:10023000017A77EE677A9FED147AF4EEC77AF1EEE1
:1002400010FAE9DC07E0D7ED017A9FED0D7A77EE41
:10025000877AC7ED017A0B4BD3ED007A97ED017ADF
:1002600077EE677A9FED097AF4EEC77AF1EE10FA2D
:10027000E9D4044A7B68136000BF0837BD4680BDDF
:100280000000B443F0BE002000003443000034C33B
:1002900080B582B000AF786079681148F7F7AAF9A5
:1002A000012208210F48F9F7B9FE47F23052796868
:1002B0000D48F7F79FF947F2305002F0A7FE796832
:1002C0000A48F7F797F9002208210648F9F7A6FE31
:1002D00041F2883002F09AFE00BF0837BD4680BD6B
:1002E000E4F002080010024004F102082CF10208B8
:1002F00090B589B002AF0023BB607048F7F77AF978
:1003000007F1080319466E48FFF776FE034683F0AF
:100310000103DBB2002B04D06A48F7F76BF9002326
:10032000C7E0BB68002B04D16748F7F763F90123E6
:10033000BFE0BB680B2B05D9BB680B22194663488D
:10034000F7F758F9BB6819466148F7F753F90123E5
:100350007B61A3E000233B60BB681A4679695D4876
:10036000F7F748F9FB1D1846FFF7D6FE034683F062
:100370000103DBB2002B01D000239AE0FB79184681
:10038000F5F7FEF938613B4619465348FFF734FE4E
:10039000034683F00103DBB2002B04D04948F7F792
:1003A00029F9002385E038683B684C4AA2FB032307
:1003B000DC083968494BA3FB0123DA0813469B008C
:1003C00013445B00CA1A0092234602463969444826
:1003D000F7F710F939694348F7F70CF9FEF71EFDF6
:1003E000414B1B681846F5F789FB0346FB73FB7B03
:1003F000002B0BD03C4B1B68FA7911461846F5F7D9
:100400004DF90346002B01D0012300E00023BB730C
:10041000FEF724FDFFF7F8FEFB7B83F00103DBB260
:10042000002B04D039693148F7F7E4F833E0BB7B9F
:1004300083F00103DBB2002B04D039692C48F7F7B5
:10044000D9F828E0F5F776F9F0EE407AFDEEE77A94
:1004500017EE902A39692748F7F7CCF84FF4FA706D
:1004600002F0D4FD3869FFF713FF39692248F7F726
:10047000C1F8BB687A699A420DD22048FFF700FEA6
:100480000346002B07D0BB681A4679691C48F7F76A
:10049000B1F801230DE07B6901337B61BB687A69A8
:1004A0009A427FF657AFBB6819461648F7F7A2F88D
:1004B000012318461C37BD4690BD00BF4CF1020811
:1004C00074F10208A4F10208BCF10208D8F1020894
:1004D00034F202085CF2020880F20208CDCCCCCCE7
:1004E000B8F20208ECF202083000002020F3020803
:1004F00074F30208C4F30208ECF3020808F40208DB
:1005000030F4020874F4020880B582B000AF0D48E0
:10051000F7F770F800237B600CE07B68591C0A4AEF
:100520007B6852F823301A460848F7F763F87B686F
:1005300001337B607B68072BEFDD00BF00BF08370E
:10054000BD4680BDB8F50208B0520308D8F50208D0
:1005500090B593B000AF786000237B645AE0FFF75A
:10056000D3FF3248F7F746F807F13C0207F10803DA
:1005700030211846FFF719FD034683F00103DBB273
:10058000002B03D02A48F7F735F840E0FB6B07F162
:10059000380211461846FFF799FC0346002B14D089
:1005A000BB6B002B0AD0BB6B082B07D8BB6BDBB235
:1005B000013BDAB27B681A70012332E0BB6B082280
:1005C00019461C48F7F716F821E000233B6416E0B3
:1005D000FC6B3B6CDBB21846F5F7BAF803461946DC
:1005E0002046FFF7ABFC0346002B05D03B6CDAB28C
:1005F0007B681A70012314E03B6C01333B643B6C55
:10060000072BE5DDFB6B19460B48F6F7F3FF7B6C18
:1006100001337B647B6C022BA1DD0848F6F7EAFF0F
:10062000002318464C37BD4690BD00BFE8F50208D0
:100630000CF6020838F6020860F602088CF602088A
:1006400090B587B002AF00237B606248F6F7D2FF17
:1006500007F109031846FFF77BFF034683F0010308
:10066000DBB2002B01D00023B0E07B7A1846F5F70F
:100670006FF8F8603B1D19465748FFF7BDFC03466D
:1006800083F00103DBB2002B04D05448F6F7B2FF2D
:1006900000239BE07B68002B04D15148F6F7AAFFAA
:1006A000012393E07B68B3F5803F06D37B6819464E
:1006B0004C48F6F79FFF002388E078687B684A4A39
:1006C000A2FB0323DC087968474BA3FB0123DA086C
:1006D00013469B0013445B00CA1A0092234602464D
:1006E000F9684248F6F786FFF9684148F6F782FF55
:1006F000FEF794FB3F4B1B681846F5F7FFF90346DE
:10070000FB72FB7A002B0BD03A4B1B687A7A1146AE
:100710001846F4F779FF0346002B01D0012300E0CF
:100720000023BB72FEF79AFBFFF76EFDFB7A83F0A6
:100730000103DBB2002B05D0F9682F48F6F75AFF0A
:10074000002343E0BB7A83F00103DBB2002B05D02A
:10075000F9682A48F6F74EFF002337E07B7A013329
:10076000274A1360F4F7E6FFF0EE407AFDEEE77AF1
:10077000234B1A68224B1B6803F00103002B01D0A6
:10078000204B00E0204B0093134617EE902AF968A7
:100790001E48F6F72FFF4FF4FA7002F037FC7B6823
:1007A0009BB2F968184600F001F9034683F0010393
:1007B000DBB2002B05D0F9681548F6F71BFF0023C4
:1007C00004E0F9681348F6F715FF012318461437BB
:1007D000BD4690BDB8F60208E0F602081CF7020814
:1007E00030F7020860F70208CDCCCCCC98F70208AD
:1007F000C8F7020830000020F8F7020824F80208C1
:100800005801002020E3020824E302084CF8020803
:1008100080F80208A4F8020880B500AFFEF740F99E
:10082000034683F00103DBB2002B01D0002300E07C
:100830000123184680BD000080B586B000AF786007
:100840004B4B01221A704B4B1B889BB24A491846EE
:10085000FFF7EEF8034683F00103DBB2002B1BD059
:100860004648F6F7C7FE464B00221A70454B1B68F8
:100870000121184602F0DEFB424B1B68042118469A
:1008800002F0D8FB3A4B00221A7002F0ACFB034690
:10089000184602F0AFFB68E03B48F6F7ABFE394B79
:1008A0001B680121184602F0C5FB07F10803374A0F
:1008B0000221184602F0FEFBBB68402B15D13448DC
:1008C000F6F798FE2E4B00221A702E4B1B6804215F
:1008D000184602F0AFFB264B00221A7002F083FB91
:1008E0000346184602F086FB3FE02A48F6F782FEF0
:1008F000012201212848F9F791FB42F210712748A3
:10090000F6F778FE42F2107002F080FB0123FB75CF
:10091000002201212048F9F781FB4FF4967002F084
:1009200075FBFB7D002B01D01D4B00E01D4B1846D5
:10093000F6F760FE124AFB7D1370124B1B68042110
:10094000184602F077FB1848F6F754FEF6F74AF817
:100950004FF4967002F05AFB054B00221A7002F019
:1009600042FB0346184602F045FB1837BD4680BDE2
:10097000489E00204A9E0020CCF80208D8F80208C1
:10098000A07D00209C7D0020F0F802088096980051
:100990000CF9020848F902080010024080F9020828
:1009A000BCF90208D8F9020804FA020880B58EB032
:1009B00004AF03463961FB82FB8A634AA2FB03232F
:1009C000DB089BB21846FA8A5F4BA3FB0213D908D7
:1009D0000B469B000B445B00D31A9BB2024639695D
:1009E0005A48F6F707FE3869FEF766FF034683F0BC
:1009F0000103DBB2002B01D00023A0E0FFF784F855
:100A0000034683F00103DBB2002B05D0396950485F
:100A1000F6F7F0FD002392E03B4600220121184644
:100A200002F048FB3B4600220221184602F042FB3E
:100A30003B4600220421184602F03CFB454B0022B5
:100A40001A70454AFB8A1380444B0293444B01932E
:100A50000323009300234FF400624249424803F00D
:100A6000BFFE0346414A1360404B1B68002B05D173
:100A700039693F48F6F7BEFD002360E03D4B012297
:100A80001A70FDF7E3FC034683F00103DBB2002B91
:100A900005D039693848F6F7ADFD00234FE03969D4
:100AA0003648F6F7A7FD07F11C03354A0121184621
:100AB00002F000FBFB69402B05D139693148F6F79C
:100AC00099FD00233BE039692F48F6F793FD274B4A
:100AD0001B680221184602F0ADFA3B46284A042161
:100AE000184602F0E7FA07F11C033A4607CA83E802
:100AF0000700FB69402B05D139692448F6F77AFDD8
:100B000000231CE0134B1B78DBB283F00103DBB244
:100B1000002B05D039691E48F6F76CFD00230EE066
:100B2000FDF7F6FC034683F00103DBB2002B05D092
:100B300039691848F6F75EFD002300E001231846E6
:100B40002837BD4680BD00BFCDCCCCCC3CFA0208D6
:100B500060FA0208A07D00204A9E0020A49D00208B
:100B6000A47D002098FA020839080108449E00205C
:100B7000A8FA0208489E0020D8FA020800FB0208E2
:100B8000809698003CFB02086CFB02088CFB020874
:100B9000C4FB0208F0FB020880B586B000AFA7488E
:100BA000F6F728FDA648F6F725FD01221021A548F5
:100BB000F9F734FAFEF752F902F015FA0346A24AA1
:100BC00013603B4600220121184602F073FA3B46AF
:100BD00000220221184602F06DFA3B460022042151
:100BE000184602F067FA9948FFF772F89848F6F746
:100BF00001FD9648FEF7FCFE9648F6F7FBFCFEF773
:100C00000DF9FDF7BFFE0346FB75FEF727F9FB7DE7
:100C100083F00103DBB2002B04D08F48FEF7E0FB2A
:100C2000034607E18D4B00221A604FF4967002F0E4
:100C3000EDF9FFF7F1FD034683F00103DBB2002B72
:100C400004D08748FEF7CCFB0346F3E07F48FEF76D
:100C500033FE034683F00103DBB2002B04D081484E
:100C6000FEF7BEFB0346E5E07F493220FFF79EFE1C
:100C7000034683F00103DBB2002B04D07B48FEF770
:100C8000AFFB0346D6E07A48FEF78AFF034683F0BF
:100C90000103DBB2002B04D07648FEF7A1FB03462C
:100CA000C8E07548FFF7ADF87448FFF797F8744847
:100CB000FFF794F872490A20FFF778FE034683F0A5
:100CC0000103DBB2002B04D06E48FEF789FB03461C
:100CD000B0E06D48FEF764FF034683F00103DBB22A
:100CE000002B04D06948FEF77BFB0346A2E068486E
:100CF000FFF774F86748FEF753FF034683F00103DC
:100D0000DBB2002B04D06448FEF76AFB034691E097
:100D1000FFF718F8034683F00103DBB2002B04D081
:100D20005E48FEF75DFB034684E05D48FEF738FF52
:100D3000034683F00103DBB2002B04D05948FEF7D1
:100D40004FFB034676E0FEF7FDFF034683F0010309
:100D5000DBB2002B04D05448FEF742FB034669E0A7
:100D60005248FEF71DFF034683F00103DBB2002B60
:100D700004D04F48FEF734FB03465BE04D48FFF7D5
:100D80002DF84D48FEF70CFF034683F00103DBB25C
:100D9000002B04D04948FEF723FB03464AE0FEF748
:100DA000D1FF034683F00103DBB2002B04D044489B
:100DB000FEF716FB03463DE04248FEF7F1FE034610
:100DC00083F00103DBB2002B04D03F48FEF708FBA1
:100DD00003462FE0FEF7B6FF034683F00103DBB2C4
:100DE000002B04D03948FEF7FBFA034622E03848CE
:100DF000FEF7D6FE034683F00103DBB2002B04D0DE
:100E00003448FEF7EDFA034614E0FEF77DFE324863
:100E1000F6F7F0FBFEF702F8FDF7B4FDFEF71EF85B
:100E20000E4B00221A602D48FEF752FF2C48F6F7B1
:100E3000E1FB012318461837BD4680BD14FC0208AB
:100E400054FC0208001402409C7D002084FC02082F
:100E500090FC0208D4FC020814FD0208ECBE00203D
:100E600040FD020858FD02087CFD0208A4FD0208AE
:100E7000CCFD0208DCFD020800FE020814FE020898
:100E80002CFE020840FE020870FE020884FE0208E2
:100E9000ACFE0208C4FE0208D8FE020800FF0208E9
:100EA00010FF020820FF020844FF020854FF020856
:100EB00064FF020888FF0208A0FF0208BCFF0208C6
:100EC000ECFF0208FCFF02080C00030830000308D6
:100ED0004000030850000308B4EA02087400030845
:100EE0007C00030880B584B000AF78607A6840F673
:100EF00078012B48F6F77EFBFDF790FF294B1B6826
:100F00001846F4F721FD0346FB73FDF7A7FFFB7BB3
:100F100083F00103DBB2002B05D079682248F6F795
:100F200069FB002338E07868FEF7D6FC034683F0BF
:100F30000103DBB2002B01D000232DE01B4B01226B
:100F40001A70FDF70FFE0346BB73184B00221A7090
:100F5000BB7B83F00103DBB2002B05D0796814481A
:100F6000F6F748FB002317E0FDF7CCFE034683F0BD
:100F70000103DBB2002B05D079680E48F6F73AFB87
:100F8000002309E07868FEF7E9FD642002F03EF8EE
:100F90007868FEF791FC034618461037BD4680BDC1
:100FA000BC00030830000020FC000308957D0020F1
:100FB0001C0103083801030880B582B000AF7860D7
:100FC0000748FEF715FD074B00221A7002F00BF8D8
:100FD0000346184602F00EF800BF0837BD4680BD34
:100FE0005401030898CF002080B584B004AF174B9C
:100FF0001B78DBB2002B03D01548F6F7FBFA22E092
:101000001448F6F7F7FA114B01221A70124B0293AB
:10101000124B01930323009300234FF48062104985
:10102000104803F0DDFB03460F4A13600E4B1B68AC
:10103000002B08D10D48F6F7DDFA044B00221A7098
:101040000B48FEF7D5FCBD4680BD00BF98CF002001
:1010500074010308A0010308F4CE0020F4BE0020B0
:10106000DC010308B90F010894CF0020EC0103084C
:101070002802030880B584B000AF7860F7F7F2F873
:10108000F86010E0F7F7EEF80246FB68D31A7A68CA
:101090009A4205D279680D48F6F7ACFA002311E0C0
:1010A000142001F0B3FF0A4B1B78DBB2002BE9D10F
:1010B000642001F0ABFF074B00221A600648F6F7E8
:1010C00099FA012318461037BD4680BD5002030827
:1010D00098CF002094CF00208802030880B500AF8D
:1010E000154B1B68002B10DA1448F6F783FAFCF74F
:1010F000BBFC0346002B04D01148F6F77BFA002313
:1011000017E01048F6F776FA02E00F48F6F772FAA1
:101110000E48F6F76FFAFCF7CBFE0346002B04D01F
:101120000B48F6F767FA002303E00A48F6F762FA7D
:101130000123184680BD00BF44000020B802030808
:10114000D8020308FC020308180303083C03030841
:101150005C0303089803030880B500AF0A48F6F75C
:1011600049FAFDF75BFE094B1B681846F4F778F95E
:10117000FDF774FE064B4FF000021A60054B01228A
:101180001A6000BF80BD00BFC0030308300000200C
:10119000F0BE00205801002080B584B000AF786018
:1011A00079681348F6F726FAFDF738FE114B1B68ED
:1011B0001846F4F7A3FC0346FB73FDF74FFEFB7BD9
:1011C00083F00103DBB2002B05D079680A48F6F7FB
:1011D00011FA002307E0094B4FF000021A60084B98
:1011E00001221A60012318461037BD4680BD00BF9A
:1011F000FC0303083000002024040308F0BE002094
:101200005801002080B586B000AF786079685048FA
:10121000F6F7F0F94F48FEF74FFB034683F0010362
:10122000DBB2002B05D079684B48F6F7E3F90023D1
:101230008AE0FCF719FC0346002B05D07968474883
:10124000F6F7D8F900237FE0FCF732FE0346002BC7
:1012500005D079684248F6F7CDF9002374E0002301
:101260007B6125E03F4A7B6952F8233019463E48AE
:10127000F6F7C0F93D4A7B6952F823303C4A52F8F0
:1012800023301846FCF776FF0346002B0AD0354A78
:101290007B6952F823307A6819463648F6F7AAF97E
:1012A000002351E0C82001F0B1FE7B6901337B616E
:1012B0007B69022BD6DD79682F48F6F79BF9FFF79B
:1012C00017F80346FB7379682C48F6F793F9002367
:1012D0003B6125E02A4A3B6952F8233019462248EF
:1012E000F6F788F9274A3B6952F82330204A52F82A
:1012F00023301846FCF73EFF0346002B0AD0204A55
:101300003B6952F823307A6819461A48F6F772F9A1
:10131000002319E0C82001F079FE3B6901333B61ED
:101320003B69012BD6DDFB7B83F00103DBB2002B95
:1013300005D079681448F6F75DF9002304E0796870
:101340001248F6F757F9012318461837BD4680BDF5
:1013500048040308AC040308CC0403080805030888
:10136000440503085C010020D8050308585303080E
:101370004C000020F0050308200603087806030847
:101380006801002064530308C40603080407030827
:1013900080B588B000AF0023FB61B148F6F72AF9A9
:1013A000FFF79CFE034683F00103DBB2002B04D061
:1013B000AC48FEF715F803460EE2AB48F6F71AF90B
:1013C00001221021A948F8F729FEFDF747FD01F099
:1013D0000AFE0346A64A13603B4600220121184636
:1013E00001F068FE3B4600220221184601F062FE31
:1013F0003B4600220421184601F05CFEFFF7ACFEDC
:101400009C48FEF765FCFFF7EFFD9B48F6F7F2F806
:10141000FDF704FDFDF7B6FA0346FB75FDF71EFD6B
:10142000FB7D83F00103DBB2002B04D09348FDF772
:10143000D7FF0346D0E1924B00221A604FF496701A
:1014400001F0E4FD8F48F6F7D5F88F48FEF734FA3F
:10145000034683F00103DBB2002B04D08B48FDF779
:10146000BFFF0346B8E1FDF71BFB034683F0010312
:10147000DBB2002B04D08648FDF7B2FF0346ABE198
:101480004FF4FA618348F6F7B5F84FF4FA6001F0CB
:10149000BDFD8148F6F7AEF88048FFF7EBFD034647
:1014A00083F00103DBB2002B04D07D48FDF798FFE9
:1014B000034691E1FB690133FB61F869FFF7A2FE86
:1014C000034683F00103DBB2002B04D07548FDF71F
:1014D00087FF034680E17448FFF704FD034683F06D
:1014E0000103DBB2002B04D07048FDF779FF0346FF
:1014F00072E1FB690133FB61F869FFF783FE034684
:1015000083F00103DBB2002B04D06948FDF768FFCC
:10151000034661E16748FFF7E5FC034683F00103FA
:10152000DBB2002B04D06448FDF75AFF034653E1B9
:101530006248F6F75FF8FFF783F8034683F001038C
:10154000DBB2002B04D05E48FDF74AFF034643E1BF
:10155000FB690133FB61F869FFF754FE034683F032
:101560000103DBB2002B04D05648FDF739FF0346D8
:1015700032E15548FFF7B6FC034683F00103DBB2C6
:10158000002B04D05148FDF72BFF034624E1FB69F3
:101590000133FB61F869FFF735FE034683F0010371
:1015A000DBB2002B04D04A48FDF71AFF034613E1D3
:1015B0004848FFF797FC034683F00103DBB2002B9A
:1015C00004D04548FDF70CFF034605E1FB690133F4
:1015D000FB61F869FFF716FE034683F00103DBB2F7
:1015E000002B04D03D48FDF7FBFE0346F4E03C48E9
:1015F000FFF778FC034683F00103DBB2002B04D035
:101600003848FDF7EDFE0346E6E0FB690133FB6178
:10161000F869FFF7F7FD034683F00103DBB2002B07
:1016200004D03148FDF7DCFE0346D5E00123BB6161
:10163000B9E00722B9692D48F5F7DCFFFFF700F89C
:10164000034683F00103DBB2002B55D0B96928486B
:10165000F5F7D0FF2748FDF7C3FE0346BCE000BF07
:1016600030070308640703087C07030800140240DE
:101670009C7D0020AC070308C407030814FD020882
:10168000ECBE0020040803085008030860080308A3
:1016900088080308A8080308DC080308E09304008E
:1016A0001009030844090308640903087C090308B6
:1016B00094090308B4090308CC090308E4090308E2
:1016C000200A03084C0A03086C0A0308840A03086A
:1016D0009C0A0308BC0A0308D40A0308EC0A03089E
:1016E0000C0B0308240B03083C0B03085C0B0308DA
:1016F000880B0308C80B0308FB690133FB61F86919
:10170000FFF780FD034683F00103DBB2002B04D01A
:101710003348FDF765FE03465EE03248FFF7E2FB23
:10172000034683F00103DBB2002B04D02E48FDF703
:1017300057FE034650E0FB690133FB61F869FFF790
:1017400061FD034683F00103DBB2002B04D0244883
:10175000FDF746FE03463FE02448FFF7C3FB034680
:1017600083F00103DBB2002B04D02148FDF738FEE3
:10177000034631E0FB690133FB61F869FFF742FD85
:10178000034683F00103DBB2002B04D01448FDF7BD
:1017900027FE034620E00722B9691648F5F72AFF1D
:1017A000BB690133BB61BB69072B7FF742AFFEF713
:1017B000ABF91148F5F71EFFFDF730FBFDF7E2F836
:1017C000FDF74CFB0D4B00221A600D48FFF7E4FCBF
:1017D0000C48F5F70FFF012318462037BD4680BDA2
:1017E000F40B03081C0C0308300C0308540C03080A
:1017F0006C0C0308940C0308C80C0308ECBE002012
:1018000074000308EC0C030890B583B000AF1448D3
:10181000F5F7F0FE00237B6019E07B68591C114846
:101820007A681346DB009B1A9B00034418680D4C32
:101830007A681346DB009B1A9B00234404331B6821
:1018400002460948F5F7D6FE7B6801337B607B686A
:10185000032BE2DD00BF00BF0C37BD4690BD00BFCB
:10186000A40D0308D0520308C80D030880B592B038
:1018700000AF786000237B645BE0FFF7C5FF324870
:10188000F5F7B8FE07F13C0207F1080330211846CE
:10189000FEF78BFB034683F00103DBB2002B03D082
:1018A0002A48F5F7A7FE41E0FB6B07F13802114625
:1018B0001846FEF70BFB0346002B14D0BB6B002B26
:1018C0000AD0BB6B042B07D8BB6BDBB2013BDAB28F
:1018D0007B681A70012333E0BB6B042219461C4855
:1018E000F5F788FE22E000233B6417E0F86B194906
:1018F0003A6C1346DB009B1A9B000B441B6819468D
:10190000FEF71CFB0346002B05D03B6CDAB27B686C
:101910001A70012314E03B6C01333B643B6C032BD6
:10192000E4DDFB6B19460C48F5F764FE7B6C013374
:101930007B647B6C022BA0DD0848F5F75BFE00237F
:1019400018464837BD4680BD3CF00208E00D03084C
:101950000C0E0308D0520308340E0308600E03086F
:1019600080B592B000AFF8607A603B600B467B8137
:10197000002387F847307B8901221946F868F8F779
:101980004DFB3A6879682548F5F734FE39682448F4
:10199000F5F730FE07F1400207F110033021184639
:1019A000FEF703FB034683F00103DBB2002B04D0F8
:1019B00039681C48F5F71EFE1AE03B6C1A491846B8
:1019C000FEF7BCFA0346002B07D13B6C17491846BB
:1019D000FEF7B4FA0346002B03D0012387F8473003
:1019E00006E03B6C3A6819461148F5F703FECDE76F
:1019F0007B8900221946F868F8F710FB3A68796885
:101A00000C48F5F7F7FD4FF4FA7001F0FFFA97F87C
:101A1000473018464837BD4680BD00BF900E0308CA
:101A2000A80E0308D80E0308100F0308140F0308AC
:101A3000180F0308480F0308B0B582B000AF034683
:101A4000FB71FA7914491346DB009B1A9B000B4487
:101A500008331868FA7910491346DB009B1A9B007B
:101A60000B440C331988FA790B4C1346DB009B1A94
:101A70009B0023441C68FA79074D1346DB009B1A30
:101A80009B002B4404331B682246FFF769FF034683
:101A900018460837BD46B0BDD052030880B594B093
:101AA00000AF0346FB71FA7960491346DB009B1ACD
:101AB0009B000B441B68BB64FA795C491346DB004E
:101AC0009B1A9B000B4404331B687B64FA795749CB
:101AD0001346DB009B1A9B000B4410331B683B64CE
:101AE000002387F84F30FA7950491346DB009B1AE0
:101AF0009B000B4408331868FA794C491346DB0005
:101B00009B1A9B000B440C331B8801221946F8F7E3
:101B100085FAFA7945491346DB009B1A9B000B4472
:101B200014331868FA7941491346DB009B1A9B006D
:101B30000B4418331B8801221946F8F76FFA3B6CE7
:101B40007A6CB96C3A48F5F755FD3B6C7A6CB96C18
:101B50003848F5F74FFD07F13C0207F10C0330213F
:101B60001846FEF722FA034683F00103DBB2002B8E
:101B700005D03A6C796C3048F5F73CFD19E0FB6B09
:101B80002E491846FEF7DAF90346002B07D1FB6B06
:101B90002B491846FEF7D2F90346002B03D0012348
:101BA00087F84F3005E0FB6B19462648F5F722FD14
:101BB000CBE7FA791D491346DB009B1A9B000B44C7
:101BC00008331868FA7919491346DB009B1A9B0001
:101BD0000B440C331B8800221946F8F71FFAFA79D8
:101BE00012491346DB009B1A9B000B441433186800
:101BF000FA790E491346DB009B1A9B000B441833FD
:101C00001B8800221946F8F709FA3B6C7A6CB96C0C
:101C10000D48F5F7EFFC4FF4FA7001F0F7F997F87B
:101C20004F3018465037BD4680BD00BFD052030824
:101C3000600F0308800F0308B00F0308100F03089C
:101C4000140F0308F00F03082010030880B586B0B6
:101C500006AF0F4B1B78002B16D1402304930D4B7E
:101C600003934FF4804302930B4B01934FF40053C3
:101C70000093094B4FF4006207490848F4F728FF26
:101C8000034B01221A7000E000BFBD4680BD00BFBB
:101C9000BCCF002000080240001002409CCF002072
:101CA00080B586B002AFF860B9607A603B60FFF73C
:101CB000CDFF7B680093BB68FA6839680848F5F780
:101CC00099FC7B68BA68F9680648F5F709F839683D
:101CD0000548F5F78FFC012318461037BD4680BD37
:101CE000441003089CCF00207810030880B500AF93
:101CF000044B0A2200210448FFF7D2FF034618468E
:101D000080BD00BF94100308E093040080B500AFCD
:101D1000044B0A2201210448FFF7C2FF034618467C
:101D200080BD00BF9C1003085880040080B584B0BB
:101D300000AF0023BB604548F5F75CFCFFF7D6FF1A
:101D40004348F5F757FC01224FF480414148F8F72A
:101D500065F941F2883001F059F900224FF48041D1
:101D60003C48F8F75BF941F288313B48F5F742FC13
:101D70004FF4FA7001F04AF907F1080319463748A1
:101D8000FEF73AF9034683F00103DBB2002B06D0DD
:101D90003348F5F72FFCFFF7B9FF002352E0BB688B
:101DA000002B06D12F48F5F725FCFFF7AFFF0123E5
:101DB00048E0BB68042B05D9BB68042219462A48B1
:101DC000F5F718FC0123FB602DE0BB681A46F968A3
:101DD0002648F5F70FFCFB1D1846FFF747FD0346A5
:101DE00083F00103DBB2002B03D0FFF78FFF00234A
:101DF00028E0FB791846FFF71FFE034683F0010336
:101E0000DBB2002B0CD0FB791946194A0B46DB00DC
:101E10005B1A9B0013441B6819461648F5F7EAFB4A
:101E2000FB680133FB60BB68FA689A42CDD9BB6896
:101E300019461148F5F7DEFBFFF768FF0F48F5F785
:101E4000D9FB012318461037BD4680BDA4100308F6
:101E5000C410030800140240E41003081011030822
:101E6000441103085811030874110308D011030822
:101E7000D0520308FC1103084C120308781203081F
:101E800080B582B000AF0346FB71FB791A46102182
:101E90000848F8F7C3F8FB79002B01D0064B00E0A7
:101EA000064B19460648F5F7A5FB00BF0837BD46A7
:101EB00080BD00BF001402408C1203089812030872
:101EC000A812030880B500AF00224FF480410948F2
:101ED000F8F7A4F80848F5F78DFB4FF4FA7001F015
:101EE00095F80120FFF7CCFF4FF4FA7001F08EF85F
:101EF00000BF80BD00140240C812030880B500AFC7
:101F0000FFF7E0FF0948F5F775FB0020FCF75EF9E5
:101F10000346002B03D00648F5F76CFB05E04FF4B1
:101F2000FA7001F073F8FFF7F1FE80BD00130308AB
:101F30003413030880B582B000AF0346FB71FB7910
:101F40001846FFF7ABFD034683F00103DBB2002B1D
:101F50000BD0FA7907491346DB009B1A9B000B4410
:101F60001B6819460448F5F745FB00BF0837BD4616
:101F700080BD00BFD0520308D013030880B586B0DF
:101F800000AF0023BB606748F5F734FBFBF76CFD3F
:101F90000346002B04D06448F5F72CFB0023BDE07A
:101FA000FBF786FF0346002B04D06048F5F722FBC1
:101FB0000023B3E00120FFF763FF5D48F5F71AFB4C
:101FC0000020FCF703F90346002B04D05948F5F72D
:101FD00011FB0023A2E04FF4FA7001F017F8564805
:101FE000F5F708FBFCF71AFFFCF7CCFC0346FB7384
:101FF000FCF734FFFB7B83F00103DBB2002B04D042
:102000004E48F5F7F7FA002388E04D4B00221A609E
:10201000FFF76CFE00237B611EE07B690133032226
:1020200019464848F5F7E6FA474A7B6952F82330E3
:102030001846FCF79FF80346002B07D07B69013355
:1020400019464248F5F7D6FA002367E0C82000F0A9
:10205000DDFF7B6901337B617B69022B02DC7B69DD
:10206000042BDADD3A48F5F7C5FA01224FF4804136
:102070003848F7F7D3FF0020FFF702FF3648F5F79F
:10208000B9FA4FF4FA7000F0C1FF07F108031946DE
:102090003248FDF7B1FF034683F00103DBB2002BAA
:1020A00006D02F48F5F7A6FAFFF728FF002335E002
:1020B000BB68042B05D9BB68042219462948F5F7EB
:1020C00099FA01233B611AE0BB681A463969264830
:1020D000F5F790FAFB1D1846FFF7C8FB034683F09F
:1020E0000103DBB2002B03D0FFF708FF002315E04C
:1020F000FB791846FFF71EFF3B6901333B61BB6864
:102100003A699A42E0D9BB6819461848F5F772FA5D
:10211000FFF7F4FE1648F5F76DFA01231846183755
:10212000BD4680BDF813030828140308541403089F
:10213000D4140308F0140308201503083C15030801
:10214000ECBE00206C15030814010020981503084C
:10215000CC150308001402400816030810110308E8
:102160004411030874110308D01103084C1203082A
:1021700050160308B0B58CB004AF8F4BC0221A7054
:102180008D4BA8225A708C4B3A229A708A4B64224B
:10219000DA708A4BFA221A70884BFA225A70874BEF
:1021A000FA229A70854B0022DA70854BC0221A7091
:1021B000834BA8225A70824B3A229A70804B02229B
:1021C000DA700021002008F02BF87B4B1B781A06F0
:1021D000794B5B781B041A43774B9B781B021343A4
:1021E000754AD27813431A06734B1B781906724B43
:1021F0005B781B041943704B9B781B020B436E49A1
:10220000C9780B431B0203F47F031A436A4B1B7804
:102210001906694B5B781B041943674B9B781B02BB
:102220000B436549C9780B431B0A03F47F431A43E8
:10223000614B1B781906604B5B781B0419435E4B9E
:102240009B781B020B435C49C9780B431B0E13435D
:102250005C4A1360594B1B781A06584B5B781B0479
:102260001A43564B9B781B021343544AD2781343AC
:102270001A06524B1B781906504B5B781B04194306
:102280004E4B9B781B020B434C49C9780B431B02F6
:1022900003F47F031A43494B1B781906474B5B78BD
:1022A0001B041943454B9B781B020B434349C978D8
:1022B0000B431B0A03F47F431A43404B1B78190658
:1022C0003E4B5B781B0419433C4B9B781B020B4332
:1022D0003A49C9780B431B0E13433B4A1360384BF2
:1022E0001B781A06364B5B781B041A43344B9B78D9
:1022F0001B021343324AD27813431A06304B1B7821
:1023000019062F4B5B781B0419432D4B9B781B023E
:102310000B432B49C9780B431B0203F47F031A4379
:10232000274B1B781906264B5B781B041943244B5B
:102330009B781B020B432249C9780B431B0A03F409
:102340007F431A431E4B1B7819061D4B5B781B04F9
:1023500019431B4B9B781B020B431949C9780B434C
:102360001B0E1343194A1360194B0293194B019327
:1023700000230093154B144A1249174808F0E6FD54
:10238000154808F095FF144808F0A2FF13491248B9
:1023900009F0A0F8124B3C1D1D460FCD0FC495E867
:1023A000070084E807003B1D0B49184600F0CFFDED
:1023B00000BF2037BD46B0BD00D0002004D00020B3
:1023C00008D00020F4CF0020F8CF0020FCCF002060
:1023D00031A1010885290108C0CF0020E5230108AB
:1023E0007816030880B483B000AF786000BF0C3764
:1023F000BD465DF8047B704780B487B000AF78605D
:1024000039603B687B617B683B612023FB60BFF3E5
:102410004F8F00BF0BE00D4A3B69C2F85C32FB688E
:102420003A6913443B617A69FB68D31A7B617B6923
:10243000002BF0DCBFF34F8F00BFBFF36F8F00BFE7
:1024400000BF1C37BD465DF8047B704700ED00E01F
:1024500080B582B000AF7860044B1B68184600F06E
:1024600091FF00BF0837BD4680BD00BFA419012001
:1024700080B582B000AF7860044B1B68184600F04E
:1024800081FF00BF0837BD4680BD00BFA8190120ED
:1024900080B582B000AF78607868F6F7C2FE034678
:1024A00003F08003802B04D1044B1B68184600F016
:1024B00069FF00BF0837BD4680BD00BFA4190120D9
:1024C000B0B5B4B000AF7860002387F8C730002300
:1024D000C7F8C8300023C7F8C03007F15C03642296
:1024E0000021184614F017FAA14BA24A1A600023E3
:1024F00087F85430802387F85530E12387F8563029
:10250000002387F85730002387F85830002387F8D6
:102510005930974A07F154035360954B4FF400022A
:102520009A60934B944ADA60914B944A1A61904BAB
:102530004FF4C0625A618E48F6F72AF8034687F8CE
:10254000C730382200218E4814F0E5F98C4B212247
:102550001A608B4B4FF440025A61894B00221A617A
:10256000884808F07BFB7B68062283F82C20804B90
:102570005B681A787B6883F826207D4B5B680133A3
:102580001A787B6883F82720794B5B6802331A78C6
:102590007B6883F82820764B5B6803331A787B6866
:1025A00083F82920724B5B6804331A787B6883F8C0
:1025B0002A206F4B5B6805331A787B6883F82B20E1
:1025C0007B6840F2DC529A847B6893F82D3043F0AC
:1025D0000A03DAB27B6883F82D200023FB64002312
:1025E0003B6507F14C030121184600F04BFE034602
:1025F000654A136000237B640023BB6407F1440336
:102600000121184600F03EFE0346604A13605E4B0F
:102610001B680021184600F067FE5C4B1B68002118
:10262000184600F061FE5A4B07F128041D460FCDF5
:102630000FC495E8070084E8070007F128037968CC
:10264000184600F084FC53495348F5F7E4FC52481F
:10265000F5F713FD0346002B06D0786808F00AFF53
:10266000786808F0A1FE80E097F8C730002B64D1AD
:102670004948F5F74FFDC7F8C000D7F8C030012B27
:1026800006DC786808F0F6FE786808F08DFE56E003
:10269000D7F8C030023B032B2AD801A252F823F00E
:1026A000B1260108C3260108D3260108E326010844
:1026B0004FF40063C7F8CC304FF48043C7F8C830FC
:1026C0001FE00023C7F8CC304FF48043C7F8C83070
:1026D00017E04FF40063C7F8CC300023C7F8C830C8
:1026E0000FE00023C7F8CC300023C7F8C83008E05B
:1026F0004FF40063C7F8CC304FF48043C7F8C830BC
:1027000000BF07F15C0319461948F6F729FCD7F812
:10271000CC307B67D7F8C8303B6707F15C031946BC
:102720001348F6F714FD1248F5F7CCFF786808F067
:10273000CFFD786808F06AFE01E0F1F7C7FCF5F715
:10274000C1FD0346B3F5805F0FD1144B07F10C04B4
:102750001D460FCD0FC495E8070084E8070007F178
:102760000C030021184600F0F2FBD037BD46B0BD87
:10277000AC1901200080024090020020F0010020EE
:102780005C1A01206C530308A4190120A819012028
:102790009C16030870010020941A0120C816030833
:1027A00080B592B000AF7860396000237B6400236D
:1027B0003B64002387F83F3007F10C0330220021EF
:1027C000184614F0A8F807F10C033022002118462F
:1027D00014F0A1F83B683B6445E07B6C032B02D905
:1027E0006FF00B037FE03B6C59687A6C13465B001B
:1027F00013449B0048333B443C3B19603B6C5B8972
:1028000019467A6C13465B0013449B0048333B44E3
:10281000383B19607B6C002B11D07B6C5A1E07F182
:102820000C00796C0B465B000B449B00C1181346EF
:102830005B0013449B0048333B44343B19603B6CC2
:102840001B68002B09D17A6C13465B0013449B0074
:1028500048333B44343B00221A607B6C01337B6479
:102860003B6C1B683B643B6C002BB6D13B681B89FF
:102870001A461F4B5A601E4A07F10C0393601C4A0C
:102880003B685363386809F0E3FA19491948F6F7C9
:1028900009F80346002B03D1002387F83F301BE0E3
:1028A0001448F6F7B1FC034603F00203002B0DD0E9
:1028B000114B1B684FF4FA61184600F015FD0D48E6
:1028C000F6F790F9FE2387F83F3005E0386809F005
:1028D00019FAF42387F83F3097F93F3013F1020FCC
:1028E000D3D097F93F3018464837BD4680BD00BF6A
:1028F0005C1A0120AC190120A819012080B584B010
:1029000000AF78600023FB60074B1B78002B05D1DC
:1029100007F10C0319460548F6F720F8FB6818463E
:102920001037BD4680BD00BFA0190120AC190120A1
:1029300080B584B000AF78600023FB607B68BB602B
:102940000F4B1B684FF0FF31184600F0CDFC0346DB
:10295000002BF5D1B868FFF7D1FFF860FB68002BBA
:102960000AD0BB681B69B968F86898470346002B12
:1029700002D0F86809F0C6F9FB68002BEAD1DFE75E
:10298000A419012080B582B000AF78607B68002B6D
:1029900006D10E4B40F217220D490E4813F0CAFE25
:1029A0007B68732283F82E207B68742283F82F20A3
:1029B0007B68094A5A617B68084A9A617868FFF720
:1029C0007FFD002318460837BD4680BDE416030886
:1029D0000017030810170308653C0208A127010827
:1029E00080B584B000AF78607B68FB60F968094807
:1029F00008F056FA084B1B78012B07D1064B002232
:102A00001A70064B1B68184600F0BCFC00BF10375C
:102A1000BD4680BD6C530308A0190120A4190120F4
:102A200080B500AFF5F71EFC0346184680BD0000D8
:102A300080B58EB000AF786007F1240300221A60E1
:102A40005A609A60DA601A617B681B68524A934246
:102A500040F09E80514B1B6B504A43F00073136350
:102A60004E4B1B6B03F000733B623B6A4B4B1B6B83
:102A70004A4A43F080631363484B1B6B03F0806347
:102A8000FB61FB69454B1B6B444A43F000631363D6
:102A9000424B1B6B03F00063BB61BB693F4B1B6B7D
:102AA0003E4A43F0040313633C4B1B6B03F00403E7
:102AB0007B617B69394B1B6B384A43F0010313631D
:102AC000364B1B6B03F001033B613B69334B1B6BC4
:102AD000324A43F002031363304B1B6B03F00203D3
:102AE000FB60FB682D4B1B6B2C4A43F040031363C8
:102AF0002A4B1B6B03F04003BB60BB6832237B6235
:102B00000223BB620023FB6202233B630B237B6334
:102B100007F1240319462248F6F7B0FF86237B62AB
:102B20000223BB620023FB6202233B630B237B6314
:102B300007F1240319461B48F6F7A0FF4FF4005392
:102B40007B620223BB620023FB6202233B630B23F5
:102B50007B6307F1240319461348F6F78FFF4FF400
:102B600020537B620223BB620023FB6202233B6390
:102B70000B237B6307F1240319460C48F6F77EFF0D
:102B8000002205213D20F5F761FC3D20F5F77AFC98
:102B900000BF3837BD4680BD00800240003802408B
:102BA00000080240000002400004024000180240F9
:102BB00080B500AF0248F6F7E5FA0023184680BD5D
:102BC000AC19012080B400AF00231846BD465DF863
:102BD000047B704780B584B000AFF860B9607A605C
:102BE0007B68BA68F9680748F6F726F90346002BB0
:102BF00002D04FF0FF3300E0002318461037BD46E7
:102C000080BD00BFAC19012080B584B000AFF86072
:102C1000B9607A607B68BA68F9680748F6F757F9CF
:102C20000346002B02D04FF0FF3300E0002318468C
:102C30001037BD4680BD00BFAC19012080B500AF84
:102C4000F5F710FB0346184680BD000080B5A0B024
:102C500000AF786007F1080364220021184613F0E2
:102C60005AFE00233B670023FB670023BB6700235A
:102C70007B677B68FB663A48F5F74CFA3867FB6E72
:102C800093F82D309B0803F00103DBB2002B0CD02E
:102C90003B6F012B09DC3348F5F784FDF86E08F033
:102CA00083FBF86E08F0E6FB55E0FB6E93F82D30E1
:102CB00003F00403002B4ED13B6F012B4BDD3B6F28
:102CC000023B032B2AD801A252F823F0DD2C010885
:102CD000EF2C0108FF2C01080F2D01084FF40063B1
:102CE0007B674FF48043BB670123FB6717E000233A
:102CF0007B674FF48043BB670123FB670FE04FF412
:102D000000637B670023BB670123FB6707E00023A9
:102D10007B670023BB670123FB6700E000BFFB6FFD
:102D2000002B18D007F1080319460E48F6F718F9DA
:102D30007B6F3B62BB6FFB6107F1080319460948D3
:102D4000F6F705FA0748F5F7BDFCF86E08F0C0FA8B
:102D5000F86E08F05BFB642000F058F98BE700BFC9
:102D6000941A0120AC19012080B586B002AF7860BA
:102D7000124808F01BF8F860FB68002B14D0FB68C1
:102D800003F120027B681A60FB680D4A1A617B68B8
:102D90001B684FF4C06201920093FB68412200213E
:102DA000002008F0C3FD05E0064B01221A707B6885
:102DB00000221A6000BF1037BD4680BD6C53030867
:102DC000E1290108A019012080B588B000AFF860A2
:102DD000B9607A607B80FB68BB61BB687B61002364
:102DE000FB617B68203BFB61FB6900221A60FB6989
:102DF00000221A81FB697A885A81BB691B68002B03
:102E000003D1BB69FA691A6003E07B691B68FA6940
:102E10001A607B69FA691A60BB691B68FB6109E08B
:102E2000FB691A897B8813449AB2FB691A81FB6992
:102E30001B68FB61FB69002BF2D17B88194678681F
:102E4000FFF7DAFA00BF2037BD4680BD80B582B0FB
:102E500000AF7860786808F055FF00BF0837BD46BE
:102E600080BD000080B582B000AF7860154B1B6854
:102E7000D3F8C431002B03D0002000F0BBF8F5E7F5
:102E8000104B1B68D3F894310A2B16D90E4B5B6894
:102E90000D4A23F4000353600B4B5B680A4A43F46A
:102EA00000035360074B1B68D3F80021054B1B68D8
:102EB00042F00102C3F80021D8E7C82000F0A6F8CC
:102EC000D4E700BFAC1901200038014080B485B0C0
:102ED00000AF0346FB800023FB60B7F90630842B6C
:102EE00005D0B7F90620FB6813440333FB60FB6889
:102EF00018461437BD465DF8047B704780B483B034
:102F000000AFEFF305837B607B68002B14BF0123C8
:102F10000023DBB218460C37BD465DF8047B7047D2
:102F200080B500AF01F0DEFE0023184680BD80B5FD
:102F300000AFFFF7E3FF0346002B03D001F0FEFFD5
:102F4000034602E001F0EAFF0346184680BDF0B5F3
:102F500089B004AF786039607B685B69002B20D052
:102F60007B689B69002B1CD07B685C687B681D6854
:102F70007B681E697B68B3F908301846FFF7A6FF27
:102F800001467B685B697A689269029201930091BD
:102F90003B6832462946204601F022FC0346FB608E
:102FA0001CE07B685C687B681D687B681B699EB25F
:102FB0007B68B3F908301846FFF788FF024607F12F
:102FC0000C03019300923B6832462946204601F0EB
:102FD0006DFC0346012B01D0002300E0FB6818467E
:102FE0001437BD46F0BD80B500AF02F0D1FA0346FC
:102FF000184680BD80B582B000AF7860786801F077
:10300000A7FD002318460837BD4680BD80B584B0B3
:1030100000AF78607B68FB60FB68002B01D0FB6829
:1030200000E00123184601F025FE00231846103762
:10303000BD4680BD80B586B002AF786039600023A0
:10304000FB600023BB60FFF759FF0346002B1CD039
:10305000396807F1080207F10C03009313460122B7
:10306000786802F0ABFD0346012B02D04FF000431D
:1030700019E0FB68002B15D00D4B4FF080521A6001
:10308000BFF34F8FBFF36F8F0CE0396807F1080370
:103090000122786802F0CAFC0346012B02D04FF0EF
:1030A000004300E0BB6818461037BD4680BD00BF36
:1030B00004ED00E090B589B000AFF860B9607A60C7
:1030C00000237B610023FB617B68B3F1FF3F03D1E9
:1030D0004FF0FF33FB6109E07B68002B06D07B6873
:1030E000FB61FB69002B01D10123FB61FFF706FFA8
:1030F0000346002B02D082233B611BE0B96807F135
:1031000010031A1DFB69002002F030FC0346012B5E
:1031100008D0FB69002B02D100233B610AE0402369
:103120003B6107E07B69002B02DA86233B6101E00B
:1031300008233B61FB681C4607F1100393E8070076
:1031400084E80700F8682437BD4690BD80B582B09A
:1031500000AF78607B685B68002B07D07B685B689A
:103160001946012000F099FC034603E0012000F01D
:103170007CFC034618460837BD4680BD80B584B048
:1031800000AF786039600023BB607B68002B01D101
:1031900080233AE00023FB603B68B3F1FF3F03D19B
:1031A0004FF0FF33FB6009E03B68002B06D03B6823
:1031B000FB60FB68002B01D10123FB60FFF79EFE43
:1031C0000346002B17D007F108031A460021786840
:1031D00001F0C4F80346012B01D0FF2315E0BB68C2
:1031E000002B11D00B4B4FF080521A60BFF34F8F62
:1031F000BFF36F8F08E0F968786800F097FF034627
:10320000012B01D0FF2300E0002318461037BD46F4
:1032100080BD00BF04ED00E080B584B000AF7860F1
:103220000023FB600023BB60FFF768FE0346002B12
:1032300016D007F108031946786800F0F6FD03463A
:10324000012B01D0FF2317E0BB68002B13D00C4BE0
:103250004FF080521A60BFF34F8FBFF36F8F0AE0B9
:10326000002300220021786800F032FC0346012B85
:1032700001D0FF23FB60FB6818461037BD4680BDB8
:1032800004ED00E080B586B002AF786039607B68FD
:103290005B68002B0FD03B68012B0AD17B685B6811
:1032A0000322009200220021012000F0DBFA0346F5
:1032B00016E0002314E03B68012B10D1032200210B
:1032C000012000F056FBF860FB68002B05D00023BE
:1032D00000220021F86800F0FBFBFB6800E00023FF
:1032E00018461037BD4680BD80B584B000AF786009
:1032F00039600023BB607B68002B01D180233AE05A
:103300000023FB603B68B3F1FF3F03D14FF0FF3375
:10331000FB6009E03B68002B06D03B68FB60FB6864
:10332000002B01D10123FB60FFF7E8FD0346002BD2
:1033300017D007F108031A460021786801F00EF84B
:103340000346012B01D0FF2315E0BB68002B11D0F1
:103350000B4B4FF080521A60BFF34F8FBFF36F8F4C
:1033600008E0F968786800F0E1FE0346012B01D01F
:10337000FF2300E0002318461037BD4680BD00BF84
:1033800004ED00E080B584B000AF78600023FB60FE
:103390000023BB60FFF7B2FD0346002B16D007F1F8
:1033A00008031946786800F040FD0346012B01D060
:1033B000FF2317E0BB68002B13D00C4B4FF080525B
:1033C0001A60BFF34F8FBFF36F8F0AE00023002214
:1033D0000021786800F07CFB0346012B01D0FF231D
:1033E000FB60FB6818461037BD4680BD04ED00E069
:1033F00080B582B000AF7860FFF780FD0346002BF8
:1034000001D0822303E0786801F072F800231846A7
:103410000837BD4680BD90B585B002AF7860396091
:103420007B689B68002B11D07B68DB68002B0DD07C
:103430007B6818687B6859687B689A687B68DB687A
:103440000024009400F00EFA034608E07B68186838
:103450007B685B680022194600F08BFA0346184629
:103460000C37BD4690BD000080B586B000AFF86057
:10347000B9607A6000233B617B687B617B69002BCC
:1034800001D101237B61FFF739FD0346002B18D0E2
:1034900007F1100207F108010023F86800F022FC90
:1034A0000346012B01D0FF2318E03B69002B14D009
:1034B0000C4B4FF080521A60BFF34F8FBFF36F8FEA
:1034C0000BE007F1080100237A69F86800F000FBBF
:1034D0000346012B01D0FF2300E0002318461837D4
:1034E000BD4680BD04ED00E090B58BB000AFF86044
:1034F000B9607A60BB68FB610023BB61BB68002BCD
:103500000AD180237B61FB681C4607F1140393E812
:10351000070084E8070054E000233B6200237B623D
:103520007B68B3F1FF3F03D14FF0FF337B6209E0CB
:103530007B68002B06D07B687B627B6A002B01D105
:1035400001237B62FFF7DAFC0346002B1CD007F156
:10355000200207F1140304331946B86800F0FEFE98
:103560000346012B02D110237B6101E000237B6124
:103570003B6A002B1DD0154B4FF080521A60BFF3F1
:103580004F8FBFF36F8F14E007F1140304337A6A8F
:103590001946B86800F0E2FC0346012B02D1102363
:1035A0007B6106E07B6A002B01D1002300E0402311
:1035B0007B61FB681C4607F1140393E8070084E86D
:1035C0000700F8682C37BD4690BD00BF04ED00E051
:1035D00080B582B000AF7860FFF790FC0346002B07
:1035E00004D0786800F063FF034603E0786800F0D9
:1035F0003DFF034618460837BD4680BD80B582B002
:1036000000AF7860FFF77AFC0346002B01D08223DD
:1036100003E0786800F06CFF002318460837BD46C9
:1036200080BD80B483B000AF78607B6803F108028E
:103630007B685A607B684FF0FF329A607B6803F1C9
:1036400008027B68DA607B6803F108027B681A6114
:103650007B6800221A6000BF0C37BD465DF8047B12
:10366000704780B483B000AF78607B6800221A6135
:1036700000BF0C37BD465DF8047B704780B485B051
:1036800000AF786039607B685B68FB603B68FA6814
:103690005A60FB689A683B689A60FB689B683A6866
:1036A0005A60FB683A689A603B687A681A617B687E
:1036B0001B685A1C7B681A6000BF1437BD465DF852
:1036C000047B704780B485B000AF786039603B6898
:1036D0001B68BB60BB68B3F1FF3F03D17B681B690C
:1036E000FB600CE07B680833FB6002E0FB685B6812
:1036F000FB60FB685B681B68BA689A42F6D2FB689D
:103700005A683B685A603B685B683A689A603B68F5
:10371000FA689A60FB683A685A603B687A681A618E
:103720007B681B685A1C7B681A6000BF1437BD4653
:103730005DF8047B704780B485B000AF78607B682B
:103740001B69FB607B685B687A6892689A607B683B
:103750009B687A6852685A60FB685B687A689A422C
:1037600003D17B689A68FB685A607B6800221A6103
:10377000FB681B685A1EFB681A60FB681B681846CA
:103780001437BD465DF8047B7047000080B584B0F7
:1037900000AF786039607B68FB60FB68002B0DD15F
:1037A0004FF0500372B683F31188BFF36F8FBFF3EE
:1037B0004F8F62B6BB6000BF00BFFDE702F05EFC4A
:1037C000FB681A68FB68DB6BF968096C01FB03F3A3
:1037D0001A44FB689A60FB6800229A63FB681A68C7
:1037E000FB685A60FB681A68FB68DB6B013BF96891
:1037F000096C01FB03F31A44FB68DA60FB68FF22E3
:1038000083F84420FB68FF2283F845203B68002BA7
:1038100014D1FB681B69002B1AD0FB6810331846C3
:1038200001F0E8FC0346002B12D00D4B4FF0805204
:103830001A60BFF34F8FBFF36F8F09E0FB6810333F
:103840001846FFF7EEFEFB6824331846FFF7E9FE43
:1038500002F04AFC012318461037BD4680BD00BF68
:1038600004ED00E080B58EB002AFF860B9607A6018
:103870003B60FB68002B0DD14FF0500372B683F311
:103880001188BFF36F8FBFF34F8F62B6BB6200BF6B
:1038900000BFFDE73B68002B0DD14FF0500372B61F
:1038A00083F31188BFF36F8FBFF34F8F62B67B62D4
:1038B00000BF00BFFDE77B68002B02D0BB68002B78
:1038C00001D0012300E00023002B0DD14FF0500365
:1038D00072B683F31188BFF36F8FBFF34F8F62B659
:1038E0003B6200BF00BFFDE77B68002B02D1BB68D5
:1038F000002B01D1012300E00023002B0DD14FF05C
:10390000500372B683F31188BFF36F8FBFF34F8FED
:1039100062B6FB6100BF00BFFDE748237B617B69A6
:10392000482B0DD04FF0500372B683F31188BFF3CC
:103930006F8FBFF34F8F62B6BB6100BF00BFFDE763
:103940007B693B68FB62FB6A002B0DD0FB6A01229E
:1039500083F8462097F83820FB6A009313467A686C
:10396000B968F86800F048F8FB6A18463037BD4679
:1039700080BD80B58AB002AFF860B9601346FB71B4
:10398000FB68002B0DD14FF0500372B683F3118802
:10399000BFF36F8FBFF34F8F62B63B6100BF00BFB5
:1039A000FDE7BB68002B02D10023FB6104E0FB684C
:1039B000BA6802FB03F3FB61FB694833184602F067
:1039C0008BFCB861BB69002B11D0BB697B617B6943
:1039D00048337B61BB69002283F84620FA79BB69D2
:1039E000009313467A69B968F86800F005F8BB6976
:1039F00018462037BD4680BD80B584B000AFF86062
:103A0000B9607A60FB70BB68002B03D1BB69BA69EF
:103A10001A6002E0BB697A681A60BB69FA68DA6307
:103A2000BB69BA681A640121B869FFF7AFFE00BF2D
:103A30001037BD4680BD80B582B000AF78607B682E
:103A4000002B0ED07B6800229A607B6800221A60EF
:103A50007B680022DA60002300220021786800F0F1
:103A600037F800BF0837BD4680BD80B586B000AFCF
:103A70000346FB7101237B6100233B61FB791A46FE
:103A800039697869FFF775FFF860F868FFF7D3FFC9
:103A9000FB6818461837BD4680BD80B588B002AFB8
:103AA00003463960FB7101237B6100233B61FB7995
:103AB00000933B68002239697869FFF7D3FEF8600C
:103AC000F868FFF7B8FFFB6818461837BD4680BD99
:103AD00080B58EB000AFF860B9607A603B600023BB
:103AE0007B63FB683B633B6B002B0DD14FF05003B6
:103AF00072B683F31188BFF36F8FBFF34F8F62B637
:103B0000BB6200BF00BFFDE7BB68002B03D13B6B6E
:103B10001B6C002B01D1012300E00023002B0DD1F1
:103B20004FF0500372B683F31188BFF36F8FBFF36A
:103B30004F8F62B67B6200BF00BFFDE73B68022B80
:103B400003D13B6BDB6B012B01D1012300E0002390
:103B5000002B0DD14FF0500372B683F31188BFF3E1
:103B60006F8FBFF34F8F62B63B6200BF00BFFDE7B0
:103B700001F01EFD0346002B02D17B68002B01D112
:103B8000012300E00023002B0DD14FF0500372B64B
:103B900083F31188BFF36F8FBFF34F8F62B6FB6162
:103BA00000BF00BFFDE702F069FA3B6B9A6B3B6B0D
:103BB000DB6B9A4202D33B68022B29D13A68B96881
:103BC000386B00F0D3FCF8623B6B5B6A002B10D0C3
:103BD0003B6B2433184601F00DFB0346002B13D03A
:103BE0003F4B4FF080521A60BFF34F8FBFF36F8F80
:103BF0000AE0FB6A002B07D0394B4FF080521A6065
:103C0000BFF34F8FBFF36F8F02F06EFA012363E0B3
:103C10007B68002B03D102F067FA00235CE07B6B2A
:103C2000002B06D107F11403184601F049FB0123CC
:103C30007B6302F059FA01F0C3F802F01FFA3B6B04
:103C400093F844305BB2B3F1FF3F03D13B6B0022EA
:103C500083F844203B6B93F845305BB2B3F1FF3FF0
:103C600003D13B6B002283F8452002F03DFA3A1D58
:103C700007F114031146184601F038FB0346002BE8
:103C800024D1386B00F06AFD0346002B18D03B6B43
:103C900010337A681146184601F084FA386B00F048
:103CA000F5FC01F09BF80346002B7FF47CAF0C4B36
:103CB0004FF080521A60BFF34F8FBFF36F8F72E7E0
:103CC000386B00F0E3FC01F089F86CE7386B00F02A
:103CD000DDFC01F083F8002318463837BD4680BD6F
:103CE00004ED00E080B58EB000AFF860B9607A6096
:103CF0003B60FB683B633B6B002B0DD14FF05003E7
:103D000072B683F31188BFF36F8FBFF34F8F62B624
:103D10007B6200BF00BFFDE7BB68002B03D13B6B9C
:103D20001B6C002B01D1012300E00023002B0DD1DF
:103D30004FF0500372B683F31188BFF36F8FBFF358
:103D40004F8F62B63B6200BF00BFFDE73B68022BAE
:103D500003D13B6BDB6B012B01D1012300E000237E
:103D6000002B0DD14FF0500372B683F31188BFF3CF
:103D70006F8FBFF34F8F62B6FB6100BF00BFFDE7DF
:103D800002F064FAEFF311824FF0500372B683F33E
:103D90001188BFF36F8FBFF34F8F62B6BA617B613B
:103DA000BB69FB623B6B9A6B3B6BDB6B9A4202D34A
:103DB0003B68022B2CD13B6B93F8453087F82B30B6
:103DC0003A68B968386B00F0D1FB97F92B30B3F142
:103DD000FF3F12D13B6B5B6A002B16D03B6B243349
:103DE000184601F007FA0346002B0ED07B68002B23
:103DF0000BD07B6801221A6007E097F82B30013363
:103E0000DBB25AB23B6B83F8452001237B6301E0B0
:103E100000237B63FB6A3B613B6983F3118800BF2E
:103E20007B6B18463837BD4680BD80B58EB000AF7D
:103E3000786039607B683B633B6B002B0DD14FF0A2
:103E4000500372B683F31188BFF36F8FBFF34F8FA8
:103E500062B63B6200BF00BFFDE73B6B1B6C002BF3
:103E60000DD04FF0500372B683F31188BFF36F8FFC
:103E7000BFF34F8F62B6FB6100BF00BFFDE73B6B36
:103E80001B68002B03D13B6B9B68002B01D10123E6
:103E900000E00023002B0DD14FF0500372B683F3E6
:103EA0001188BFF36F8FBFF34F8F62B6BB6100BF46
:103EB00000BFFDE702F0CAF9EFF311824FF05003A3
:103EC00072B683F31188BFF36F8FBFF34F8F62B663
:103ED0007A613B617B69FB623B6B9B6BBB623B6BBB
:103EE000DB6BBA6A9A422BD23B6B93F8453087F86A
:103EF0002730BB6A5A1C3B6B9A6397F92730B3F1A2
:103F0000FF3F12D13B6B5B6A002B16D03B6B243317
:103F1000184601F06FF90346002B0ED03B68002BCA
:103F20000BD03B6801221A6007E097F82730013375
:103F3000DBB25AB23B6B83F8452001237B6301E07F
:103F400000237B63FB6AFB60FB6883F3118800BF7F
:103F50007B6B18463837BD4680BD000080B58CB0FD
:103F600000AFF860B9607A600023FB62FB68BB6257
:103F7000BB6A002B0DD14FF0500372B683F311884A
:103F8000BFF36F8FBFF34F8F62B63B6200BF00BFBE
:103F9000FDE7BB68002B03D1BB6A1B6C002B01D172
:103FA000012300E00023002B0DD14FF0500372B627
:103FB00083F31188BFF36F8FBFF34F8F62B6FB613E
:103FC00000BF00BFFDE701F0F3FA0346002B02D16A
:103FD0007B68002B01D1012300E00023002B0DD1D1
:103FE0004FF0500372B683F31188BFF36F8FBFF3A6
:103FF0004F8F62B6BB6100BF00BFFDE702F03EF825
:10400000BB6A9B6B7B627B6A002B1FD0B968B86A66
:1040100000F016FB7B6A5A1EBB6A9A63BB6A1B6977
:10402000002B0FD0BB6A1033184601F0E3F80346AB
:10403000002B07D03C4B4FF080521A60BFF34F8FDC
:10404000BFF36F8F02F050F8012369E07B68002B0B
:1040500003D102F049F8002362E0FB6A002B06D18D
:1040600007F11003184601F02BF90123FB6202F05F
:104070003BF800F0A5FE02F001F8BB6A93F844306B
:104080005BB2B3F1FF3F03D1BB6A002283F8442047
:10409000BB6A93F845305BB2B3F1FF3F03D1BB6A13
:1040A000002283F8452002F01FF83A1D07F11003A3
:1040B0001146184601F01AF90346002B23D1B86ABD
:1040C00000F036FB0346002B17D0BB6A24337A6816
:1040D0001146184601F066F8B86A00F0D7FA00F009
:1040E0007DFE0346002B89D10F4B4FF080521A60A2
:1040F000BFF34F8FBFF36F8F80E7B86A00F0C6FA47
:1041000000F06CFE7AE7B86A00F0C0FA00F066FED4
:10411000B86A00F00DFB0346002B3FF46FAF00239D
:1041200018463037BD4680BD04ED00E080B58EB046
:1041300000AF7860396000237B637B68FB620023FB
:104140003B63FB6A002B0DD14FF0500372B683F333
:104150001188BFF36F8FBFF34F8F62B63B6200BF12
:1041600000BFFDE7FB6A1B6C002B0DD04FF0500326
:1041700072B683F31188BFF36F8FBFF34F8F62B6B0
:10418000FB6100BF00BFFDE701F012FA0346002B00
:1041900002D13B68002B01D1012300E00023002B5A
:1041A0000DD14FF0500372B683F31188BFF36F8FB8
:1041B000BFF34F8F62B6BB6100BF00BFFDE701F0E8
:1041C0005DFFFB6A9B6BBB62BB6A002B24D0BB6AA2
:1041D0005A1EFB6A9A63FB6A1B68002B04D101F02C
:1041E000B1FB0246FB6A9A60FB6A1B69002B0FD089
:1041F000FB6A1033184600F0FDFF0346002B07D082
:10420000554B4FF080521A60BFF34F8FBFF36F8F43
:1042100001F06AFF01239AE03B68002B14D13B6B4D
:10422000002B0DD04FF0500372B683F31188BFF30B
:104230006F8FBFF34F8F62B67B6100BF00BFFDE79A
:1042400001F052FF002382E07B6B002B06D107F1C7
:104250000C03184601F034F801237B6301F044FF9E
:1042600000F0AEFD01F00AFFFB6A93F844305BB248
:10427000B3F1FF3F03D1FB6A002283F84420FB6ABD
:1042800093F845305BB2B3F1FF3F03D1FB6A0022E4
:1042900083F8452001F028FF3A4607F10C03114648
:1042A000184601F023F80346002B32D1F86A00F0DB
:1042B0003FFA0346002B26D0FB6A1B68002B09D16E
:1042C00001F0DCFEFB6A9B68184601F08FF9386349
:1042D00001F00AFFFB6A24333A681146184600F0E1
:1042E00061FFF86A00F0D2F900F078FD0346002B78
:1042F0007FF465AF184B4FF080521A60BFF34F8FB9
:10430000BFF36F8F5BE7F86A00F0C0F900F066FD5D
:1043100055E7F86A00F0BAF900F060FDF86A00F0BD
:1043200007FA0346002B3FF44AAF3B6B002B0DD03E
:1043300001F0A4FEF86A00F001F97862FB6A9B685C
:10434000796A184601F05EFA01F0CEFE00231846A5
:104350003837BD4680BD00BF04ED00E080B58EB0AB
:1043600000AFF860B9607A60FB683B633B6B002B81
:104370000DD14FF0500372B683F31188BFF36F8FE6
:10438000BFF34F8F62B63B6200BF00BFFDE7BB6863
:10439000002B03D13B6B1B6C002B01D1012300E0F0
:1043A0000023002B0DD14FF0500372B683F3118818
:1043B000BFF36F8FBFF34F8F62B6FB6100BF00BFCB
:1043C000FDE701F043FFEFF311824FF0500372B6A7
:1043D00083F31188BFF36F8FBFF34F8F62B6BA615B
:1043E0007B61BB69FB623B6B9B6BBB62BB6A002B57
:1043F0002FD03B6B93F8443087F82730B968386B7F
:1044000000F01EF9BB6A5A1E3B6B9A6397F927307E
:10441000B3F1FF3F12D13B6B1B69002B16D03B6BF6
:104420001033184600F0E6FE0346002B0ED07B68E2
:10443000002B0BD07B6801221A6007E097F8273029
:104440000133DBB25AB23B6B83F8442001237B6318
:1044500001E000237B63FB6A3B613B6983F31188C6
:1044600000BF7B6B18463837BD4680BD80B584B031
:1044700000AF78607B68002B0DD14FF0500372B60F
:1044800083F31188BFF36F8FBFF34F8F62B6BB60AA
:1044900000BF00BFFDE701F0F1FD7B689B6BFB6097
:1044A00001F022FEFB6818461037BD4680BD80B47F
:1044B00087B000AF78607B687B617B69002B0DD192
:1044C0004FF0500372B683F31188BFF36F8FBFF3C1
:1044D0004F8F62B6FB6000BF00BFFDE77B699B6B3F
:1044E0003B613B6918461C37BD465DF8047B70474D
:1044F00080B584B000AF78607B68FB60FB68002B00
:104500000DD14FF0500372B683F31188BFF36F8F54
:10451000BFF34F8F62B6BB6000BF00BFFDE7F86816
:1045200000F034F9FB6893F84630002B02D1F868AC
:1045300001F0A0FF00BF1037BD4680BD80B485B03C
:1045400000AF78607B685B6A002B06D07B681B6BD2
:104550001B68C3F10703FB6001E00023FB60FB68FD
:1045600018461437BD465DF8047B704780B586B0A9
:1045700000AFF860B9607A6000237B61FB689B6BD9
:104580003B61FB681B6C002B0DD1FB681B68002B8B
:104590004DD1FB689B68184601F0A8F87861FB686C
:1045A00000229A6043E07B68002B19D1FB685868B1
:1045B000FB681B6C1A46B96812F015FBFB685A6859
:1045C000FB681B6C1A44FB685A60FB685A68FB68FE
:1045D0009B689A422BD3FB681A68FB685A6026E0F6
:1045E000FB68D868FB681B6C1A46B96812F0FBFAC6
:1045F000FB68DA68FB681B6C5B421A44FB68DA6094
:10460000FB68DA68FB681B689A4207D2FB689A6805
:10461000FB681B6C5B421A44FB68DA607B68022B08
:1046200005D13B69002B02D03B69013B3B613B69F3
:104630005A1CFB689A637B6918461837BD4680BDD3
:1046400080B582B000AF786039607B681B6C002B4E
:1046500018D07B68DA687B681B6C1A447B68DA6068
:104660007B68DA687B689B689A4203D37B681A6828
:104670007B68DA607B68D9687B681B6C1A4638688F
:1046800012F0B1FA00BF0837BD4680BD80B584B0D6
:1046900000AF786001F0F2FC7B6893F84530FB7363
:1046A00011E07B685B6A002B12D07B6824331846CC
:1046B00000F0A0FD0346002B01D000F07FFEFB7B45
:1046C000013BDBB2FB7397F90F30002BE9DC00E014
:1046D00000BF7B68FF2283F8452001F005FD01F053
:1046E000CDFC7B6893F84430BB7311E07B681B6999
:1046F000002B12D07B681033184600F07BFD034678
:10470000002B01D000F05AFEBB7B013BDBB2BB7338
:1047100097F90E30002BE9DC00E000BF7B68FF2238
:1047200083F8442001F0E0FC00BF1037BD4680BD97
:1047300080B584B000AF786001F0A0FC7B689B6B13
:10474000002B02D10123FB6001E00023FB6001F09C
:10475000CBFCFB6818461037BD4680BD80B584B0E1
:1047600000AF786001F08AFC7B689A6B7B68DB6B3A
:104770009A4202D10123FB6001E00023FB6001F0BB
:10478000B3FCFB6818461037BD4680BD80B485B0C9
:1047900000AF78600023FB6016E0104AFB68DB0086
:1047A00013445B687A689A420BD10C4AFB6800217B
:1047B00042F83310094AFB68DB00134400225A60B8
:1047C00006E0FB680133FB60FB68072BE5D900BFFF
:1047D00000BF1437BD465DF8047B7047B41A012052
:1047E00080B58EB004AFF860B9607A603B607B6BD7
:1047F000002B0DD14FF0500372B683F31188BFF335
:104800006F8FBFF34F8F62B63B6200BF00BFFDE703
:10481000BB6B002B0DD14FF0500372B683F31188A0
:10482000BFF36F8FBFF34F8F62B6FB6100BF00BF56
:10483000FDE7A0233B613B69A02B0DD04FF0500357
:1048400072B683F31188BFF36F8FBFF34F8F62B6D9
:10485000BB6100BF00BFFDE73B69BB6B002B1ED0F7
:104860007B6B002B1BD0BB6B7B627B6A7A6B1A6302
:104870007B6A022283F89D20002303937B6A0293C4
:1048800007F1140301933B6B00933B687A68B968A6
:10489000F86800F051F8786A00F0F0F801E00023C1
:1048A0007B617B6918462837BD4680BD80B58CB0DA
:1048B00004AFF860B9603B601346FB80FB889B0047
:1048C000184601F009FD78617B69002B0ED0A0200D
:1048D00001F002FDF861FB69002B03D0FB697A69E6
:1048E0001A6305E0786901F0C5FD01E00023FB6172
:1048F000FB69002B17D0FB69002283F89D20FA8802
:1049000000230393FB690293FB6A0193BB6A009344
:104910003B68B968F86800F00FF8F86900F0AEF885
:104920000123BB6102E04FF0FF33BB61BB69184656
:104930002037BD4680BD000080B588B000AFF8606C
:10494000B9607A603B603B6B1A6B79686FF04043EB
:104950000B449B001344BB61BB6923F00703BB619D
:10496000BB6903F00703002B0DD04FF0500372B664
:1049700083F31188BFF36F8FBFF34F8F62B67B61F4
:1049800000BF00BFFDE7BB68002B1FD00023FB6109
:1049900012E0BA68FB69134419783A6BFB69134457
:1049A00034330A461A70BA68FB6913441B78002B2B
:1049B00006D0FB690133FB61FB690F2BE9D900E0ED
:1049C00000BF3B6B002283F8432003E03B6B0022D7
:1049D00083F83420BB6A062B01D90623BB623B6BEC
:1049E000BA6ADA623B6BBA6A5A643B6B00229A6419
:1049F0003B6B04331846FEF734FE3B6B1833184606
:104A0000FEF72FFE3B6B3A6B1A61BB6AC3F10702DC
:104A10003B6B9A613B6B3A6B5A623B6B0022C3F86B
:104A200098203B6B002283F89C203B6B4C334C223C
:104A30000021184611F06FFF3B6B0D4A1A653B6B66
:104A40000C4A5A653B6B0C4A9A653A68F968B86932
:104A500001F008FA02463B6B1A60FB6A002B02D099
:104A6000FB6A3A6B1A6000BF2037BD4680BD00BFAD
:104A70009C3B0220043C02206C3C022080B582B0AA
:104A800000AF786001F0FAFA2A4B1B680133294A1B
:104A90001360294B1B68002B09D1274A7B681360E0
:104AA000244B1B68012B10D100F0ACFC0DE0234B14
:104AB0001B68002B09D1204B1B68DA6A7B68DB6A14
:104AC0009A4202D81C4A7B6813601D4B1B68013355
:104AD0001B4A13607B68DB6A01229A40194B1B68F2
:104AE0001343184A13607B68DA6A13469B00134429
:104AF0009B00154A1A447B68043319461046FEF79A
:104B0000BDFD01F0F1FA0D4B1B68002B0ED00A4BD6
:104B10001B68DA6A7B68DB6A9A4207D20B4B4FF05C
:104B200080521A60BFF34F8FBFF36F8F00BF0837FB
:104B3000BD4680BDF41B0120F41A0120001C012099
:104B4000101C0120FC1B0120F81A012004ED00E0DC
:104B500080B584B000AF786001F090FA7B68002BDC
:104B600002D13A4B1B6800E07B68FB60FB680433B2
:104B70001846FEF7E0FD0346002B15D1FB68DA6A04
:104B8000334913469B0013449B000B441B68002BC6
:104B90000AD1FB68DB6A012202FA03F3DA432D4BE8
:104BA0001B6813402B4A1360FB689B6A002B04D0E0
:104BB000FB6818331846FEF7BEFD274B1B68013310
:104BC000254A1360214B1B68FA689A420BD1FB6897
:104BD000043319462148FEF751FD214B1B68013370
:104BE0001F4A136009E01F4B1B68013B1D4A1360FD
:104BF000F86800F075FC00F0ABFC01F075FA1A4B98
:104C00001B68002B1ED0114B1B68FA689A4219D101
:104C1000164B1B68002B0DD04FF0500372B683F378
:104C20001188BFF36F8FBFF34F8F62B6BB6000BFB9
:104C300000BFFDE70E4B4FF080521A60BFF34F8F5D
:104C4000BFF36F8F00BF1037BD4680BDF41A01203F
:104C5000F81A0120FC1B0120101C0120C81B012098
:104C6000DC1B0120F41B0120001C01201C1C012066
:104C700004ED00E080B584B000AF78600023FB60F5
:104C80007B68002B1AD0154B1B68002B0DD04FF002
:104C9000500372B683F31188BFF36F8FBFF34F8F4A
:104CA00062B6BB6000BF00BFFDE700F089F80021DD
:104CB000786801F071F800F091F8F860FB68002B5B
:104CC00007D1074B4FF080521A60BFF34F8FBFF3ED
:104CD0006F8F00BF1037BD4680BD00BF1C1C012078
:104CE00004ED00E080B58AB004AF0023BB60002370
:104CF0007B603A46391D07F108031846EEF790FC31
:104D000039687B68BA6802920193002300930023FC
:104D10000A4623492348FFF763FD0346224A1360EE
:104D2000214B1B68002B02D001237B6101E0002393
:104D30007B617B69012B1DD14FF0500372B683F369
:104D40001188BFF36F8FBFF34F8F62B63B6100BF17
:104D5000164B1B684C33164A1360164B4FF0FF324C
:104D60001A60154B01221A60144B00221A6001F0E0
:104D700007F911E07B69B3F1FF3F0DD14FF050030C
:104D800072B683F31188BFF36F8FBFF34F8F62B694
:104D9000FB6000BF00BFFDE700BF1837BD4680BD08
:104DA00038170308D5530108181C0120F41A0120F4
:104DB000A0010020141C0120001C0120F81B012070
:104DC00080B400AF044B1B680133034A136000BF7B
:104DD000BD465DF8047B70471C1C012080B584B083
:104DE00000AF0023FB600023BB60434B1B68002B1C
:104DF0000DD14FF0500372B683F31188BFF36F8F5C
:104E0000BFF34F8F62B63B6000BF00BFFDE701F00C
:104E100035F9394B1B68013B374A1360364B1B6829
:104E2000002B61D1354B1B68002B5DD02EE0344B3D
:104E3000DB68DB68FB60FB6818331846FEF77BFC19
:104E4000FB6804331846FEF776FCFB68DB6A012238
:104E50009A402C4B1B6813432A4A1360FB68DA6A9A
:104E600013469B0013449B00274A1A44FB680433F3
:104E700019461046FEF702FCFB68DA6A234B1B68F2
:104E8000DB6A9A4202D3224B01221A601C4B1B6838
:104E9000002BCCD1FB68002B01D000F059FB1D4B3F
:104EA0001B687B607B68002B10D000F059F803462C
:104EB000002B02D0164B01221A607B68013B7B60FD
:104EC0007B68002BF1D1134B00221A60104B1B683A
:104ED000002B09D00123BB600F4B4FF080521A60AA
:104EE000BFF34F8FBFF36F8F01F0FEF8BB6818461A
:104EF0001037BD4680BD00BF1C1C0120F41B0120E3
:104F0000B41B0120FC1B0120F81A0120F41A012017
:104F1000081C0120041C012004ED00E080B483B0D3
:104F200000AF054B1B687B607B6818460C37BD469D
:104F30005DF8047B704700BFF81B012080B582B08C
:104F400000AF01F083F900237B60044B1B683B60DA
:104F50003B6818460837BD4680BD00BFF81B0120DE
:104F600080B586B000AF00237B61504B1B68002BDF
:104F700040F08B804E4B1B6801333B614C4A3B69D0
:104F800013603B69002B23D14A4B1B681B68002B25
:104F90000DD04FF0500372B683F31188BFF36F8FBB
:104FA000BFF34F8F62B63B6000BF00BFFDE7414BD0
:104FB0001B68FB60404B1B683E4A13603E4AFB681F
:104FC00013603E4B1B6801333C4A136000F0C0FA8B
:104FD0003B4B1B683A699A4248D3364B1B681B68A7
:104FE000002B04D1364B4FF0FF321A603EE0314BBC
:104FF0001B68DB68DB68BB60BB685B687B603A6929
:105000007B689A4203D22E4A7B6813602EE0BB680D
:1050100004331846FEF78FFBBB689B6A002B04D055
:10502000BB6818331846FEF786FBBB68DB6A0122B3
:105030009A40244B1B681343224A1360BB68DA6A08
:1050400013469B0013449B001F4A1A44BB68043359
:1050500019461046FEF712FBBB68DA6A1B4B1B6849
:10506000DB6A9A42B9D301237B61B6E7174B1B6811
:10507000DA6A154913469B0013449B000B441B68D6
:10508000012B07D901237B6104E0114B1B6801331D
:105090000F4A13600F4B1B68002B01D001237B616B
:1050A0007B6918461837BD4680BD00BF1C1C012017
:1050B000F81B0120AC1B0120B01B01200C1C01209F
:1050C000141C0120FC1B0120F81A0120F41A0120F5
:1050D000041C0120081C012080B487B000AF2B4BBA
:1050E0001B68002B03D02A4B01221A6047E0284B93
:1050F00000221A60274B1B68FB60FB68B3FA83F33E
:10510000FB72FB7AC3F11F037B6123497A69134663
:105110009B0013449B000B441B68002B0DD14FF0E8
:10512000500372B683F31188BFF36F8FBFF34F8FB5
:1051300062B67B6000BF00BFFDE77A6913469B0043
:1051400013449B00144A13443B613B695B685A68F3
:105150003B695A603B695A683B6908339A4204D1FB
:105160003B695B685A683B695A603B695B68DB680E
:105170000A4A1360094B1B684C33094A136000BF8D
:105180001C37BD465DF8047B704700BF1C1C012026
:10519000081C0120FC1B0120F81A0120F41A012030
:1051A000A001002080B584B000AF786039607B68D2
:1051B000002B0DD14FF0500372B683F31188BFF36B
:1051C0006F8FBFF34F8F62B6FB6000BF00BFFDE77C
:1051D000074B1B68183319467868FEF773FA0121EC
:1051E000386800F0D9FD00BF1037BD4680BD00BF54
:1051F000F41A012080B586B000AF78607B68DB6868
:10520000DB683B613B69002B0DD14FF0500372B658
:1052100083F31188BFF36F8FBFF34F8F62B6FB60CC
:1052200000BF00BFFDE73B6918331846FEF783FA5D
:105230001D4B1B68002B1CD13B6904331846FEF73D
:105240007AFA3B69DB6A01229A40184B1B681343C8
:10525000164A13603B69DA6A13469B0013449B00AD
:10526000134A1A443B69043319461046FEF706FAFE
:1052700005E03B69183319460E48FEF7FFF93B6914
:10528000DA6A0D4B1B68DB6A9A4205D901237B6100
:105290000A4B01221A6001E000237B617B691846FA
:1052A0001837BD4680BD00BF1C1C0120FC1B01201F
:1052B000F81A0120B41B0120F41A0120081C012057
:1052C00080B483B000AF7860064B1A687B681A60C0
:1052D000054B1A687B685A6000BF0C37BD465DF805
:1052E000047B70470C1C0120F81B012080B588B09E
:1052F00000AF786039607B68002B0DD14FF0500310
:1053000072B683F31188BFF36F8FBFF34F8F62B60E
:105310003B6100BF00BFFDE73B68002B0DD14FF0A4
:10532000500372B683F31188BFF36F8FBFF34F8FB3
:1053300062B6FB6000BF00BFFDE700F09FFE1D4BA3
:105340001B68BB617B685B68BA69D31A7B613B6889
:105350001B68B3F1FF3F02D10023FB6123E07B68B0
:105360001A68154B1B689A4207D07B685B68BA695C
:105370009A4202D30123FB6115E03B681B687A69FE
:105380009A420BD23B681A687B69D21A3B681A6052
:105390007868FFF795FF0023FB6104E03B6800227B
:1053A0001A600123FB6100F09FFEFB69184620375D
:1053B000BD4680BDF81B01200C1C012080B400AF4D
:1053C000034B01221A6000BFBD465DF8047B7047A5
:1053D000081C012080B582B000AF786000F052F860
:1053E000064B1B68012BF9D9054B4FF080521A6010
:1053F000BFF34F8FBFF36F8FF0E700BFF81A0120A4
:1054000004ED00E080B582B000AF00237B600CE0CB
:105410007A6813469B0013449B00124A13441846B3
:10542000FEF7FFF87B6801337B607B68062BEFD9C2
:105430000D48FEF7F6F80D48FEF7F3F80C48FEF7B6
:10544000F0F80C48FEF7EDF80B48FEF7EAF80B4BC6
:10545000054A1A600A4B054A1A6000BF0837BD4664
:1054600080BD00BFF81A0120841B0120981B012079
:10547000B41B0120C81B0120E01B0120AC1B012034
:10548000B01B012080B582B000AF19E000F0F6FD3E
:10549000104BDB68DB687B607B6804331846FEF7E3
:1054A0004AF90D4B1B68013B0B4A13600B4B1B6801
:1054B000013B0A4A136000F017FE786800F010F80C
:1054C000064B1B68002BE1D100BF00BF0837BD466B
:1054D00080BD00BFC81B0120F41B0120DC1B012084
:1054E00080B584B000AF78607B684C33184611F00B
:1054F000B9FA7B6893F89D30002B08D17B681B6B51
:10550000184600F0B7FF786800F0B4FF1BE07B6836
:1055100093F89D30012B03D1786800F0ABFF12E0C7
:105520007B6893F89D30022B0DD04FF0500372B67C
:1055300083F31188BFF36F8FBFF34F8F62B6FB60A9
:1055400000BF00BFFDE700BF1037BD4680BD0000B3
:1055500080B483B000AF0C4B1B681B68002B04D1D8
:105560000A4B4FF0FF321A6008E0074B1B68DB68FC
:10557000DB687B607B685B68044A136000BF0C37A4
:10558000BD465DF8047B7047AC1B0120141C012054
:1055900080B483B000AF054B1B687B607B68184606
:1055A0000C37BD465DF8047B704700BFF41A01203C
:1055B00080B483B000AF0B4B1B68002B02D10123DA
:1055C0007B6008E0084B1B68002B02D102237B6044
:1055D00001E000237B607B6818460C37BD465DF810
:1055E000047B7047001C01201C1C012080B584B086
:1055F00000AF78607B68BB600023FB607B68002B9A
:1056000069D0BB68DA6A364B1B68DB6A9A4259D2AA
:10561000BB689B69002B06DB314B1B68DB6AC3F15F
:105620000702BB689A61BB685969BB68DA6A1346AE
:105630009B0013449B002B4A134499423AD1BB6808
:1056400004331846FEF777F80346002B15D1BB68E4
:10565000DA6A244913469B0013449B000B441B68E1
:10566000002B0AD1BB68DB6A012202FA03F3DA439A
:105670001D4B1B6813401C4A1360194B1B68DA6AE8
:10568000BB68DA62BB68DB6A01229A40164B1B6872
:105690001343154A1360BB68DA6A13469B00134430
:1056A0009B00104A1A44BB68043319461046FDF7A4
:1056B000E5FF04E00A4B1B68DA6ABB68DA62012383
:1056C000FB6008E0BB685A6C054B1B68DB6A9A42BA
:1056D00001D20123FB60FB6818461037BD4680BD30
:1056E000F41A0120F81A0120FC1B012080B586B0B5
:1056F00000AF78607B683B6100237B617B68002B97
:1057000074D03D4B1B683A699A420DD04FF050035C
:1057100072B683F31188BFF36F8FBFF34F8F62B6FA
:10572000FB6000BF00BFFDE73B699B6C002B0DD108
:105730004FF0500372B683F31188BFF36F8FBFF33E
:105740004F8F62B6BB6000BF00BFFDE73B699B6C3B
:105750005A1E3B699A643B69DA6A3B695B6C9A4200
:1057600044D03B699B6C002B40D13B690433184605
:10577000FDF7E1FF0346002B15D13B69DA6A1F49AB
:1057800013469B0013449B000B441B68002B0AD15B
:105790003B69DB6A012202FA03F3DA43184B1B6808
:1057A0001340174A13603B695A6C3B69DA623B69E4
:1057B000DB6AC3F107023B699A613B69DB6A01223C
:1057C0009A400F4B1B6813430D4A13603B69DA6A1A
:1057D00013469B0013449B00084A1A443B69043358
:1057E00019461046FDF74AFF01237B617B69184685
:1057F0001837BD4680BD00BFF41A0120F81A0120F9
:10580000FC1B012080B588B000AF786039607B68F0
:10581000BB6101237B617B68002B00F08980BB6941
:105820009B6C002B0DD14FF0500372B683F311889F
:10583000BFF36F8FBFF34F8F62B6FB6000BF00BF37
:10584000FDE7BB695B6C3A689A4202D93B68FB6131
:1058500002E0BB695B6CFB61BB69DB6AFA699A4277
:1058600066D0BB699B6C7A699A4261D1324B1B68E6
:10587000BA699A420DD14FF0500372B683F3118882
:10588000BFF36F8FBFF34F8F62B6BB6000BF00BF27
:10589000FDE7BB69DB6A3B61BB69FA69DA62BB6938
:1058A0009B69002B04DBFB69C3F10702BB699A61AA
:1058B000BB6959693A6913469B0013449B001F4A10
:1058C0001344994234D1BB6904331846FDF733FFC2
:1058D0000346002B15D1BB69DA6A184913469B00B1
:1058E00013449B000B441B68002B0AD1BB69DB6A85
:1058F000012202FA03F3DA43114B1B681340104AEA
:105900001360BB69DB6A01229A400D4B1B6813438D
:105910000B4A1360BB69DA6A13469B0013449B0071
:10592000064A1A44BB69043319461046FDF7A6FE21
:1059300000BF2037BD4680BDF41A0120F81A0120AF
:10594000FC1B012080B400AF074B1B68002B04D068
:10595000054B1B689A6C01329A64034B1B6818460E
:10596000BD465DF8047B7047F41A012080B586B00F
:1059700000AFF860B9607A603B6000F07FFB294BB4
:105980001B6893F89C30DBB2022B1CD0254B1B68A4
:10599000D3F89810FA68D2430A40C3F89820214BF4
:1059A0001B68012283F89C203B68002B0BD001214F
:1059B000386800F0F1F91C4B4FF080521A60BFF3C9
:1059C0004F8FBFF36F8F00F08FFB00F057FB7B68AA
:1059D000002B05D0134B1B68D3F898207B681A6006
:1059E000104B1B6893F89C30DBB2022B02D00023D3
:1059F0007B610AE00B4B1B68D3F89810BA68D2435E
:105A00000A40C3F8982001237B61064B1B680022E3
:105A100083F89C2000F068FB7B6918461837BD4668
:105A200080BD00BFF41A012004ED00E080B58AB00B
:105A300000AFF860B9603B601346FB7101237B62E5
:105A4000FB68002B0DD14FF0500372B683F3118821
:105A5000BFF36F8FBFF34F8F62B6BB6100BF00BF54
:105A6000FDE7FB683B6200F009FB3B68002B04D0BC
:105A70003B6AD3F898203B681A603B6A93F89C30E5
:105A8000FB773B6A022283F89C20FB79042B2ED8FB
:105A900001A252F823F000BF175B0108AD5A0108BC
:105AA000BF5A0108CF5A0108D95A01083B6AD3F8F6
:105AB0009820BB681A433B6AC3F898202EE03B6AE3
:105AC000D3F898305A1C3B6AC3F8982026E03B6A0A
:105AD000BA68C3F8982021E0FB7F022B04D03B6A10
:105AE000BA68C3F8982019E000237B6216E03B6A8D
:105AF000D3F89830B3F1FF3F0FD04FF0500372B698
:105B000083F31188BFF36F8FBFF34F8F62B67B6152
:105B100000BF00BFFDE700BF00E000BFFB7F012B1F
:105B20003CD13B6A04331846FDF705FE3B6ADB6A4D
:105B300001229A401D4B1B6813431C4A13603B6AA9
:105B4000DA6A13469B0013449B00194A1A443B6AC5
:105B5000043319461046FDF791FD3B6A9B6A002B02
:105B60000DD04FF0500372B683F31188BFF36F8FDF
:105B7000BFF34F8F62B63B6100BF00BFFDE73B6ADA
:105B8000DA6A0C4B1B68DB6A9A4207D90A4B4FF062
:105B900080521A60BFF34F8FBFF36F8F00F0A4FAEB
:105BA0007B6A18462837BD4680BD00BFFC1B01201C
:105BB000F81A0120F41A012004ED00E080B58EB03F
:105BC00000AFF860B9603B601346FB7101237B6353
:105BD000FB68002B0DD14FF0500372B683F3118890
:105BE000BFF36F8FBFF34F8F62B67B6200BF00BF02
:105BF000FDE700F02BFBFB683B63EFF311824FF0F6
:105C0000500372B683F31188BFF36F8FBFF34F8FCA
:105C100062B63A62FB613B6AFB623B68002B04D0D0
:105C20003B6BD3F898203B681A603B6B93F89C3031
:105C300087F82B303B6B022283F89C20FB79042BE6
:105C40002ED801A252F823F0C95C01085D5C01085E
:105C50006F5C01087F5C0108895C01083B6BD3F82D
:105C60009820BB681A433B6BC3F898202FE03B6B2E
:105C7000D3F898305A1C3B6BC3F8982027E03B6B55
:105C8000BA68C3F8982022E097F82B30022B04D092
:105C90003B6BBA68C3F8982019E000237B6316E0D9
:105CA0003B6BD3F89830B3F1FF3F0FD04FF0500368
:105CB00072B683F31188BFF36F8FBFF34F8F62B655
:105CC000BB6100BF00BFFDE700BF00E000BF97F869
:105CD0002B30012B48D13B6B9B6A002B0DD04FF032
:105CE000500372B683F31188BFF36F8FBFF34F8FEA
:105CF00062B67B6100BF00BFFDE7214B1B68002B34
:105D00001CD13B6B04331846FDF715FD3B6BDB6A7A
:105D100001229A401B4B1B6813431A4A13603B6BCA
:105D2000DA6A13469B0013449B00174A1A443B6BE4
:105D3000043319461046FDF7A1FC05E03B6B183310
:105D400019461248FDF79AFC3B6BDA6A104B1B6848
:105D5000DB6A9A4208D93B6C002B02D03B6C0122D3
:105D60001A600C4B01221A60FB6A3B613B6983F3AA
:105D7000118800BF7B6B18463837BD4680BD00BF19
:105D80001C1C0120FC1B0120F81A0120B41B01205F
:105D9000F41A0120081C012080B584B000AF78609F
:105DA0003960294B1B68FB60284B1B68043318467D
:105DB000FDF7C1FC0346002B0BD1244B1B68DB6AAB
:105DC000012202FA03F3DA43214B1B681340204AF5
:105DD00013607B68B3F1FF3F0AD13B68002B07D00B
:105DE0001A4B1B68043319461A48FDF747FC26E096
:105DF000FA687B681344BB60144B1B68BA685A602E
:105E0000BA68FB689A4209D2134B1A680F4B1B6899
:105E1000043319461046FDF755FC10E00F4B1A6885
:105E20000A4B1B68043319461046FDF74BFC0C4B1C
:105E30001B68BA689A4202D2094ABB68136000BF65
:105E40001037BD4680BD00BFF81B0120F41A0120A9
:105E5000FC1B0120E01B0120B01B0120AC1B01201A
:105E6000141C012080B485B000AFF860B9607A607E
:105E7000FB68043BFB60FB684FF080721A60FB68B4
:105E8000043BFB60BB6823F00102FB681A60FB68FF
:105E9000043BFB600C4AFB681A60FB68143BFB6028
:105EA0007A68FB681A60FB68043BFB60FB686FF074
:105EB00002021A60FB68203BFB60FB68184614373F
:105EC000BD465DF8047B7047CD5E010880B485B0A7
:105ED00000AF00237B60154B1B68B3F1FF3F0DD073
:105EE0004FF0500372B683F31188BFF36F8FBFF387
:105EF0004F8F62B6FB6000BF00BFFDE74FF050035D
:105F000072B683F31188BFF36F8FBFF34F8F62B602
:105F1000BB6000BF00BF7B68002BFCD000BF00BF90
:105F20001437BD465DF8047B704700BF8401002034
:105F3000074B19680868B0E8F04F80F30988BFF391
:105F40006F8F4FF0000080F311887047AFF300802F
:105F5000F41A012000BF00BF08480068006880F301
:105F600008884FF0000080F3148862B661B6BFF372
:105F70004F8FBFF36F8F00DF00BF00BF08ED00E061
:105F800080B584B000AF374BFB60FB681B78DBB299
:105F90007B60FB68FF221A70FB681B78DBB2FB702A
:105FA000FB78DBB203F05003DAB22F4B1A702F4BA1
:105FB00007221A6009E02D4B1B68013B2B4A136036
:105FC000FB78DBB25B00DBB2FB70FB78DBB203F08B
:105FD0008003802BEFD0254B1B68C3F10703042BF4
:105FE0000DD04FF0500372B683F31188BFF36F8F5B
:105FF000BFF34F8F62B6BB6000BF00BFFDE71B4B16
:106000001B681B02194A1360184B1B6803F4E063FA
:10601000164A13607B68DAB2FB681A70144B1B686F
:10602000134A43F470031360114B1B68104A43F08A
:106030007043136000F0DCF80E4B00221A6000F091
:10604000FBF80D4B1B680C4A43F040431360FFF70D
:1060500083FFFFF741F8FFF739FF00231846103799
:10606000BD4680BD00E400E0201C0120241C01206E
:1060700020ED00E08401002034EF00E080B483B024
:1060800000AF4FF0500372B683F31188BFF36F8FE8
:10609000BFF34F8F62B67B6000BF114B1B680133AB
:1060A0000F4A13600E4B1B68012B12D10D4B1B685E
:1060B000DBB2002B0DD04FF0500372B683F3118882
:1060C000BFF36F8FBFF34F8F62B63B6000BF00BF5F
:1060D000FDE700BF0C37BD465DF8047B704700BF8D
:1060E0008401002004ED00E080B483B000AF134BC6
:1060F0001B68002B0DD14FF0500372B683F311884B
:10610000BFF36F8FBFF34F8F62B67B6000BF00BFDE
:10611000FDE70A4B1B68013B084A1360074B1B68ED
:10612000002B05D100233B603B6883F3118800BF3F
:1061300000BF0C37BD465DF8047B7047840100202A
:10614000EFF30980BFF36F8F154B1A681EF0100F25
:1061500008BF20ED108A20E9F04F106009B44FF01D
:10616000500072B680F31188BFF34F8FBFF36F8F6B
:1061700062B6FEF7B1FF4FF0000080F3118809BC52
:1061800019680868B0E8F04F1EF0100F08BFB0ECB7
:10619000108A80F30988BFF36F8F7047AFF30080D8
:1061A000F41A012000BF00BF80B582B000AF4FF0ED
:1061B000500372B683F31188BFF36F8FBFF34F8F15
:1061C00062B67B6000BFFEF7CBFE0346002B03D018
:1061D000064B4FF080521A6000233B603B6883F30C
:1061E000118800BF00BF0837BD4680BD04ED00E048
:1061F00080B400AF0B4B00221A600B4B00221A60D8
:106200000A4B1B680A4AA2FB03239B09094A013B6C
:106210001360044B07221A6000BFBD465DF8047B83
:10622000704700BF10E000E018E000E038000020F8
:10623000D34D621014E000E0DFF80C00016841F477
:1062400070010160704700BF88ED00E080B485B048
:1062500000AFEFF30583FB60FB680F2B17D91A4AD9
:10626000FB6813441B78FB72184B1B78FA7A9A422E
:106270000DD24FF0500372B683F31188BFF36F8FC6
:10628000BFF34F8F62B67B6000BF00BFFDE7104BCE
:106290001B6803F4E0620F4B1B689A420DD94FF064
:1062A000500372B683F31188BFF36F8FBFF34F8F24
:1062B00062B63B6000BF00BFFDE700BF1437BD46BC
:1062C0005DF8047B704700BFF0E300E0201C012074
:1062D0000CED00E0241C012080B58AB000AF78608E
:1062E0000023FB61FEF76CFD5D4B1B68002B01D1A9
:1062F00000F020F95B4B1A687B681340002B40F0DC
:1063000094807B68002B20D008227B6813447B603C
:106310007B6803F00703002B17D07B6823F007038B
:1063200008337B607B6803F00703002B0DD04FF030
:10633000500372B683F31188BFF36F8FBFF34F8F93
:1063400062B67B6100BF00BFFDE77B68002B6CD0AD
:10635000454B1B687A689A4267D8444B3B62434B73
:106360001B687B6204E07B6A3B627B6A1B687B6222
:106370007B6A5B687A689A4203D97B6A1B68002B48
:10638000F1D1374B1B687A6A9A424ED03B6A1B6840
:1063900008221344FB617B6A1A683B6A1A607B6AB5
:1063A0005A687B68D21A08235B009A4222D97A6A1B
:1063B0007B681344BB61BB6903F00703002B0DD05E
:1063C0004FF0500372B683F31188BFF36F8FBFF3A2
:1063D0004F8F62B63B6100BF00BFFDE77B6A5A6822
:1063E0007B68D21ABB695A607B6A7A685A60B8695E
:1063F00000F002F91C4B1A687B6A5B68D31A1A4AD0
:106400001360194B1A681A4B1B689A4203D2164B39
:106410001B68174A13607B6A5A68124B1B681A4341
:106420007B6A5A607B6A00221A60FEF7D7FCFB6920
:1064300003F00703002B0DD04FF0500372B683F327
:106440001188BFF36F8FBFF34F8F62B6FB6000BF41
:1064500000BFFDE7FB6918462837BD4680BD00BF79
:10646000309C01203C9C0120349C0120289C012070
:10647000389C012080B586B000AF78607B687B6176
:106480007B68002B4ED008235B427A6913447B6102
:106490007B693B613B695A68244B1B681340002BA6
:1064A0000DD14FF0500372B683F31188BFF36F8F95
:1064B000BFF34F8F62B6FB6000BF00BFFDE73B69D3
:1064C0001B68002B0DD04FF0500372B683F3118878
:1064D000BFF36F8FBFF34F8F62B6BB6000BF00BFCB
:1064E000FDE73B695A68114B1B681340002B19D01C
:1064F0003B691B68002B15D13B695A680B4B1B6825
:10650000DB431A403B695A60FEF75AFC3B695A6804
:10651000074B1B681344064A1360386900F06CF897
:10652000FEF75CFC00BF1837BD4680BD3C9C0120D7
:10653000349C012080B485B000AF4FF40043BB60B1
:10654000274BFB60FB6803F00703002B0CD0FB68B4
:106550000733FB60FB6823F00703FB60BA68FB6846
:10656000D31A1F4A1344BB60FB687B601D4A7B68DB
:1065700013601C4B00225A607B68BA681344FB60AE
:106580000822FB689B1AFB60FB6823F00703FB6093
:10659000FB68154A1360144B1B6800225A60124BAB
:1065A0001B6800221A607B683B603B68FA68D21A5D
:1065B0003B685A600C4B1A683B681A603B685B6822
:1065C0000A4A13603B685B68094A1360094B4FF045
:1065D00000421A6000BF1437BD465DF8047B704767
:1065E000281C0120289C0120309C0120389C01207F
:1065F000349C01203C9C012080B485B000AF7860C1
:10660000284BFB6002E0FB681B68FB60FB681B68B3
:106610007A689A42F7D8FB68BB60FB685B68BA6827
:1066200013447A689A4208D1FB685A687B685B68B1
:106630001A44FB685A60FB687B607B68BB607B68C0
:106640005B68BA681A44FB681B689A4218D1FB68F9
:106650001A68154B1B689A420DD07B685A68FB6814
:106660001B685B681A447B685A60FB681B681A6881
:106670007B681A6008E00C4B1A687B681A6003E0BC
:10668000FB681A687B681A60FA687B689A4202D0D5
:10669000FB687A681A6000BF1437BD465DF8047B5A
:1066A000704700BF289C0120309C012080B584B039
:1066B00000AF786039603B681B680C331A46396854
:1066C000786803F097FD0346FB7397F90F30002BB2
:1066D00003D13B6893F9043001E097F90F30184675
:1066E0001037BD4680BD000080B58CB000AF0346BA
:1066F0003A60FB710B46BB71FB793968184601F0B3
:106700005DF8F862FB6A002B54D0BB793B74FB6ADE
:10671000BB6007F1080319462948FFF7C7FF034686
:1067200087F82B3097F92B30002B43D0FB6A5B683E
:10673000002B05D0234BA322234924480FF0FAFF56
:10674000FB6A103318460FF0E6FC0346002B05D118
:106750001C4BA4221E491D480FF0ECFFFB6A1433AA
:1067600018460FF0D8FC0346002B05D0154BA62287
:10677000184916480FF0DEFFFB6A0C3318460FF07D
:1067800087FD0346002B05D10E4BA92212490F4865
:106790000FF0D0FFFB6A0C3318460FF061FDFB6A67
:1067A000103318460FF010FCF96A072004F09CFB28
:1067B000002300E0FB6A18463037BD4680BD00BFAD
:1067C0009177010840170308741703089817030806
:1067D000C0170308D8170308FC17030880B58CB04E
:1067E00000AF78607B68002B01D1002314E07B6848
:1067F000FB6029237B7507F10C0319460848FFF756
:1068000055FF034687F82F3097F92F30002B02D021
:1068100097F92F3000E0002318463037BD4680BD81
:10682000FD7C010880B584B000AF78607B68002BE8
:1068300001D100230DE07868FFF7D0FF0346FB731A
:1068400097F90F30002B02D1786801F025F897F9FD
:106850000F3018461037BD4680BD000080B58EB0A1
:1068600000AFF860B9607A60FB70FB68002B09D15B
:106870001D4B4FF489721D491D480FF05BFF6FF0EF
:106880000F032DE0BB68002B09D1174B40F2131208
:10689000184917480FF04EFF6FF00F0320E07B6898
:1068A000002B09D1104B4FF48A72134910480FF096
:1068B00041FF6FF00F0313E0FB687B61FB7887F803
:1068C0002430BB68FB617B683B6207F11403194607
:1068D0000A48FFF7EBFE034687F8373097F9373061
:1068E00018463837BD4680BD4017030818180308FE
:1068F0009817030838180308581803085587010823
:1069000080B58EB000AFF860B9601346FB80FB68BD
:10691000002B09D1114B4FF4BF72114911480FF0F0
:1069200009FF6FF00F0315E0BB68002B01D10E4B80
:10693000BB60FB687B61BB68FB61FB883B8407F144
:10694000140319460948FFF7B1FE034687F83730AC
:1069500097F9373018463837BD4680BD40170308D1
:10696000B41803089817030808550308E57F0108C1
:1069700080B58CB000AF78607B68002B09D10D4BDF
:106980004FF4CF720C490D480FF0D4FE6FF00F0397
:106990000CE07B68FB6007F10C0319460848FFF721
:1069A00085FE034687F82F3097F92F301846303789
:1069B000BD4680BD40170308D41803089817030884
:1069C0006181010880B588B000AFF860B9601346F6
:1069D000FB710023BB61BB68002B09D1584B4FF4FE
:1069E0001272584958480FF0A5FE6FF00F03A2E04D
:1069F000BB6800221A60FB68002B09D1504B40F2A3
:106A00004A22524950480FF095FE6FF00F0392E072
:106A1000FB68103318460FF07EFB0346002B0ED1A7
:106A2000F86800F001FB03463B7797F91C30002B18
:106A300002D097F91C307EE06FF00A037BE0FB6820
:106A40001B7F03F00203002B0FD1FB7903F004033B
:106A5000002B0AD1FB681B7F03F00103002B04D13C
:106A6000FB6893F90830002B23D0FB68103307F143
:106A70001802114618460FF032FB0346B3F1FF3FF0
:106A80001FD1F86800F0D0FA03467B7797F91D30E4
:106A9000002B02D097F91D304DE0FB681B7F03F0FF
:106AA0000103002B02D06FF00A0344E06FF00603ED
:106AB00041E0FB68103307F11801002218460FF07F
:106AC000CFFAFB681B7803F0F003102B17D1BB69DA
:106AD00007F117021146184600F0F8FA0346002B9A
:106AE00009D097F9173013F10F0F01D1002322E0DD
:106AF00097F917301FE0BB691B89FB830DE0BB6969
:106B0000002B06D10E4B40F2912211490E480FF096
:106B100011FEBB691B681B89FB83FB685B6A002B4A
:106B200005D0FB685B6AFA8B0121F8689847BA695F
:106B3000BB681A60002318462037BD4680BD00BFE1
:106B40004017030858190308981703087819030811
:106B50009419030880B584B000AFF860B9607A601A
:106B6000FB68002B05D0FB681B7803F0F003102BAB
:106B700009D00C4B40F2A7220B490C480FF0DAFD6C
:106B80006FF00F030AE07B68FA681A607B68BA68E6
:106B90009A6079680648FFF789FD03461846103762
:106BA000BD4680BD40170308A019030898170308C5
:106BB0003782010880B58CB000AF786039607B689F
:106BC000002B05D07B681B7803F0F003102B09D055
:106BD0000C4B40F2B5220C490C480FF0ABFD6FF0A6
:106BE0000F030BE007F10C031A4639687868FFF7CA
:106BF000B1FF034687F82F3097F92F30184630370A
:106C0000BD4680BD40170308A01903089817030864
:106C100080B590B000AFF860B9601346FB71FB68B7
:106C2000103318460FF077FA0346002B02D16FF0AD
:106C30000A036DE0FB681B7F5BB2002B07DAFB6881
:106C40001B7F03F07F03DAB2FB681A7739E0FB7928
:106C50001A46B968F868FFF7B5FE034687F83F3073
:106C600097F93F30002B02D097F93F3050E0BB68D6
:106C70001B68BB63FB7903F00803002B0ED1BB6BD1
:106C8000002B02D0BB6B1B8900E00123FB86FB8E2F
:106C900007F114021946F868FFF75CFFBB6B002B85
:106CA00034D1FB7903F01003002B09D0FB681B7F64
:106CB00063F07F03DAB2FB681A776FF0060327E010
:106CC00000BFFB685B6A002B05D0FB685B6A002293
:106CD0000121F8689847FB685B68002B0FD1F868C2
:106CE00000F0A2F9034687F83F3097F93F30002BB8
:106CF00002D097F93F300BE06FF00D0308E001215F
:106D0000F86800F061F96FF00E0301E097F93F3089
:106D100018464037BD4680BD80B584B000AFF860EE
:106D2000B9601346FB71FB68002B05D0FB681B782C
:106D300003F0F003102B09D00A4B40F225320A4928
:106D40000A480FF0F7FC6FF00F0306E0FB791A46D4
:106D5000B968F868FFF75CFF034618461037BD4670
:106D600080BD00BF40170308A01903089817030847
:106D700080B584B000AFF860B9601346FB71FB6862
:106D8000002B05D0FB681B7803F0F003102B09D112
:106D90000A4B4FF453720A490A480FF0CBFC6FF0CC
:106DA0000F0306E0FB791A46B968F868FFF70AFE98
:106DB000034618461037BD4680BD00BF4017030884
:106DC000C41903089817030880B58CB000AF786029
:106DD00039607B68002B09D10E4B40F2B2320E496C
:106DE0000E480FF0A7FC6FF00F030EE07B68FB600E
:106DF0003B687B6107F10C0319460948FFF756FC15
:106E0000034687F82F3097F92F3018463037BD46A4
:106E100080BD00BF40170308FC190308981703083A
:106E20009D81010880B588B002AFF860B9607A60D2
:106E3000FB70BB683B617B687B61FA7807F11001EE
:106E40003B6A009313460122F86800F005F80346F8
:106E500018461837BD4680BD80B592B000AFF860C7
:106E6000B96011461A460B46FB8013467B71FB68DE
:106E7000002B09D14E4B40F2EE324E494E480FF0F6
:106E800059FC6FF00F038EE0FB681B7803F0F003F2
:106E9000102B09D0464B40F2EF32484946480FF0DC
:106EA00049FC6FF005037EE0FB681B7F03F00203E3
:106EB000002B04D17B7903F00403002B01D00123C4
:106EC00000E0002387F83F3097F83F30002B05D0D3
:106ED0003B6D002B02D16FF0050364E000237B645F
:106EE00000233B6415E03B6CDB00BA6813445B682D
:106EF0007A6C13447B643B6CDB00BA6813445B68B8
:106F00007A6C9A4202D26FF005034CE03B6C01337D
:106F10003B64FB883A6C9A42E5DB7B6C002B01D129
:106F2000002340E07B6C002B0ADA3B6D002B02D182
:106F30006FF0050337E06FF00043BB63BB6B7B640E
:106F4000FB687B61BB68FB61FB883B8400237B6241
:106F50007B7987F830307B6CBB620023FB6207F1E2
:106F6000140319461648FFF7A1FB034687F837308C
:106F700097F93730002B14D13B6D002B02D0FA6A01
:106F80003B6D1A6097F83F30002B0AD1FB6A7A6C90
:106F90009A4206D0064B4FF486620A4906480FF023
:106FA000C9FB97F9373018464837BD4680BD00BF4A
:106FB00040170308181A030898170308341A03081F
:106FC0003D860108581A030880B58CB000AF786080
:106FD0000B46FB707B68002B09D10F4B40F24742F8
:106FE0000E490F480FF0A6FB6FF00F0310E07B680F
:106FF000FB60FB783B7529237B7507F10C03194671
:107000000848FFF753FB034687F82F3097F92F30D6
:1070100018463037BD4680BD401703087C1A030868
:10702000981703086188010880B584B000AF7860C4
:107030007B68002B01D100230DE00FF0D3F9F8603D
:107040007B681B7AFB727B6800221A72F8680FF06B
:10705000D7F997F90B3018461037BD4680BD0000B0
:1070600080B582B000AF0346FB7197F9073013F18A
:107070000D0F09D013F10D0F0CDC13F10F0F07D01A
:1070800013F10E0F02D005E00A4B0EE00A4B0CE0A4
:107090000A4B0AE097F90730002B05D0084B7D22F8
:1070A000084909480FF046FB002318460837BD463B
:1070B00080BD00BF7C5303087D5303087E53030843
:1070C000981A0308CC1A0308DC1A030880B582B0AA
:1070D00000AF786039603B68002B05D1124B8522E8
:1070E000124913480FF026FB7B68124A934204D1E1
:1070F0003B68F3221A70012312E07B680E4A934228
:1071000004D13B68F2221A70012309E07B680B4A24
:10711000934204D13B68F1221A70012300E000235E
:1071200018460837BD4680BD981A0308041B03089B
:10713000DC1A03087C5303087D5303087E530308BD
:1071400080B588B000AFF860B9607A603B60BB681A
:10715000002B05D1344BE522344935480FF0EAFACB
:10716000FB68002B05D1304BE622324930480FF046
:10717000E1FAFB68FB61FB69002B03D1786804F03E
:10718000C1FD4DE0FB695B68BA689A4205D0264BA9
:10719000EE22294926480FF0CDFAFB691033184634
:1071A0000EF0B9FF0346002B03D1786804F0AAFD66
:1071B00036E0062003F01CFEB861BB69002B03D14A
:1071C000786804F09FFD2BE0BB697A681A60BB69A0
:1071D0007A685A603B68002B02D03B681B6800E06D
:1071E0000023BA699360BB693A8D9A817B681B89D9
:1071F000FB82FB691033B96918460EF00DFF034698
:10720000002B03D0B86901F0D5FB09E0FB695B6A8C
:10721000002B05D0FB695B6AFA8A0021F869984760
:107220002037BD4680BD00BF981A0308101B030815
:10723000DC1A0308341B0308541B030880B588B00C
:1072400000AFF860B9607A60FB70BB68002B06D1B4
:10725000364B4FF49672364936480FF06BFAFB689E
:10726000002B06D1314B40F22D12334931480FF03B
:1072700061FA97F90330002B06D02C4B4FF497722C
:107280002E492C480FF056FAFB687B617B69002B76
:1072900002D16FF0050345E07B695B68BA689A42EA
:1072A00006D0224B40F23512254922480FF042FA0F
:1072B0007B69103318460EF02EFF0346002B0DD1CC
:1072C0007B68002B08D07B681B891946B86805F0DD
:1072D000A1FB786804F016FD002323E07B68002BF7
:1072E00005D07B68BB617B681B89FB8303E0154B82
:1072F000BB610023FB837B691033B96918460EF02C
:107300008BFE0346002B02D04FF0FF330AE07B696F
:107310005B6A002B05D07B695B6AFA8B0021786978
:107320009847002318462037BD4680BD981A0308A9
:10733000741B0308DC1A0308981B0308B81B030816
:10734000D01B03087E53030880B584B000AF78607B
:1073500039607B68FB60FB68002B06D12A4B4FF439
:10736000B5722A492A480FF0E5F9FB685B78012BD2
:1073700004D10121F86800F093FF16E0FB685B7808
:10738000042B12D1FB681B6A002B0AD0FB681B6A16
:107390005B7A002B05D0FB681B6A5A7A013AD2B29D
:1073A0005A720121F86800F03FFBFB681B7F03F075
:1073B0001003002B22D0FB685B68002B1ED0FB68FB
:1073C0005B68B3F8643040F66932934216D9FB68C3
:1073D0005B68B3F86630072B10D8FB681B7F23F07F
:1073E0001003DAB2FB681A77FB685B6A002B05D0E2
:1073F000FB685B6A00220221F86898470023184660
:107400001037BD4680BD00BF981A0308F01B030863
:10741000DC1A030880B586B000AFF860B960134687
:10742000FB80FB687B617B69002B06D1214B40F21E
:107430009312214921480FF07DF97B69002B33D04D
:107440007B695B78012B04D10121786900F028FF6A
:1074500007E07B695B78042B03D10121786900F098
:10746000E3FA7B695B68002B1ED07B695B68B3F82D
:10747000643040F66932934216D97B695B68B3F891
:107480006630072B10D87B691B7F23F01003DAB21C
:107490007B691A777B695B6A002B05D07B695B6A25
:1074A000FA88022178699847002318461837BD46A4
:1074B00080BD00BF981A0308F01B0308DC1A0308FC
:1074C00080B588B000AF78600B46FB707B68FB61CD
:1074D000FB69002B06D15F4B4FF4DC725E495F48BD
:1074E0000FF028F90EF07EFFB861FB6900225A60A8
:1074F000FB69FA781A72FB691B7F43F00103DAB269
:10750000FB691A77FB695B78FB75FB6900225A708F
:10751000B8690EF075FFFB695B6A002B05D0FB694B
:107520005B6A00220421F8699847FB695B6A002BBB
:1075300005D0FB695B6A00220021F8699847FB6966
:107540005B6A002B05D0FB695B6A00220221F869A7
:10755000984797F903301846FFF782FD3861FB69B9
:10756000103318460EF0D7FD0346002B05D0FB69FB
:107570001033396918460EF04FFDFB691433184675
:107580000EF0C9FD0346002B05D0FB6914333969A1
:1075900018460EF041FDFB7D012B05D0FB7D042B31
:1075A00002D0FB7D032B43D1FB691B7F03F0040357
:1075B000002B14BF01230023DBB2FB60FB691B7FA0
:1075C00023F00403DAB2FB691A77FB68002B3BD186
:1075D000FB691B6A002B06D11E4B4FF4F372204946
:1075E0001E480FF0A7F8FB7D042B04D1FB691B6A32
:1075F00000221A7103E0FB691B6AFA781A71FB69B1
:107600001B6A1B680C33BB60B8680EF041FE034672
:10761000002B06D10F4B40F2EF1212490F480FF02A
:1076200089F8FB6900221A62B8680EF00CFE0BE0C4
:10763000FB691B6A002B08D0064B40F2F7120A497F
:1076400006480FF077F800E000BF00BF2037BD46C6
:1076500080BD00BF981A0308F01B0308DC1A03085A
:10766000001C03081C1C0308381C030880B584B0E8
:1076700000AF78607B685B68FB607968F86806F04B
:10768000D7F90A49F86806F0E5F90949F86806F0FB
:1076900003FA02220749F86806F05AFA0649F86820
:1076A00006F01CFA00BF1037BD4680BD3D720108D0
:1076B0001574010849730108C174010890B585B0BB
:1076C00000AF78600023FB737B681B685B68002B4E
:1076D00006D02B4B40F265222A492B480FF02AF89E
:1076E0007B681B681B7803F0F003102B22D0202B43
:1076F00033D17B681C68FB7B18460BF010FE0346F9
:1077000063607B681B685B68002B2AD07B681B6802
:107710001B78222B04D17B681B685B6801221A74DA
:107720007B681B6858687B681B681A4617490BF012
:107730007DFD16E07B681C68FB7B184606F06AF945
:10774000034663607B681B685B68002B0BD07B681B
:107750001B681846FFF78AFF05E07B68FA221A715A
:107760000AE000BF00E000BF7B681B685B68002B7D
:1077700002D17B68FF221A711437BD4690BD00BF4D
:10778000981A03087C1C0308DC1A030841710108DD
:1077900080B584B000AF78607B68FB60FB68002236
:1077A0001A71FB681B685B68002B02D1F868FFF751
:1077B00085FF00BF1037BD4680BD000080B586B094
:1077C00000AF03463960FB710023FB74072003F010
:1077D0000FFBF860FB68002B01D1002352E0FB682F
:1077E00000221A72FB68FA791A70FB6800225A604C
:1077F000FB7903F0F003102B04D0202B05D10623D6
:107800007B610AE020237B6107E0204B40F2E52208
:107810001F4920480EF08EFF2FE0FB681033796976
:1078200018460EF097FB0346002B25D1FB680C335E
:10783000002118460EF08EFC0346002B05D0FB6895
:10784000103318460EF0C0FB17E0FB6814331846DF
:107850000EF072FCFB6800225A70FB684FF0FF329A
:107860009A61FB683A685A62FB6800221A62FB68F8
:10787000FA7C1A77FB6805E000BFF968072003F07F
:1078800033FB002318461837BD4680BD981A0308FD
:107890009C1C0308DC1A030880B582B000AF786036
:1078A0007B685B68002B06D01B4B4FF447721B496B
:1078B0001B480EF03FFF7B68103318460EF02BFC80
:1078C0000346002B06D0144B40F2233215491448CE
:1078D0000EF030FF7B68143318460EF01CFC034694
:1078E000002B06D00C4B40F226320F490C480EF00C
:1078F00021FF7B680C3318460EF0B2FC7B680C331A
:1079000018460EF0D6FC7968072003F0EDFA00BFA8
:107910000837BD4680BD00BF981A0308C41C030881
:10792000DC1A0308F41C0308301D030880B586B078
:1079300000AF78607B68103318460EF0ECFB03460E
:10794000002B2FD018E07B681B7803F0F003102B7E
:107950000ED13B6907F10F0211461846FFF7B6FB3F
:107960000346002B08D13B69184604F0CBF903E02D
:107970003B69184601F01EF87B68103307F11002CE
:10798000114618460EF0ABFB0346B3F1FF3FDAD1C8
:107990007B68103318460EF017FB7B6810331846CF
:1079A0000EF0CAFB7B68143318460EF0B4FB034696
:1079B000002B34D01DE03B6907F10E02114618463A
:1079C000FFF784FB0346002B13D13B697B61786989
:1079D000FFF7ACFF7B695B68002B07D07B695B68B6
:1079E000184604F097FF7B6900225A607869FFF718
:1079F00053FF7B68143307F11002114618460EF04E
:107A00006EFB0346B3F1FF3FD5D17B6814331846B4
:107A10000EF0DAFA7B68143318460EF08DFB00BFC7
:107A20001837BD4680BD000080B586B000AF7860D5
:107A30000B46FB7000237B757B68002B06D1874BC0
:107A400040F2A232864987480EF074FE7B681B78AC
:107A500003F0F003102B06D0804B40F2A332824992
:107A600080480EF067FE7B685B78042B06D07B4B6A
:107A70004FF469727D497B480EF05CFE7B685B6861
:107A8000002B06D1754B40F2A532794975480EF0AE
:107A900051FE7B681B6A002B06D1704B40F2A63268
:107AA000744970480EF046FE7B685B683B617B68FA
:107AB0001B6A1B7AFB73FB7B03F00103BB73FB7B2D
:107AC00003F002037B73FB7B032B02D10123BB7505
:107AD0001FE0BB7B002B0ED03B691B7D052B07D025
:107AE0003B691B7D062B03D03B691B7D082B02D114
:107AF0000123BB750DE07B7B002B08D03B695B8BC2
:107B000003F01003002B02D00123BB7501E000231A
:107B1000BB75BB7D002B03D00021386905F088FFC1
:107B20003B691B7D012B04D10021386905F0F8FF6A
:107B30001DE0BB7B002B07D00021386905F08AFFD0
:107B40000021386905F0ECFF7B7B002B03D000217E
:107B5000386905F0A1FFBB7D002B08D00022002171
:107B6000386905F0F5FF0021386905F0B7FFBB7DE6
:107B7000002B05D0386904F087FD0346FB7507E04C
:107B8000BB7B7A7B1946386904F0AAFD0346FB7576
:107B900097F91730002B02D101237B7516E097F976
:107BA0001730B3F1FF3F0FD17B681B6A5B7A002B64
:107BB0000CD101237B75BB7D002B07D0386904F005
:107BC000A9FE0023FB7501E001237B757B7D002B63
:107BD00052D07B681B6A1B680C33BB607B681B6AD6
:107BE000FA7D1A717B6800221A627B6800225A7043
:107BF00097F91730002B29D1BB7D002B0CD07B6867
:107C000000225A607B685B6A002B05D07B685B6A48
:107C10000022042178689847BB7B002B09D07B6841
:107C20005B6A002B05D07B685B6A002200217868C4
:107C300098477B7B002B09D07B685B6A002B05D0C3
:107C40007B685B6A0022022178689847FB78002BEA
:107C500002D0B8680EF0F7FA00233CE0981A030847
:107C60006C1D0308DC1A03087C1D03089C1D030817
:107C7000C01D0308001C03087B7D002B1ED13B693F
:107C80001B7D012B06D1164B40F241421549164887
:107C90000EF050FD7B7B002B03D01449386905F0B2
:107CA000FBFE01221249386905F052FF114938697B
:107CB00005F014FF7968386905F0BAFE97F91730B6
:107CC000002B06D1064B40F24D420B4906480EF000
:107CD00031FD97F9173018461837BD4680BD00BFF3
:107CE000981A0308D41D0308DC1A03081574010848
:107CF00049730108C1740108F81D030880B584B0F8
:107D000000AF78607B68FB60FB681B685B78FB7288
:107D1000FB7A002B0DD0FB681B681B7803F0F00387
:107D2000102B06D0604B40F25E42604960480EF076
:107D300001FDFB7A002B05D0FB7A022B02D0FB7AE7
:107D4000032B09D1FB7A032B0AD1FB681B681B7F2D
:107D500003F00403002B03D1FB68FB221A7197E0A8
:107D6000FB7A032B0DD1FB681B681B7F03F0040318
:107D7000002B06D14C4B40F27A424E494C480EF053
:107D8000D9FCFB6800221A71FB681B681846FFF7D4
:107D9000CDFDFB681B685B68002B5FD0FB681B6830
:107DA0001B7803F0F003102B0DD0202B51D1FB6872
:107DB0001B685B680022DA61FB681B685B68184619
:107DC0000BF054FA46E0FB681B681B6A002B06D0D8
:107DD000354B40F29442384935480EF0ABFCFB6815
:107DE0001B6804225A70FB6803221A72FB681B6826
:107DF000FA681A62FB681B6800211846FFF714FE38
:107E00000346002B4BD0FB681B685B78042B06D025
:107E1000254B40F29A42294925480EF08BFC284810
:107E20000EF0ADFAFB681B680C33002118460EF00B
:107E3000D9F923480EF094FAFB681B685B78002B95
:107E40002DD0194B40F29E421C4919480EF072FC8D
:107E500025E000BFFB681B6800225A60FB681B68B6
:107E60005B6A002B07D0FB681B685B6AFA681068C6
:107E7000002200219847FB681B685B6A002B07D033
:107E8000FB681B685B6AFA68106800220221984749
:107E9000FB681B680C3318460EF0FAF900E000BFCF
:107EA0001037BD4680BD00BF981A0308081E03089E
:107EB000DC1A03081C1E03083C1E0308581E030896
:107EC000909C012080B588B000AFF860B96013467F
:107ED000FB710023FB61FB68BB61BB69002B02D116
:107EE0006FF0050370E0BB695B78032B06D0384B5D
:107EF00040F22352374938480EF01CFCBB691B6A1C
:107F0000002B0CD1BB691B7F03F00403002B06D1AF
:107F10002F4B40F2245231492F480EF00BFCBB6925
:107F20001B6A002B08D0BB691B6AFA791A71BB69FE
:107F30001B6A1B680C33FB61BB691B7803F0F00301
:107F4000102B06D197F90730002B02D1B869FFF743
:107F50008DFBBB691B7F03F00403002B0CBF0123C7
:107F60000023DBB27B61BB691B7F23F00403DAB221
:107F7000BB691A777B69002B02D0FB69002B0CD1FF
:107F80007B69002B02D1FB69002B06D0104B4FF40C
:107F9000A662134910480EF0CDFBBB6900221A629D
:107FA000BB6900225A70BB695B6A002B05D0BB69B4
:107FB0005B6A00220221B86998477B69002B02D0D6
:107FC000F8690EF040F9002318462037BD4680BD01
:107FD000981A0308601E0308DC1A0308801E0308B1
:107FE000C01E030880B586B000AF78607B683B6137
:107FF0003B691B685B68002B02D1F123FB759BE09A
:108000003B691B681B7803F0F003102B0FD0202B6B
:1080100040F087803B691B6858683B6999683B69F9
:108020009B891A460BF06CF80346FB7584E03B69AC
:108030001B685B78032B02D1F723FB757BE03B6960
:108040001B685B78002B02D0F623FB7573E03B695D
:108050001B681846FFF70AFB3B691B6858683B69B9
:1080600099683B699A89384B04F06CFD0346FB75AF
:1080700097F91730002B5ED13B691B681B7F03F01B
:108080000203002B14BF01230023DBB2FB733B6907
:108090001B6803225A70FB7B002B09D03B691B68CD
:1080A0001A7F3B691B6842F00402D2B21A7708E0DB
:1080B0003B691B681A7F3B691B6822F00402D2B23D
:1080C0001A77FB7B002B02D0FB23FB7533E03B6967
:1080D0001B683A691A623B691B685B78032B06D000
:1080E0001A4B4FF4AE621A491A480EF023FB1A4895
:1080F0000EF045F93B691B680C33002118460EF061
:1081000071F815480EF02CF93B691B685B78032B5E
:1081100016D10E4B40F274520D490E480EF00AFB78
:108120000EE00A4B40F27D520C490A480EF002FB69
:10813000FA23FB7500E000BF3B69FA7D1A7100E08D
:1081400000BF1837BD4680BDC57E0108981A0308D8
:10815000581E0308DC1A0308909C0120E01E030847
:1081600080B584B000AF78607B68FB60FB681B68FB
:108170001B7803F0F003202B09D1FB681B685B68B8
:1081800018460BF02BF8FB6800221A7102E0FB681E
:10819000FA221A7100BF1037BD4680BD80B584B089
:1081A00000AF78607B68BB60BB681B681846FEF751
:1081B0003BFF0346FB7397F90F30002B34D1BB68AC
:1081C0001B685B68002B2DD0BB681B681B7803F015
:1081D000F003202B23D1BB689B689B68002B0CD13C
:1081E000BB681B685A68BB689B681B6819461046C9
:1081F0000AF0E6FC0346FB7316E0BB681B68586890
:10820000BB689B681968BB689B6803F10802BB6880
:108210009B689B890AF008FD0346FB7304E0F52385
:10822000FB7301E0F523FB73BB68FA7B1A7100BF97
:108230001037BD4680BD80B586B000AF78607B68E2
:108240003B613B6900221A713B691B685B68002B2C
:1082500022D03B691B681B7803F0F003102B1BD165
:108260003B699B687B617B69B3F5803F02D27B6988
:108270009BB201E04FF6FF73FB813B691B685B68B3
:10828000FA891146184604F0C5FBFB897A69D31AAE
:108290007B617B69002BE6D100BF1837BD4680BDEE
:1082A00080B588B000AF78600B46FB700023FB768A
:1082B0007B68002B06D1964B40F273629549964835
:1082C0000EF038FA7B685B78012B06D0904B40F2B9
:1082D0007462924990480EF02DFA7B681B6A002B5D
:1082E00006D18B4B40F275628D498B480EF022FA15
:1082F0007B685B68002B06D1854B40F2766289492A
:1083000085480EF017FA7B681B6A9A697B681B6ABE
:108310005B699A4206D37E4B40F2776282497E487F
:108320000EF008FA7B681B6A9B89002B06D1784BFC
:1083300040F279627D4978480EF0FCF97B681B6A4F
:108340001B7FBB767B681B7F03F00203002B04D1ED
:10835000BB7E03F00403002B01D0012300E00023C7
:108360003B767B681B6A9B681A687B681B6A1B6983
:1083700013447B617B681B6A9B685A687B681B6A35
:108380001B69D31A3B613B69B3F5803F07D34FF6B6
:10839000FF73BB83BB7E43F00203BB7601E03B6906
:1083A000BB837B685B68B3F86430FB81FA89BB8B65
:1083B0009A4216D2FB89BB833B7E002B0DD0BB8B30
:1083C000002B0ED17B681B6A9B69002B02D16FF0DA
:1083D000060300E00023FB777DE0BB7E43F0020351
:1083E000BB767B681B6A1A69BB8B1A447B681B6A65
:1083F0009B685B689A4206D9454B40F2A3624C49A0
:1084000045480EF097F9BB8B4FF6FF72934203D1AC
:108410003B69B3F5803F09D23B699BB2BA8B9A4264
:108420000BD17B681B6A9B89012B06D901237B76C4
:10843000BB7E43F00203BB7601E000237B767B68C2
:108440005868BB7EBA8B796908F0AAFA0346FB77B5
:1084500097F91F30002B2CD17B681B6A9969BA8B66
:108460007B681B6A0A449A617B681B6A1969BA8B2C
:108470007B681B6A0A441A617B681B6A1A697B68FD
:108480001B6A9B685B689A4213D17B681B6A9A8956
:10849000013A92B29A817B681B6A9B89002B08D0B3
:1084A0007B681B6A9A6808329A607B681B6A0022A4
:1084B0001A617B7E002B04D097F91F30002B3FF40C
:1084C00050AF97F91F30002B04D097F91F30B3F14C
:1084D000FF3F47D100BF3B7E002B2BD07B681B6A40
:1084E0009A697B681B6A5B699A4223D27B685B6AE4
:1084F000002B05D07B685B6A0022032178689847CF
:108500007B681B7F43F01003DAB27B681A7729E09F
:10851000981A0308F01B0308DC1A0308F81E030866
:10852000001C0308181F0308301F0308701F0308EE
:10853000981F03087B685B68B3F8643040F66932C3
:10854000934205D97B685B68B3F86630072B09D97D
:108550007B685B6A002B05D07B685B6A0022032185
:108560007868984797F91F30002B1DD17B681B6AEC
:108570009A697B681B6A5B699A4202D03B7E002B3A
:1085800001D00123FB767B685B68184609F018F878
:1085900003463B7397F90C3013F1040F2CD13B7B4E
:1085A000FB770123FB7627E097F91F30B3F1FF3FFC
:1085B00020D17B685B68184609F002F803467B739C
:1085C00097F90D3013F1040F04D17B7BFB77012366
:1085D000FB7611E03B7E002B0ED07B681B6A9B690B
:1085E000002B02D16FF0060300E00023FB7701238C
:1085F000FB7601E00123FB76FB7E002B15D07B6828
:108600001B6A1B680C33BB607B681B6AFA7F1A719C
:108610007B6800221A627B6800225A70FB78002B6C
:1086200006D0B8680DF00FFE02E04FF0FF3300E017
:10863000002318462037BD4680BD00BF80B584B0FA
:1086400000AF78607B68BB60BB681B681846FEF7AC
:10865000EBFC0346FB7397F90F30002B66D1BB6828
:108660001B681B7803F0F003102B5DD1BB681B68FF
:108670005B78002B02D0FB23FB7357E0BB681B68C1
:108680005B68002B4DD0BB681B6801225A70BB6829
:108690001B681B6A002B06D0284B40F22372284926
:1086A00028480EF047F8BB685B69002B06D1234BC6
:1086B00040F22472244923480EF03CF8BB681B6842
:1086C000BA681A62BB681B6800211846FFF7E8FD0C
:1086D0000346002B2ED0BB681B685B78012B06D0AD
:1086E000164B4FF4E562194916480EF023F8184866
:1086F0000DF045FEBB681B680C33002118460DF0D9
:1087000071FD13480DF02CFEBB681B685B78012BD4
:1087100010D10A4B40F22C720C490A480EF00AF8AC
:1087200008E0F523FB7301E0FA23FB73BB68FA7BD7
:108730001A7100E000BF1037BD4680BD981A0308CB
:108740003C1E0308DC1A0308C41F0308581E030854
:10875000909C012080B584B000AF78607B68FB609E
:10876000FB681B685B68002B6BD0FB681B7C002BD5
:1087700007D0FB681B685A68FB689B6812681A6020
:1087800006E0FB681B685A68FB689B6852681A60C1
:10879000FB6800221A71FB681B681B7803F0F0036A
:1087A000102B21D0202B44D1FB681B7C002B07D041
:1087B000FB681B685A68FB68DB68528A1A8044E0D1
:1087C000FB681B685B681B7C03F00403002B03D170
:1087D000FB68F5221A7138E0FB681B685A68FB6871
:1087E000DB68928A1A8030E0FB681B7C002B0FD17B
:1087F000FB681B685B681B7D002B05D0FB681B6852
:108800005B681B7D012B03D1FB68F5221A711CE00C
:10881000FB681B7C002B04D0FB681B685B68DB8A51
:1088200003E0FB681B685B681B8BFA68D2681380E7
:108830000BE0084B40F27D72074908480DF07AFFC3
:1088400003E0FB68F5221A7100BF00BF1037BD4678
:1088500080BD00BF981A0308D81F0308DC1A03085C
:1088600080B584B000AF78607B68FB60FB681B68F4
:108870005B78FB72FB681B685B68002B69D0FB6848
:108880001B681B7803F0F003102B62D1FB681B7A86
:10889000032B02D0FB7A022B5BD0FB7A032B03D194
:1088A000FB68F5221A7159E0FB7A012B03D1FB68B2
:1088B000FB221A7152E0FB681B7A03F00103002BC4
:1088C00004D0FB681B681846FFF730F8FB681B688C
:1088D0001B6A002B06D0234B40F2BD72224923486D
:1088E0000DF028FFFB681B6804225A70FB681B68A8
:1088F000FA681A62FB681B6800211846FFF794F8B3
:108900000346002B29D0FB681B685B78042B06D03C
:10891000144B40F2C272164914480DF00BFF154873
:108920000DF02DFDFB681B680C33002118460DF07F
:1089300059FC10480DF014FDFB681B685B78002B98
:108940000BD0084B40F2C672094908480DF0F2FE00
:1089500003E0FB68F5221A7100E000BF1037BD4646
:1089600080BD00BF981A03083C1E0308DC1A0308E8
:10897000581E0308909C012080B483B000AF0346CA
:10898000FB7197F90730002B04DC97F9073013F1DE
:10899000100F01DA052305E097F907305B42044A1E
:1089A00052F8233018460C37BD465DF8047B7047FB
:1089B0008053030880B582B000AF78607B68002BDD
:1089C00013D07B681B68002B0BD07B681B68184694
:1089D00003F098F97B6800225A607B685A687B68CC
:1089E0001A607968062002F07FFA00BF0837BD469A
:1089F00080BD000080B582B000AF78607B68002B3E
:108A000006D10D4B81220D490D480DF093FE0FE06C
:108A10007B681B68002B04D07B681B68184603F03A
:108A200071F97B6800225A607B685A687B681A601B
:108A30000837BD4680BD00BFF01F03088C20030827
:108A40004020030880B584B000AFF860B9601346D9
:108A5000FB80FB68002B08D11C4B99221C491D4848
:108A60000DF068FE6FF00F032BE0FB681B68002B16
:108A700004D0FB681B68184603F044F9412200212A
:108A8000362002F029FE0246FB681A60FB681B686C
:108A9000002B05D1FB6800225A604FF0FF3310E035
:108AA000FB681B68BA685A60FB681B68FA881A8101
:108AB000FA6812681B895381FB681A68FB685A6060
:108AC000002318461037BD4680BD00BFF01F0308C5
:108AD000A82003084020030880B485B000AF786068
:108AE0007B68FB60FB68002B02DBFB68032B01DD6E
:108AF000002303E0FB681B01034A134418461437A4
:108B0000BD465DF8047B7047409C012080B584B071
:108B100000AF78607868FFF7DFFFF860FB68184601
:108B20001037BD4680BD80B584B000AF78607868EE
:108B3000FFF7ECFFF860FB68002B05D0FB681B68B3
:108B4000002B01D0FB6800E0002318461037BD461B
:108B500080BD000080B584B000AF78607868FFF712
:108B6000E2FFF860FB68002B04D1054B09221A6074
:108B7000002300E0FB6818461037BD4680BD00BFEB
:108B8000D83C022080B584B000AF78603960002303
:108B9000FB6052E00DF026FCB8602C4AFB681B011C
:108BA00013441B68002B42D1284AFB681B01134465
:108BB0007A681A60B8680DF023FC244AFB681B0130
:108BC0001344043300221A60204AFB681B0113443B
:108BD0000E331B78002B06D01D4B40F20E221D4990
:108BE0001D480DF0A7FD194AFB681B01134408330B
:108BF00000221A807B681B7803F0F003102B02D14F
:108C00003B68002B01D0012300E0002399B20F4AFA
:108C1000FB681B0113440A330A461A800B4AFB689F
:108C20001B0113440C3300221A80FB680AE0B86869
:108C30000DF0E6FBFB680133FB60FB68032BA9DD4D
:108C40004FF0FF3318461037BD4680BD409C0120D1
:108C500088210308BC210308DC21030880B485B007
:108C600000AFF860B9607A603B603B68FA685268B0
:108C70001A60FB6800225A60FB681A687B681A60F9
:108C8000FB6800221A60012318461437BD465DF8C0
:108C9000047B704780B584B000AFF860B9607A603B
:108CA0007B681B68002B0DD0FB68002B05D07B6810
:108CB0001B68184603F026F804E07B681B6818461A
:108CC000FFF778FEBB68002B02D0B868FDF7AAFD5D
:108CD00000BF1037BD4680BD80B586B000AF78605C
:108CE00039600DF07FFB786107F1080307F10C0292
:108CF00039687868FFF7B2FF386178690DF080FB5A
:108D00003B69002B06D0FB6807F10802194638685A
:108D1000FFF7C0FF00BF1837BD4680BD80B586B0E5
:108D200000AF786000237B617868FFF713FF38613C
:108D30003B69002B02D14FF0FF3339E03B691B68E0
:108D4000002B0BD03B691B681B7803F0F003102B42
:108D50000CBF01230023DBB27B610AE03B695B6847
:108D6000002B06D0144B4FF44572144914480DF0F3
:108D7000E1FC3B691B681846FDF730FD0346FB73B9
:108D800097F90F30002B0ED097F90F301846FFF7E8
:108D9000F3FDB860BB68002B02D00A4ABB681360C1
:108DA0004FF0FF3304E079693869FFF795FF00233E
:108DB00018461837BD4680BD88210308482203089D
:108DC000DC210308D83C022080B58CB000AFF860ED
:108DD000B9607A60F868FFF7BDFEB862BB6A002B25
:108DE00002D14FF0FF3362E0BB685B78002B08D103
:108DF000BB6A1B681846FDF7BBFD034687F82F309A
:108E000039E07B68102B0CD1BB685B78002B03D05A
:108E1000BB685B78022B04D1BB6803F00303002B13
:108E200014D0254B40F24732244925480DF082FCEE
:108E30006FF00F00FFF7A0FD38623B6A002B02D0F5
:108E4000204A3B6A13604FF0FF3330E0BB685B6839
:108E50007B61BB685B88184601F02CFA0346FB84F3
:108E6000BB6A1B68FA8C07F114011846FDF748FD30
:108E7000034687F82F3097F92F30002B0ED097F943
:108E80002F301846FFF778FDB861BB69002B02D080
:108E90000C4ABB6913604FF0FF3308E00023FB610D
:108EA000FB69002B02D0074AFB69136000231846B8
:108EB0003037BD4680BD00BF88210308602203080B
:108EC000DC210308D83C022080B58CB000AFF860EC
:108ED000B9607A603B60082387F82F300023BB62BB
:108EE0007B68002B01DB7B6801E06FF000437B6255
:108EF000FB68002B06D1744B40F29E3273497448D4
:108F00000DF018FCFB681B681B7803F0F003102BB6
:108F100006D06D4B40F29F326E496D480DF00AFC51
:108F20003B6803F00803002B05D097F82F3043F07F
:108F3000040387F82F30FB685B68002B03D0FB68C5
:108F40005B687B6136E0FB681B6897F82F2007F1B0
:108F500014011846FDF7E0FE034687F8213097F923
:108F60002130002B19D0BB6A002B00F38D8097F9BC
:108F700021301846FFF700FDF861FB69002B02D095
:108F8000554AFB69136097F9213013F10F0F01D196
:108F9000002394E04FF0FF3391E07B69002B06D172
:108FA000494B40F2C5324D4949480DF0C3FB7A693F
:108FB000FB685A607B691B891A467B6A934203DD12
:108FC0007B691B897B8401E07B6A7B847A8CBB6A2A
:108FD0001344BA6A9A4203DDBB6A9BB2DB437B84CB
:108FE0007869BB6ABA68D1187A8C002303F090F8CC
:108FF0007B8CBA6A1344BB627B8C7A6A9A4206DA2B
:10900000314B40F2DD32364931480DF093FB7B8C19
:109010007A6AD31A7B623B6803F00103002B23D1E9
:109020007B691B897A8C9A4206D9274B40F2E3323E
:109030002C4927480DF07EFB7B691B891A467B8CE7
:10904000D31A002B09DD7B697A8C1146184602F091
:1090500026FE0246FB685A6006E0FB6800225A6062
:109060007B69184602F04EFE97F82F3043F0140348
:1090700087F82F307B6A002B08DD3B6803F0010383
:10908000002B3FF458AF01E000BF00E000BFBB6A17
:10909000002B0BDD3B6803F00103002B06D1FB68BE
:1090A0001B68BA6A11461846FDF784FD0023BB61B0
:1090B000BB69002B02D0084ABB691360BB6A184623
:1090C0003037BD4680BD00BF8821030880220308D9
:1090D000DC21030890220308D83C0220B4220308B4
:1090E000C0220308E822030890B58BB000AFF860F7
:1090F000B9603B601346FB8000237B62BB68002B9A
:1091000006D12B4B40F207422A492B480DF012FBA7
:109110003B68002B06D1264B4FF481622749264835
:109120000DF008FBBB6B002B06D1214B40F209422E
:10913000234921480DF0FEFA07F1140310221A709A
:1091400007F1140302225A7007F11404FB88184631
:1091500001F0B0F80346638007F11403BA6812689F
:109160005A6007F1140308330822002118460DF055
:10917000D2FBBB6B1B683A7D934202D201237B6218
:1091800008E0BB6B1B683A7D934203D93B7D1A46CE
:10919000BB6B1A60BB6B1A6807F114031946386879
:1091A0000DF021FD7B6A18462C37BD4690BD00BFEF
:1091B00088210308F8220308DC2103080C23030894
:1091C0001C23030880B588B002AFF860B9607A60EC
:1091D0003B60FB68002B01D1002321E0BB68002B22
:1091E0001DD07B68002B1AD0FB68186807F11602A7
:1091F00007F110010023FDF731FBBB68002B0ED0F7
:109200007B68002B0BD0FB681868FA8A07F1100105
:109210007B680093BB68FFF767FF034600E000230D
:1092200018461837BD4680BD90B58DB002AFF860C6
:10923000B9607A603B607B689B68002B0DD17B68CE
:10924000DB68002B09DD5E4B40F249425D495E4818
:109250000DF070FA6FF00F03ADE0BB6803F0080388
:10926000002B03D0042387F8273002E0002387F87F
:109270002730FB685B683B613B69002B1ED1FB68B4
:109280001B6897F8272007F110011846FDF770FDBD
:109290000346FB7697F91B30002B02D097F91B3061
:1092A00089E03B69002B06D1454B40F25E424749BD
:1092B00045480DF03FFA3A69FB685A603B691B6804
:1092C0001B893B8300237B840023FB6129E03A8BCD
:1092D0007B8CD31AFB827B689A68FB69DB001344A2
:1092E0005A68FB8A9A4202D9FB8ABB8406E07B68F3
:1092F0009A68FB69DB0013445B68BB843B691868B0
:109300007B689A68FB69DB00134419687B8CBA8C14
:1093100002F0FEFE7A8CBB8C13447B84FB69013324
:10932000FB617B68DB68FA699A4203DA7A8C3B8BD3
:109330009A42CCD37B681B68002B1AD07B685B6891
:10934000002B16D07B681B68002B12D07B685B68F3
:10935000002B0ED0FB6818683B6903F108013B69DC
:109360009A897B681C687B68043300932346FFF767
:10937000BBFE7B6800229A617B681B69002B07D0CB
:1093800000237B757B7D002B02D17B6800225A6114
:10939000BB6803F00103002B06D1FB6800225A6072
:1093A0003B691846FFF706FB3B68002B02D03B6881
:1093B0003A8B1A80002318462C37BD4690BD00BF5B
:1093C000882103082C230308DC2103085823030801
:1093D00080B596B002AFF860B9607A603B60F8681B
:1093E000FFF7B8FBF864FB6C002B02D14FF0FF33A2
:1093F00078E0FB6C1B681B7803F0F003102B12D194
:109400003B687A68B968F86CFFF75EFD78647B6C3E
:109410000193FB680093354BFA6DB96DF86CFFF75B
:10942000D1FE7B6C5EE000237B87BB683B637B687F
:109430007B6300237B620023BB620023FB6207F196
:109440003003FB6101233B62BB6D7B61FB6D002B35
:1094500002D0FB6D1B6800E00023BB6107F13A01FD
:1094600007F11402FB6800930B463968F86CFFF7AC
:10947000DBFE034687F84B3097F94B30002B0ED0BC
:1094800097F94B301846FFF777FAF863FB6B002B20
:1094900002D0174AFB6B13604FF0FF3322E07B8F43
:1094A0001A467B68934228BF13466FF000429342EE
:1094B00006D27B8F1A467B68934228BF134601E091
:1094C0006FF000437B64FB6D002B02D0BA69FB6D2B
:1094D0001A6000233B643B6C002B02D0044A3B6CB7
:1094E00013607B6C18465037BD4680BD642303086B
:1094F000D83C022080B586B002AFF860B9607A60CF
:109500003B6000230193002300933B687A68B968AD
:10951000F868FFF75DFF034618461037BD4680BD6B
:1095200080B58AB002AFF860B9607A603B60F868D5
:10953000FFF710FBF861FB69002B02D14FF0FF33FE
:1095400046E0FB691B681B7803F0F003102B0BD07F
:1095500000230193002300933B687A68B968F86898
:1095600000F03CF8034633E03B6803F01003002BA7
:1095700001D0032200E001223B685B105BB203F0E4
:1095800004035BB213435BB2FB7600233B61FB69D0
:109590001868FA7E07F11003009313467A68B968D9
:1095A000FDF740FC0346BB7697F91A301846FFF7E3
:1095B000E3F978617B69002B02D0074A7B6913606D
:1095C00097F91A30002B01D13B6901E04FF0FF33CE
:1095D00018462037BD4680BDD83C022080B58EB0ED
:1095E00000AFF860B9607A603B60F868FFF7B2FAE4
:1095F00038633B6B002B02D14FF0FF3393E03B6BA2
:109600001B681B7803F0F003102B07D13B687A68C6
:10961000B968F868FFF784FF034684E07B68B3F518
:10962000803F0AD35A233B623B6A002B02D0404A58
:109630003B6A13604FF0FF3375E07B68FB853B6C42
:10964000002B02D17B6C002B23D07B6C102B0BD119
:109650003B6C002B08D03B6C5B78022B04D13B6C3D
:1096600003F00303002B14D0324B40F25262324914
:1096700032480DF05FF86FF00F00FFF77DF9B86228
:10968000BB6A002B02D02A4ABB6A13604FF0FF333B
:1096900049E000237B617B693B613B6C002B0AD076
:1096A0003B6C5B68BB613B6C5B88184600F002FE5C
:1096B0000346BB8603E00023BB860023BB61BB8E51
:1096C000BB83FA8D07F11003B9681846FFF7BAF9A2
:1096D000034687F8373097F93730002B0AD13B6BB8
:1096E0001B6807F1100211461846FDF76DFB034693
:1096F00087F8373007F110031846FFF77BF997F921
:1097000037301846FFF738F978627B6A002B02D0B1
:10971000074A7B6A136097F93730002B01D1FB8D24
:1097200001E04FF0FF3318463837BD4680BD00BF1B
:10973000D83C02208821030868240308DC210308A0
:1097400080B586B000AFF860B9607A60BB68032B63
:1097500009D0BB68032B23DCBB68012B19D0BB6885
:10976000022B09D01CE07B68DBB2224A194640205C
:10977000FCF7BAFF786119E07B68882B01D12123BF
:1097800000E020231B4A00211846FCF7ADFF78615A
:109790000CE0184A00211020FCF7A6FF786105E0D4
:1097A000154B16221A604FF0FF331EE07B69002B29
:1097B00005D1114B69221A604FF0FF3315E00021EB
:1097C0007869FFF7DFF938613B69B3F1FF3F08D1F2
:1097D0007869FDF727F8084B17221A604FF0FF331E
:1097E00003E07B693A699A613B6918461837BD46C0
:1097F00080BD00BF85980108D83C022080B487B0A6
:1098000000AFF860B9607A603B6000237B612CE0B8
:10981000FB685A697B69DB0013443B613B691B6849
:10982000BA689A421ED17B68002B09D03B69B3F914
:1098300004309BB203F00103002B01D001231AE096
:109840003B68002B09D03B69B3F904309BB203F0AD
:109850000203002B01D001230DE03B6A002B01D055
:10986000012308E07B6901337B61FB689B697A69AE
:109870009A42CDD3002318461C37BD465DF8047BC1
:109880007047000080B58AB000AF78600B46FB706F
:1098900013463B807B68002B00F0A4807B689B69AB
:1098A0007B627B6A002B18DA0CF09CFDF8617B6808
:1098B0009B69002B0BDAFB78002B04D17B689B693A
:1098C0005A1E7B689A61F8690CF09AFD8DE07B68FE
:1098D0009B697B62F8690CF093FD786AFFF73AF9AF
:1098E000B861BB69002B7FD001233B620CF07AFD8D
:1098F000F861FB78042B3ED801A252F823F000BF98
:1099000015990108379901084F99010863990108D1
:109910006F990108BB69B3F908309BB201339BB260
:109920001AB2BB691A81BB69B3F90830012B2ADD71
:1099300000233B6227E0BB69B3F908309BB2013BCF
:109940009BB21AB2BB691A8100233B621CE0BB695F
:109950005B89002B01D000233B62BB6901225A8145
:1099600012E0BB6900225A8100233B620CE0BB6914
:1099700001229A8108E01E4B4FF41F621D491E48C8
:109980000CF0D8FE00E000BFBB699B7B002B25D00C
:109990003B6A002B22D0BB69B3F90830002BCCBF47
:1099A00001230023DBB27B61BB695B89002B14BF01
:1099B00001230023DBB23B61BB699B89002B14BFF1
:1099C00001230023DBB2FB60F8690CF019FDFB6892
:1099D0003A697969786A00F011F806E0F8690CF0E4
:1099E0000FFD02E000BF00E000BF2837BD4680BD8C
:1099F0008821030804250308DC21030880B588B00A
:109A000002AFF860B9607A603B60424B1B687B61D3
:109A100078E07B69DB69002B71D100233B617B69B6
:109A20005B69002B09D03B6800937B68BA68F968D2
:109A30007869FFF7E3FE386156E0BB68002B17D06A
:109A40007B699B68002B13D07B699A68FB68002BAD
:109A500000DA1F335B1152F82320FB6803F01F0369
:109A600022FA03F303F00103002B01D001233B6131
:109A70007B68002B1AD03B69002B17D17B69DB6810
:109A8000002B13D07B69DA68FB68002B00DA1F33E8
:109A90005B1152F82320FB6803F01F0322FA03F343
:109AA00003F00103002B01D001233B613B68002B35
:109AB0001AD03B69002B17D17B691B69002B13D08F
:109AC0007B691A69FB68002B00DA1F335B1152F8BF
:109AD0002320FB6803F01F0322FA03F303F00103C2
:109AE000002B01D001233B613B69002B07D07B6930
:109AF0000122DA617B69203318460CF0A4FB7B69F4
:109B00001B687B617B69002B83D100BF00BF1837C6
:109B1000BD4680BD809C012080B582B000AF7860DA
:109B20007B68202B09D07B68202B0CDC7B68042B06
:109B300007D07B68082B02D005E020230BE0082328
:109B400009E0042307E0064B40F639320549064890
:109B50000CF0F0FD002318460837BD4680BD00BF5D
:109B60008821030814250308DC21030880B58AB086
:109B700002AFF860B9607A603B600023FB61F8686F
:109B8000FEF7E8FFB861BB69002B02D14FF0FF334D
:109B90002BE03B68002B0AD10E233B613B69002B75
:109BA00002D0144A3B6913604FF0FF331DE01248A6
:109BB0000CF0D6FBBB6A00933B687A68B968F8681A
:109BC00000F01CF8F8610C480CF0D9FBFB697B61D4
:109BD0007B69002B02D0074A7B691360FB69002B6D
:109BE00002D04FF0FF3300E0002318462037BD4677
:109BF00080BD00BFD83C0220909C012080B588B079
:109C000000AFF860B9607A603B600023FB61F868E0
:109C1000FEF789FF78617B69002B01D1092387E179
:109C2000BB6840F6FF72934215D0BB68B3F5805F06
:109C300080F27A81BB68FF2B00F07281BB68FF2B3A
:109C400000F37281BB68002B00F0E080BB68062B3C
:109C500000F0168168E17B6841F20B02934200F04C
:109C600091807B6841F20B02934200F3CB807B68CA
:109C700041F20A02934250D07B6841F20A029342B9
:109C800000F3C0807B68082B03D07B68202B40F05A
:109C9000B9807B68202B08D17B691B681B7803F097
:109CA000F003202B01D05C2342E17868FFF734FFFA
:109CB0007860BB6A032B01D8162339E17B691B68E6
:109CC000002B04D07B691B685B68002B01D1162335
:109CD0002EE13B681B68002B0ED07B691B685B681C
:109CE0005B7A5AB27B685BB213435AB27B691B68DA
:109CF0005B68D2B25A7288E07B691B685B685B7AEA
:109D00005AB27B685BB2DB435BB213405AB27B69E9
:109D10001B685B68D2B25A7277E0BB6A032B01D82A
:109D2000162305E17B691B68002B04D07B691B6847
:109D30005B68002B01D11623FAE07B691B681B7856
:109D400003F0F003202B01D05C23F1E03B681B689B
:109D5000002B0BD07B691B685B681A7C7B691B68D6
:109D60005B6842F00102D2B21A744EE07B691B6854
:109D70005B681A7C7B691B685B6822F00102D2B2C7
:109D80001A7442E00023BB61BB6A052B01D816237D
:109D9000CEE07B691B68002B01D11623C8E03B682D
:109DA0003B613B691B78002B09D03B69184601F0E9
:109DB000D7FBB861BB69002B01D11323B8E07B69E5
:109DC0001B681B7803F0F003102B02D0202B08D067
:109DD0000FE07B691B685B68B969184602F0A6FD55
:109DE0000FE07B691B685B68B969184609F06EF97A
:109DF00007E0514B40F67D52504951480CF09AFC17
:109E000000BF02E05C23FB6100BF90E07B68012B98
:109E10001AD07B68022B2FD1BB6A032B01D81623E3
:109E200086E07B691B68002B04D07B691B685B683C
:109E3000002B01D116237BE03B681A687B691B6805
:109E40005B68D2B2DA721AE0BB6A032B01D8162320
:109E50006EE07B691B68002B04D07B691B685B6824
:109E6000002B01D1162363E03B681A687B691B68ED
:109E70005B68D2B29A7202E05C23FB6100BF56E0DD
:109E8000BB6A032B01D8162352E07B691B68002BA9
:109E900004D07B691B685B68002B01D1162347E067
:109EA0007B691B681B7803F0F003102B01D05C2347
:109EB0003EE07B691B685B681B7D012B01D116238B
:109EC00036E07B68012B03D07B68022B1CD023E09B
:109ED0003B681B68002B0BD07B691B685B685A8B47
:109EE0007B691B685B6842F0400292B25A8316E0BD
:109EF0007B691B685B685A8B7B691B685B6822F017
:109F0000400292B25A830AE03B681A687B691B6878
:109F10005B68C3F8942002E05C23FB6100BF06E0AD
:109F20005C23FB6100BF02E05C23FB6100BFFB69B7
:109F300018462037BD4680BD882103082C2503081C
:109F4000DC21030880B584B000AF7860396008F088
:109F500003FCF860FB68B3F1FF3F0BD113480CF032
:109F60000EFA0022396878680CF07AF80F480CF085
:109F7000F7F918E0FB68002B02D108F0B3FBE6E725
:109F80000A480CF0FCF9FA68396878680CF068F84F
:109F9000B86006480CF0E4F9BB68B3F1FF3F02D1AA
:109FA00008F0A0FBD3E71037BD4680BD909C012090
:109FB00080B584B000AF786010480CF0D1F9104B38
:109FC0001B68002B05D00E4B1B680E4A126810460A
:109FD000984707F10C0319460B48FFF7B3FFFB68DE
:109FE000002B06D1094B912209490A480CF0A2FB2B
:109FF00003E0FB68184600F00FF8EAE7909C0120A8
:10A00000849C0120889C01208C9C012058250308F9
:10A0100088250308A825030880B582B000AF7860C2
:10A020007B681B78022B26D0022B2BDC002B02D066
:10A03000012B15D026E07B68DB687A6850687A6867
:10A040009268114698470346002B04D07B685B68F2
:10A05000184601F057FE7968092000F045FF18E026
:10A060007B685B687A689268104698477968082030
:10A0700000F03AFF0DE07B685B687A6892681046F2
:10A08000984706E0054BCF22054906480CF052FBE5
:10A0900000BF00BF0837BD4680BD00BF582503087C
:10A0A00088250308A825030880B586B000AFF860AE
:10A0B000B9607A601A480CF02EF80346002B05D1DF
:10A0C000184BFC22184919480CF034FB092000F009
:10A0D0008FFE78617B69002B02D14FF0FF331AE0CD
:10A0E0007B6900221A707B69FA685A607B69BA68DA
:10A0F0009A607B697A68DA60796909480BF08CFFAD
:10A100000346002B06D07969092000F0EDFE4FF0E0
:10A11000FF3300E0002318461837BD4680BD00BF5E
:10A120008C9C012058250308D0250308A825030886
:10A1300080B582B000AF786039603B6893F82D300D
:10A1400003F01803002B06D0084A39687868FFF737
:10A15000ABFF034605E0064A39687868FFF7A4FFBD
:10A16000034618460837BD4680BD00BF515D020852
:10A170009147020880B584B000AF78603960194813
:10A180000BF0C9FF0346002B06D1174B40F25D12BE
:10A19000164917480CF0CEFA082000F029FEF860A6
:10A1A000FB68002B02D14FF0FF3317E0FB68012260
:10A1B0001A70FB687A685A60FB683A689A60F968B6
:10A1C00008480BF029FF0346002B06D0F968082049
:10A1D00000F08AFE4FF0FF3300E0002318461037EE
:10A1E000BD4680BD8C9C012058250308D02503085E
:10A1F000A825030880B584B000AFF860B9607A6024
:10A2000006480CF0ADF8FB68B868984703480CF0B6
:10A21000B6F8002318461037BD4680BD909C01203B
:10A2200080B584B002AF7860396000F072F8174AE8
:10A230007B681360164A3B681360202115480BF0B9
:10A2400089FE0346002B06D0134B40F261221349CE
:10A2500013480CF06FFA13480CF046F80346002B35
:10A2600006D00D4B40F265220F490D480CF062FA02
:10A27000002300934FF4006300220C490C480CF0BB
:10A280008BF800BF0837BD4680BD00BF849C01200D
:10A29000889C01208C9C012058250308E025030898
:10A2A000A8250308909C012004260308B19F0108FB
:10A2B0002826030880B483B000AF0346FB80B7F9BB
:10A2C00006301B021AB2FB881B0A9BB21BB2134357
:10A2D0001BB29BB218460C37BD465DF8047B704735
:10A2E00080B483B000AF78607B681A067B681B027D
:10A2F00003F47F031A437B681B0A03F47F431A436A
:10A300007B681B0E134318460C37BD465DF8047B73
:10A31000704780B582B000AF00237B6001F09CFFE6
:10A320000BF0D4FF00F0D4F800F0CCFC00F006FEF7
:10A3300008F04AFA01F098FF08F08CF900BF0837DE
:10A34000BD4680BD80B483B000AF0346FB80054BA3
:10A350001A68FB88134418460C37BD465DF8047B29
:10A36000704700BFAC9C012080B483B000AF786020
:10A37000054B1B687A68D31A9BB218460C37BD464A
:10A380005DF8047B704700BFAC9C012090B585B0A0
:10A3900000AF7860454B1B687A689A4206D2444BFE
:10A3A00040F2DF12434944480CF0C4F9434B1B68A8
:10A3B0007A689A4206D33E4B4FF4F07240493E48C9
:10A3C0000CF0B8F97B681B79002B06D0384B40F2B3
:10A3D000E1123C4938480CF0ADF97B681B88B3F5B5
:10A3E000C04F06D9324B4FF4F272374932480CF065
:10A3F000A1F97B681B881846FFF7A4FFF8607A680C
:10A40000FB689A4224D0FB681B79002B20D12B4B90
:10A410001B68FA689A421BD02C4B1B68FA689A4258
:10A4200002D12A4A7B681360FB681A887B681A800D
:10A43000FB681B88B3F5C04F0AD0FB681B88184621
:10A44000FFF780FF04467868FFF78EFF03466380BE
:10A450007B685B881846FFF775FFB860BA687B6851
:10A460009A421FD0BB681B79002B1BD1174B1B686E
:10A470007A689A4202D1154ABB6813607B681A88D1
:10A48000BB681A807B681B88B3F5C04F0AD07B6815
:10A490001B881846FFF756FF0446B868FFF764FFAD
:10A4A0000346638000BF1437BD4690BDAC9C0120BD
:10A4B000382603086826030880260308B09C01207C
:10A4C000A8260308C4260308E0260308B89C012038
:10A4D00080B582B000AF1F4B1F4A1A601D4B1B682E
:10A4E0007B607B684FF4C0421A807B6800225A80F0
:10A4F0007B6800221A714FF4C040FFF723FF034628
:10A50000164A1360154B1B6801221A71134B1B6806
:10A510004FF4C0421A80114B1B684FF4C0425A805E
:10A520000C4B1B680E4A13600E4B4FF4C042A3F84D
:10A53000AA200D480BF0D8FE0346002B06D00B4B8B
:10A5400040F21F220A490B480CF0F4F800BF08370C
:10A55000BD4680BDAC9C012000800420B09C012041
:10A56000B89C012030390220B49C01203826030811
:10A570000C2703088026030880B586B000AF7860FA
:10A580007868FFF7F1FE0346FB827B681B8818465C
:10A59000FFF7D8FE38617B685B881846FFF7D2FE6C
:10A5A000F8607B681B88B3F5C04F18D87B685B8860
:10A5B000B3F5C04F13D87B685B88FA8A9A4204D0FF
:10A5C000FB681B88FA8A9A4209D1084B1B683A69D2
:10A5D0009A4206D03B695B88FA8A9A4201D00023EE
:10A5E00000E0012318461837BD4680BDB09C01200D
:10A5F00080B588B000AF78607B68002B00F0A28047
:10A600007B6803F00303002B15D0504B40F27322FC
:10A610004F4950480CF08EF80BF0E4FEF8604E4BBA
:10A62000B3F8B03001339AB24B4BA3F8B020F868BE
:10A630000BF0E6FE87E07B68083BFB61474B1B683D
:10A64000FA699A4206D37B6803F10C02444B1B68FB
:10A650009A4215D93D4B40F27F2242493D480CF0C9
:10A6600069F80BF0BFFE38613B4BB3F8B0300133F3
:10A670009AB2394BA3F8B02038690BF0C1FE62E002
:10A6800039480BF06DFEFB691B79002B18D12F4B5D
:10A690004FF4237235492F480CF04CF832480BF038
:10A6A0006EFE0BF09FFE78612B4BB3F8B030013398
:10A6B0009AB2294BA3F8B02078690BF0A1FE42E0D2
:10A6C000F869FFF759FF0346002B18D11F4B40F2E2
:10A6D000952227491F480CF02DF823480BF04FFE18
:10A6E0000BF080FEB8611C4BB3F8B03001339AB266
:10A6F000194BA3F8B020B8690BF082FE23E0FB6988
:10A7000000221A711B4B1B68FA699A4202D2194A3D
:10A71000FB691360104BB3F8AC20104B1B68F96950
:10A72000CB1A99B2FB691B88CB1A9BB213449AB21D
:10A73000094BA3F8AC20F869FFF728FE0A480BF094
:10A740001EFE00E000BF2037BD4680BD382603084E
:10A75000282703088026030830390220AC9C0120FA
:10A76000B09C01204C270308B49C012068270308F3
:10A7700090270308B89C012080B588B000AF7860AE
:10A780000B467B807B8803339BB223F00303FB8360
:10A79000FB8B0B2B01D80C23FB83FB8BB3F5C04F3A
:10A7A00003D8FA8B7B889A4201D20023F8E07E4BD3
:10A7B0001B687A689A4204D37C4B1B687A689A4279
:10A7C00006D37B4B40F2D1227A497B480BF0B2FF93
:10A7D000754B1B687A689A4204D3744B1B687A687D
:10A7E0009A420FD30BF0FEFDB860744BB3F8B03053
:10A7F00001339AB2714BA3F8B020B8680BF000FE99
:10A800007B68CDE07B68083BBB61B869FFF7ACFDB6
:10A810000346FB82BB691A88FB8AD31A9BB2083BAA
:10A82000BB82FA8BBB8A9A4206D9614B4FF43972CC
:10A83000634961480BF07EFFFA8BBB8A9A4201D9CB
:10A840000023ADE0FA8BBB8A9A4201D17B68A7E076
:10A850005C480BF085FDBB691B881846FFF772FD4D
:10A8600038613B691B79002B4BD1BB691B88B3F561
:10A87000C04F06D14E4B40F2F52253494E480BF0E3
:10A8800059FF3B691B88BB81FA8AFB8B13449BB23F
:10A890000833FB814D4B1B683A699A4206D1FB890C
:10A8A0001846FFF74FFD0346484A1360FB891846D8
:10A8B000FFF748FD38613B6900221A713B69BA898C
:10A8C0001A803B69FA8A5A80BB69FA891A803B6907
:10A8D0001B88B3F5C04F07D03B691B881846FFF7AC
:10A8E00031FD0246FB895380344BB3F8AC20F98B21
:10A8F000BB8ACB1A9BB213449AB2304BA3F8AC205C
:10A900004AE0FB8B03F11402BB8A9A4244D8FA8ACC
:10A91000FB8B13449BB20833FB81BB691B88B3F5E7
:10A92000C04F06D1224B40F21632274922480BF085
:10A9300001FFFB891846FFF705FD3861234B1B68B3
:10A940003A699A4202D2214A3B6913603B6900226C
:10A950001A71BB691A883B691A803B69FA8A5A8066
:10A96000BB69FA891A803B691B88B3F5C04F07D0D1
:10A970003B691B881846FFF7E5FC0246FB895380BC
:10A980000E4BB3F8AC20F98BBB8ACB1A9BB21344A5
:10A990009AB20A4BA3F8AC200A480BF0F0FC7B6893
:10A9A00018462037BD4680BDAC9C0120B09C0120DC
:10A9B00038260308C42703088026030830390220FC
:10A9C000DC270308B49C0120FC270308B89C012065
:10A9D00090B589B000AF0346FB80FB88002B01D106
:10A9E000002321E1FB8803339BB223F00303BB83E5
:10A9F000BB8B0B2B01D80C23BB83BB8BB3F5C04F98
:10AA000003D8BA8BFB889A4201D200230CE1884814
:10AA10000BF0A6FC874B1B681846FFF7A5FC034606
:10AA2000FB83EEE0FB8B1846FFF78CFC78617B69BB
:10AA30001B79002B40F0DE807B691B881A46FB8B5C
:10AA4000D31AA3F10802BB8B9A42C0F0D3807B6972
:10AA50001B881A46FB8BD31AA3F10802BB8B143355
:10AA60009A424CD3FA8BBB8B13449BB208337B8244
:10AA70007B8AB3F5C04F06D16F4B40F287326F49E6
:10AA80006F480BF057FE7B8A1846FFF75BFCF860B7
:10AA9000FB6800221A717B691A88FB681A80FB68C0
:10AAA000FA8B5A807B697A8A1A807B6901221A7133
:10AAB000FB681B88B3F5C04F07D0FB681B8818469E
:10AAC000FFF740FC02467B8A53805E4BB3F8AC2014
:10AAD000BB8B13449BB208339AB25A4BA3F8AC20F9
:10AAE000584BB3F8AE20574BB3F8AC309A4227D24C
:10AAF000544BB3F8AC20534BA3F8AE2020E07B6955
:10AB000001221A714F4BB3F8AC207B691B881344A8
:10AB10009CB27869FFF728FC0346E31A9AB2494BC6
:10AB2000A3F8AC20474BB3F8AE20464BB3F8AC309B
:10AB30009A4205D2434BB3F8AC20424BA3F8AE2067
:10AB40003C4B1B687A699A4227D13A4B1B68BB6120
:10AB500005E0BB691B881846FFF7F4FBB861BB69C9
:10AB60001B79002B04D0384B1B68BA699A42F0D18C
:10AB7000304ABB6913602F4B1A68334B1B689A42EB
:10AB80000BD02C4B1B681B79002B06D02A4B40F2B4
:10AB9000B5322E492A480BF0CDFD25480BF0EFFBCE
:10ABA000BA8B7B6913440833274A1268934206D94B
:10ABB000214B40F2B932264921480BF0BBFD7B699D
:10ABC00003F00303002B06D01B4B40F2BB3221499C
:10ABD0001B480BF0AFFD7B6903F00303002B06D08D
:10ABE000154B40F2BD321C4915480BF0A3FD7B69A3
:10ABF000083319E0FB8B1846FFF7A4FB03461B88BC
:10AC0000FB83FA8BBB8BC3F5C0439A42FFF40AAFB8
:10AC10000C4BB3F8A83001339AB20A4BA3F8A82022
:10AC200003480BF0ACFB002318462437BD4690BD0B
:10AC3000B49C0120B89C012038260308FC27030897
:10AC40008026030830390220B09C01201028030818
:10AC50002C2803085C2803088C28030880B485B0DE
:10AC600000AF78607B68DB6800221A607B689B68B5
:10AC7000033323F00303BB600023FB6011E07B6818
:10AC8000DB681A68BB681A607B68DB68BA681A60A0
:10AC90007B689B881A46BB681344BB60FB68013322
:10ACA000FB607B68DB881A46FB689342E7DB7B68C6
:10ACB0001B687A68D2885A8000BF1437BD465DF899
:10ACC000047B704780B582B000AF0023FB8014E0A6
:10ACD000FB880E4A52F823301846FFF7BFFFFB8867
:10ACE0000A4A52F82320FB88126809492C339B003A
:10ACF0000B445A60FB880133FB80FB880C2BE7D99F
:10AD000000BF00BF0837BD4680BD00BF9454030894
:10AD10003039022080B584B000AF78600BF062FB60
:10AD2000F8607B68DB681B68BB60BB68002B29D0C0
:10AD30007B68DB68BA6812681A60BB6803F00303BB
:10AD4000002B06D0164B4FF48C72164916480BF0A8
:10AD5000F1FC7B681B689A88013292B29A807B680A
:10AD60001B689A887B681B68DB889A4205D97B68D8
:10AD70001A687B681B689288DA80F8680BF040FBE1
:10AD8000BB6809E07B681B681A88013292B21A809E
:10AD9000F8680BF035FB002318461037BD4680BD20
:10ADA000B0280308E02803080429030880B582B00E
:10ADB00000AF78607B68002B06D10A4B4FF49E727F
:10ADC00009490A480BF0B6FC7B68002B01D100232F
:10ADD00003E07868FFF79EFF034618460837BD4634
:10ADE00080BD00BFB02803082C29030804290308EC
:10ADF00080B584B000AF0346FB71FB790C2B08D9FA
:10AE00000A4B40F257120A490A480BF093FC002300
:10AE100008E0FB79084A52F823301846FFF77AFF1A
:10AE2000F860FB6818461037BD4680BDB02803089F
:10AE300040290308042903089454030880B584B00A
:10AE400000AF786039603B6803F00303002B06D045
:10AE5000104B4FF4B672104910480BF06BFC3B6876
:10AE6000FB600BF0BFFAB8607B681B689A88013AF8
:10AE700092B29A807B68DB681A68FB681A607B680C
:10AE8000DB68FA681A60B8680BF0BAFA00BF1037CE
:10AE9000BD4680BDB02803086029030804290308C3
:10AEA00080B582B000AF786039607B68002B06D136
:10AEB0000A4B40F295120A490A480BF03BFC7B68AA
:10AEC000002B07D03B68002B04D039687868FFF767
:10AED000B5FF00E000BF0837BD4680BDB0280308BD
:10AEE0002C2903080429030880B582B000AF03466B
:10AEF0003960FB71FB790C2B07D90C4B4FF4D572E1
:10AF00000B490C480BF016FC0CE03B68002B08D0FA
:10AF1000FB79094A52F8233039681846FFF78EFF4B
:10AF200000E000BF0837BD4680BD00BFB028030861
:10AF300080290308042903089454030880B400AF4F
:10AF400000BFBD465DF8047B7047000080B586B049
:10AF500000AFF860B9607A603B60FB68002B08D1F5
:10AF6000574B40F22712574957480BF0E3FB002399
:10AF7000A2E07B6A002B08D1514B4FF494725349E5
:10AF800051480BF0D7FB002396E0BB68002B01D1A2
:10AF90004F4BBB607B68002B01D14D4B7B603B6806
:10AFA000002B01D14A4B3B60FB6800225A60FB68D2
:10AFB00000229A60FB680022DA60FB68454A5A6109
:10AFC000FB6800229A84FB68002283F82D20FB682E
:10AFD0000022DA61FB683A6A1A623F4B1A78FB6812
:10AFE00083F83020FB68BA6A1A613B687A68B968EE
:10AFF000F86800F013F97B6AF86898470346002B5D
:10B0000001D0002358E0FB6893F83030FF2B03D1C8
:10B01000FB68002283F8302000233B612F4B1B6824
:10B020007B612BE07A69FB689A4206D1244B40F29F
:10B030008B122B4924480BF07DFB3B6901333B61AC
:10B040003B69FF2B06DD1E4B40F28D1225491E4841
:10B050000BF070FB7B6993F83020FB6893F830307D
:10B060009A4208D1FB6893F830300133DAB2FB68BA
:10B0700083F8302005E07B691B687B617B69002BCE
:10B08000D0D17B69002BBED1FB6893F83030FE2B0A
:10B0900003D1114B00221A7006E0FB6893F83030A0
:10B0A0000133DAB20C4B1A700C4B1A68FB681A6049
:10B0B0000A4AFB681360FB6818461837BD4680BD16
:10B0C0009C290308302A0308EC2903084C2A0308AA
:10B0D00008550308F7B401082C390220243902204E
:10B0E000702A0308842A030880B582B000AF786014
:10B0F00039603968786802F0D1FE3968786808F0FC
:10B100001BF900BF0837BD4680BD000080B586B082
:10B1100000AFF860B9607A60BB68002B06D11D4BA8
:10B1200040F2CB121C491D480BF004FB7B68002B3E
:10B1300006D1184B4FF4E672174918480BF0FAFA8B
:10B14000BB681A68FB6804331B689A421CD0BB6852
:10B150001B687B61FB6804331A687B681A6007F11F
:10B16000140319467868FFF7BFFFBB68002B02D0B5
:10B17000BB681B6800E00023FA6853600121F8688F
:10B1800000F0D2F8012300E0002318461837BD462E
:10B1900080BD00BF9C290308B42A0308EC290308DA
:10B1A00080B485B000AFF860B9607A60BB681A6897
:10B1B000FB6808331B689A420AD0BB68002B02D098
:10B1C000BB681B6800E00023FA689360012300E07D
:10B1D000002318461437BD465DF8047B704780B4E1
:10B1E00085B000AFF860B9607A60BB681A68FB6828
:10B1F0000C331B689A420AD0BB68002B02D0BB6894
:10B200001B6800E00023FA68D360012300E00023FC
:10B2100018461437BD465DF8047B704780B588B08A
:10B2200000AFF860B9607A603B600023FB610023E7
:10B23000BB61BB68002B01D11C4BBB607B68002B42
:10B2400001D11A4B7B603B68002B01D1174B3B604F
:10B25000BB68002B03D0BB681B68002B01D1012306
:10B2600000E000237B617B69002B06D007F110030F
:10B270001A46B968F868FFF749FFFA697968F8680B
:10B28000FFF78EFFBA693968F868FFF7A8FF7B6996
:10B29000002B06D107F110031A46B968F868FFF7CA
:10B2A00035FF00BF2037BD4680BD00BF08550308ED
:10B2B00080B483B000AF7860044A7B68136000BF3D
:10B2C0000C37BD465DF8047B704700BF283902206B
:10B2D00080B582B000AF78607B68002B07D10F4B40
:10B2E0004FF454720E490F480BF024FA13E07B68B8
:10B2F00093F82D3003F00103002B0CD17B6893F8F9
:10B300002D3043F00103DAB27B6883F82D2003214E
:10B31000786800F009F80837BD4680BD9C2903080D
:10B32000242B0308EC29030880B582B000AF7860B5
:10B330000B46FB707B68002B06D1184B40F26D3238
:10B34000174918480BF0F6F97B6893F82D3003F095
:10B350000403002B1ED07B6893F82D3003F001030B
:10B36000002B17D0FB7803F00103002B13D07B6870
:10B3700004331B68002B0ED07B6893F82D3003F04C
:10B380000803002B07D07B6804331946786808F05F
:10B390007DFF00E000BF0837BD4680BD9C29030843
:10B3A000402B0308EC29030880B582B000AF786019
:10B3B0007B68002B07D1124B40F29B321149124897
:10B3C0000BF0B8F919E07B6893F82D3003F0010316
:10B3D000002B12D07B6893F82D3023F00103DAB2F2
:10B3E0007B6883F82D207B6893F82D3003F00803E9
:10B3F000002B02D0786808F0C7FA0837BD4680BD38
:10B400009C290308642B0308EC29030880B582B04B
:10B4100000AF78607B68002B07D1134B4FF4787234
:10B42000124913480BF086F91BE07B6893F82D3026
:10B4300003F00403002B14D17B6893F82D3043F004
:10B440000403DAB27B6883F82D2003217868FFF7C4
:10B450006BFF7B68DB69002B03D07B68DB69786856
:10B4600098470837BD4680BD9C290308842B0308F4
:10B47000EC29030880B582B000AF78607B68002BB0
:10B4800007D1114B40F20642104911480BF052F916
:10B4900017E07B6893F82D3003F00403002B10D0E5
:10B4A0007B6893F82D3023F00403DAB27B6883F8CD
:10B4B0002D207B68DB69002B03D07B68DB69786813
:10B4C00098470837BD4680BD9C290308A82B030870
:10B4D000EC29030880B483B000AF786039607B68E2
:10B4E000002B02D07B683A68DA6100BF0C37BD469A
:10B4F0005DF8047B704780B485B000AFF860B96038
:10B500007A606FF00B0318461437BD465DF8047B74
:10B510007047000080B485B000AF0346FB71FB7933
:10B52000002B13D00D4B1B68FB600CE0FB6893F8FD
:10B5300030300133DBB2FA799A4201D1FB6806E080
:10B54000FB681B68FB60FB68002BEFD100231846EB
:10B550001437BD465DF8047B704700BF24390220D4
:10B5600080B584B000AF78607B68002B01D10023E8
:10B5700028E07B68023318460AF052FF0346FB724C
:10B58000124B1B68FB6019E0FB6893F83030FA7AC5
:10B590009A4210D17B681A78FB6893F82E309A4251
:10B5A00009D17B6801331A78FB6893F82F309A42EF
:10B5B00001D1FB6806E0FB681B68FB60FB68002BA1
:10B5C000E2D1002318461037BD4680BD2439022041
:10B5D00080B582B000AF0AF005FF38600D4B002245
:10B5E0001A7038680AF00CFF0B4B1B687B600AE08E
:10B5F0007B685B6F002B03D0786802F08DFC05E060
:10B600007B68DB687B607B68002BF1D10837BD4627
:10B6100080BD00BF2D390220383A022080B582B0AB
:10B6200000AF7860FFF7D4FF00BF0837BD4680BD8C
:10B6300080B582B000AF0AF0D5FE78600F4B1B7862
:10B64000FB700E4B01221A7078680AF0D9FEFB7865
:10B65000002B0FD100210A48FEF78CFD0346002B7A
:10B6600008D00AF0BFFE7860044B00221A70786898
:10B670000AF0C6FE00BF0837BD4680BD2D39022046
:10B680001DB6010880B485B000AFF860B9601146FE
:10B690001A460B46FB801346BB80FB6800221A60EB
:10B6A000FB68BA685A60FB68FA881A81FB68BA8836
:10B6B0005A813B8BDAB2FB681A73FB683A7F5A7384
:10B6C000FB6801229A73FB680022DA7300BF14370B
:10B6D000BD465DF8047B704780B58CB002AF034671
:10B6E000FB710B46BB8013467B80FB797B847B8898
:10B6F000B3F5207F7FD0B3F5207F00F3C880B3F58A
:10B70000C17F10D0B3F5C17F00F3C180012B02D0FF
:10B71000412B40F0BC807A88BB881946002000F09D
:10B72000D1F87862BDE000237B620023FB61BB8817
:10B730007B830C20FFF75CFB38613B69002B09D150
:10B74000FFF776FF7B6A002B02D0786A00F0DAFA06
:10B750000023A7E07B8C03339BB223F003039BB24F
:10B76000C3F5BE639BB27A8B934228BF1346FB811D
:10B770007B8C10333A691344033323F003031846D8
:10B78000F9897A8B002301937B8800930B4601464D
:10B790003869FFF777FF3B695B6803F00303002B11
:10B7A00006D0424B4FF48072414942480AF0C2FF32
:10B7B0007B8C033323F00303B3F5BE6F06D13B4B01
:10B7C0004FF481723C493B480AF0B4FF7B6A002B7E
:10B7D00002D13B697B6202E0FB693A691A603B690E
:10B7E000FB617A8BFB89D31A7B8300237B847B8B61
:10B7F000002B9ED155E07B8C03339BB223F00303D7
:10B800009AB2BB8803339BB223F003039BB2134469
:10B810003B833B8B1033FB823A8BBB88033323F093
:10B8200003039A4206D3FA8ABB88033323F0030347
:10B830009A4201D2002335E0FB8A1846FFF7C8F888
:10B8400078627B6A002B01D100232BE07B8C1033C4
:10B850007A6A1344033323F003031846B988BA887D
:10B86000002301937B8800930B460146786AFFF71B
:10B8700009FF7B6A5B6803F00303002B10D00B4BBE
:10B880004FF491720D490B480AF054FF08E0074B42
:10B8900040F227120A4907480AF04CFF002301E052
:10B8A00000BF7B6A18462837BD4680BDCC2B0308F5
:10B8B000FC2B03082C2C0308542C0308882C0308A9
:10B8C000B42C030880B586B002AF78600B467B804D
:10B8D00013463B803B88412B09D03B88012B06D087
:10B8E0000F4B4FF4A5720F490F480AF023FF0B20AE
:10B8F000FFF77EFAF860FB68002B01D100230BE014
:10B9000079887A88002301933B8800930B467968F5
:10B91000F868FFF7B7FEFB6818461037BD4680BDD4
:10B92000CC2B0308D02C03082C2C030880B588B03E
:10B9300002AF7B600346FB730B46BB8113467B81E2
:10B94000FB7B7B827B8A033323F00302BB891A448F
:10B95000BB8C9A4201D9002318E03B6A002B07D028
:10B960007B8A033323F003033A6A13447B6101E0CB
:10B9700000237B617868B989BA89022301937B89A6
:10B9800000930B467969FFF77DFE7B6818461837F0
:10B99000BD4680BD80B584B000AF78600B467B802B
:10B9A0007B68002B06D13A4B4FF4CC7239493A48A8
:10B9B0000AF0C0FE7B681B897A889A4263D27B6852
:10B9C0001A897B88D31A3B817B887B817B68FB60EB
:10B9D00018E0FB685B897A89D31A7B81FB681A8936
:10B9E0003B89D31A9AB2FB681A81FB681B68FB601B
:10B9F000FB68002B06D1264B40F2AF1227492648A0
:10BA00000AF098FEFB685B897A899A42E1D8FB6864
:10BA10001B7B03F00F03002B21D1FB685B897A8924
:10BA20009A421CD0FB685B7B03F00203002B16D10B
:10BA3000FB685A68FB68D31A9AB27B8913449BB29D
:10BA40001946F868FEF798FEF860FB68002B06D1EF
:10BA50000F4B40F2BD1212490F480AF06BFEFB6813
:10BA60007A895A81FB685A89FB681A81FB681B68CE
:10BA7000002B04D0FB681B68184600F043F9FB68F4
:10BA800000221A6000E000BF1037BD4680BD00BF35
:10BA9000CC2B0308E42C03082C2C0308FC2C0308F3
:10BAA000142D030880B586B000AFF860B960134666
:10BAB000FB71FB68002B06D12B4B40F2DF122B49A8
:10BAC0002B480AF037FEFB68002B03D0BB68B3F5A8
:10BAD000803F01D3012343E0BB68002B01D1002349
:10BAE0003EE0BB687B82FB681A897B8A13449BB269
:10BAF0007A8A9A4201D9012332E0FB681B7B3B82A0
:10BB00003B8A03F08003002B0CD0FB685A68BB68AB
:10BB10005B4213447B61FB6810337A699A420DD211
:10BB200001231DE0FB79002B06D0FB685A68BB6837
:10BB30005B4213447B6101E0012311E0FB687A69F9
:10BB40005A60FB685A897B8A13449AB2FB685A810F
:10BB5000FB681A897B8A13449AB2FB681A81002316
:10BB600018461837BD4680BDCC2B0308302D03087E
:10BB70002C2C030880B582B000AF786039600022B9
:10BB800039687868FFF78EFF034618460837BD46C8
:10BB900080BD000080B584B000AF786039607B68FC
:10BBA000002B06D1204B40F24B22204920480AF0BE
:10BBB000C1FD7B68002B03D03B68B3F5803F01D308
:10BBC00001232CE03B68002B01D1002327E03B68D8
:10BBD000FB817B685B89FA899A4208D9124B40F253
:10BBE0005522144912480AF0A5FD012317E07B688D
:10BBF0005B68BB607B685A683B681A447B685A6024
:10BC00007B685A89FB89D31A9AB27B685A817B6810
:10BC10001A89FB89D31A9AB27B681A8100231846C5
:10BC20001037BD4680BD00BFCC2B0308302D030864
:10BC30002C2C03083C2D030880B582B000AF78603F
:10BC40000B467B8013467B70B7F90230002B08DA75
:10BC5000B7F902305B4219467868FFF79BFF03464D
:10BC600007E0B7F902307A7819467868FFF71AFFCB
:10BC7000034618460837BD4680BD80B582B000AF88
:10BC800078600B467B80B7F902300122194678684C
:10BC9000FFF7D2FF034618460837BD4680BD80B582
:10BCA00086B000AF78600B467B807B687B617B88C9
:10BCB0007B821CE07B695B897A8A9A4210D37B691C
:10BCC000FB607B695B897A8AD31A7B827B691B68FC
:10BCD0007B61FB6800221A60F86800F013F806E048
:10BCE0007B8A19467869FFF755FF00237B827B8AA0
:10BCF000002B02D07B69002BDCD17B6918461837FA
:10BD0000BD4680BD80B588B000AF78607B68002BF1
:10BD10000BD17B68002B06D13B4B4FF437723B496C
:10BD20003B480AF007FD002369E00023FB7762E04F
:10BD30000AF058FBB8617B689B7B002B06D1324B25
:10BD400040F2F122334932480AF0F4FC7B689B7BD5
:10BD5000013BDAB27B689A737B689B7BFB75B869A1
:10BD60000AF04EFBFB7D002B43D17B681B683B61D7
:10BD70007B681B7B03F00F03FB737B685B7B03F02B
:10BD80000203002B11D07B68BB60BB681B69002BD2
:10BD900006D11D4B40F2FF221F491D480AF0CAFC84
:10BDA000BB681B69786898471DE0FB7B022B04D1B8
:10BDB00079680C20FFF798F815E0FB7B012B04D184
:10BDC00079680B20FFF790F80DE0FB7B002B03D187
:10BDD0007868FEF70DFC06E00B4B40F20F320F497E
:10BDE0000B480AF0A7FCFB7F0133FB773B697B60C4
:10BDF00001E000237B607B68002B99D1FB7F184614
:10BE00002037BD4680BD00BFCC2B0308302D030872
:10BE10002C2C03085C2D0308742D0308982D0308AF
:10BE200080B485B000AF78600023FB8105E0FB891A
:10BE30000133FB817B681B687B607B68002BF6D13C
:10BE4000FB8918461437BD465DF8047B7047000037
:10BE500080B584B000AF78607B68002B16D00AF004
:10BE6000C1FAF8607B689B7B0133DAB27B689A7316
:10BE7000F8680AF0C5FA7B689B7B002B06D1054B5E
:10BE800040F24232044905480AF054FC00BF103722
:10BE9000BD4680BDCC2B0308AC2D03082C2C030819
:10BEA00080B584B000AF786039607B68002B02D029
:10BEB0003B68002B07D1204B40F259321F492048E4
:10BEC0000AF038FC34E07B68FB600AE0FB681A8902
:10BED0003B681B8913449AB2FB681A81FB681B6894
:10BEE000FB60FB681B68002BF0D1FB681A89FB68BC
:10BEF0005B899A4206D0104B40F2623211491048D9
:10BF00000AF018FCFB681B68002B06D00A4B40F2B5
:10BF100063320D490A480AF00DFCFB681A893B6838
:10BF20001B8913449AB2FB681A81FB683A681A604D
:10BF30001037BD4680BD00BFCC2B0308C02D0308C1
:10BF40002C2C0308F82D0308282E030880B582B096
:10BF500000AF7860396039687868FFF7A1FF38680A
:10BF6000FFF776FF00BF0837BD4680BD80B586B0BD
:10BF700000AF7860396000237B6100233B617B6800
:10BF8000002B08D03B68002B05D07B681A893B68E2
:10BF90001B899A4209D2574B40F2C9325649574839
:10BFA0000AF0C8FB6FF00F039FE07B685B891A46BD
:10BFB0007B69D21A3B685B8919463B69CB1A9A4266
:10BFC00006D33B685B891A463B69D31AFB6005E0E0
:10BFD0007B685B891A467B69D31AFB607B685A6869
:10BFE0007B69D0183B685A683B691344FA68194664
:10BFF0000AF0F9FD7A69FB6813447B613A69FB68D2
:10C0000013443B617B685B891A467B69934206D97E
:10C01000384B40F2D9323A4938480AF08BFB3B683A
:10C020005B891A463B69934206D9324B40F2DA32B9
:10C03000344932480AF07EFB3B685B891A463B690B
:10C04000934204D300233B613B681B683B607B68E1
:10C050005B891A467B69934214D100237B617B681C
:10C060001B687B607B68002B0CD13B68002B09D0E0
:10C07000204B4FF47972244920480AF05BFB6FF0A3
:10C080000F0332E03B68002B13D03B685A893B68B2
:10C090001B899A420DD13B681B68002B09D0154BB8
:10C0A00040F2E932194915480AF044FB6FF00503E4
:10C0B0001BE07B68002B13D07B685A897B681B8947
:10C0C0009A420DD17B681B68002B09D0094B40F2C6
:10C0D000EE320E4909480AF02DFB6FF0050304E02B
:10C0E0003B68002B7FF461AF002318461837BD462C
:10C0F00080BD00BFCC2B0308742E03082C2C030832
:10C10000A42E0308BC2E0308D82E0308E82E03082B
:10C1100080B588B000AFF860B96011461A460B468A
:10C12000FB801346BB8000237B830023FB82FB68DC
:10C13000002B08D12B4B40F20A422B492B480AF026
:10C14000F9FA00234AE0BB68002B08D1254B40F2E6
:10C150000B42274925480AF0EDFA00233EE0FB6830
:10C16000FB6134E0BB88002B0AD0FB695B89BA888D
:10C170009A4205D3FB695B89BA88D31ABB8023E056
:10C18000FB695A89BB88D31A3B833A8BFB889A4256
:10C1900001D9FB883B837B8BBA68D018FB695A684E
:10C1A000BB8813443A8B19460AF01DFDFA8A3B8B73
:10C1B0001344FB827A8B3B8B13447B83FA883B8B43
:10C1C000D31AFB800023BB80FB691B68FB61FB88E3
:10C1D000002B02D0FB69002BC4D1FB8A1846203704
:10C1E000BD4680BDCC2B0308142F03082C2C03085C
:10C1F000342F030880B584B000AF03463A60FB716A
:10C200000B46BB803B681989BA88FB791846FFF753
:10C2100063FAF860FB68002B01D1002311E0396854
:10C22000F868FFF7A3FE0346FB7297F90B30002B6B
:10C2300006D0064B40F22452054906480AF07AFA25
:10C24000FB6818461037BD4680BD00BFCC2B0308E5
:10C25000403003082C2C030880B400AF00BFBD465B
:10C260005DF8047B7047000080B500AF0AF0DCF891
:10C2700003469BB2C3F30D039BB2A3F580439AB26E
:10C28000014B1A8000BF80BD8801002080B582B0BC
:10C2900000AF78607B681B7D012B05D1064BD42253
:10C2A000064907480AF046FA79680120FEF71CFEA5
:10C2B00000BF0837BD4680BDCC300308FC30030802
:10C2C0001031030880B582B000AF78607B681B7DB9
:10C2D000012B05D1064BDF22064907480AF02AFA4E
:10C2E00079680220FEF700FE00BF0837BD4680BD1A
:10C2F000CC300308383103081031030880B500AF93
:10C3000001F07AF8074B1B780133DAB2054B1A704B
:10C31000044B1B7803F00103002B01D000F02AFD31
:10C3200000BF80BD413A022080B584B000AF786084
:10C3300039603B68002B05D10D4BFF220D490E489B
:10C340000AF0F8F97B68FB600AE0FB68DB6F3A688B
:10C350009A4202D1FB680022DA67FB68DB68FB6067
:10C36000FB68002BF1D100BF00BF1037BD4680BD78
:10C37000CC300308543103081031030880B584B071
:10C3800000AF78607B68002B06D1144B40F211128D
:10C39000134914480AF0CEF97B681B7D012B06D0A7
:10C3A0000E4B4FF4897210490E480AF0C3F901236D
:10C3B000FB600BE00D4AFB6852F823301B6879687C
:10C3C0001846FFF7B1FFFB680133FB60FB68032BE6
:10C3D000F0D900BF00BF1037BD4680BDCC30030888
:10C3E0007C3103081031030888310308E054030846
:10C3F000B0B588B004AF78600B46FB707B68002B4B
:10C4000006D1634B4FF4AF72624963480AF092F968
:10C41000FB78002B67D07B681B7D042B03D07B68E7
:10C420001B7D072B5FD17B689B6F002B05D17B6841
:10C430001B8D41F2D062934255D07B685B8B03F039
:10C440001003002B06D1524B4FF4B272534952489D
:10C450000AF070F97B68186D7B685C6A7D687B68A0
:10C4600004337A68D28A7968098B02910192009329
:10C470002B4622460146786805F06AFE786801F08E
:10C4800097FB474B1B687A689A4205D1444B1B685F
:10C49000DB68434A136013E0414B1B68FB600CE010
:10C4A000FB68DB687A689A4204D17B68DA68FB68CB
:10C4B000DA6005E0FB68DB68FB60FB68002BEFD10E
:10C4C0007B680022DA60374B01221A70364B1B68FA
:10C4D0007A689A4202D104F093F802E07868FFF794
:10C4E000D5FE002350E07B681B7D022B3BD0022B46
:10C4F00044DC002B02D0012B2AD03FE07B68DB8A92
:10C50000002B21D0294B1B687A689A4205D1274B12
:10C510001B68DB68254A136013E0244B1B68BB6073
:10C520000CE0BB68DB687A689A4204D17B68DA6801
:10C53000BB68DA6005E0BB68DB68BB60BB68002BEA
:10C54000EFD17B680022DA607868FFF79FFE1AE07F
:10C550007868FFF713FF7968154801F079FB786870
:10C56000FFF7B0FE0FE079680D4801F071FB0D4B4D
:10C5700001221A707868FFF789FE04E0786800F0FD
:10C5800019F8034600E0002318461037BD46B0BD39
:10C59000CC300308A031030810310308C031030870
:10C5A000383A0220403A0220783A0220303A0220FB
:10C5B000343A022080B584B000AF78607B68002BED
:10C5C00006D12E4B4FF4CE722D492E480AF0B2F808
:10C5D0007B681B7D072B20D0072B2BDC032B02D085
:10C5E000042B0DD026E0786804F09AFE0346FB7316
:10C5F00097F90F30002B1FD17B6805221A751BE0BD
:10C60000786804F08DFE0346FB7397F90F30002B1A
:10C6100014D17B6805221A7510E0786804F080FE5A
:10C620000346FB7397F90F30002B09D17B68092271
:10C630001A7505E000231CE000BF02E000BF00E027
:10C6400000BF97F90F30002B03D1786804F0B8FFD2
:10C650000DE097F90F30B3F1FF3F08D17B685B8B9A
:10C6600043F008039AB27B685A83002301E097F9EC
:10C670000F3018461037BD4680BD00BFCC300308D0
:10C680007C3103081031030880B582B000AF7860B8
:10C690007B68002B09D10F4B4FF4F4720E490F4801
:10C6A0000AF048F86FF00F030FE07B681B7D012B49
:10C6B00006D07B685B8B43F010039AB27B685A8389
:10C6C00001217868FFF794FE034618460837BD46F7
:10C6D00080BD00BFCC300308DC31030810310308F3
:10C6E00080B584B000AFF860B9607A60FB68002B59
:10C6F00009D1264B40F20722254926480AF01AF8AC
:10C700006FF00F033DE0FB681B7D012B02D16FF042
:10C710000A0336E0BB68002B1BD0FB685B8B43F041
:10C7200010039AB2FB685A837B68002B05D0012165
:10C73000F868FFF75DFE034623E0FB689B6F002B64
:10C7400007D0FB689B6F1846FFF7DCFAFB680022F6
:10C750009A677B68002B13D0FB681B7D042B02DCDF
:10C76000032B02DA09E0072B07D1BB68DBB21946BD
:10C77000F868FFF73DFE034603E06FF00A0300E0B0
:10C78000002318461037BD4680BD00BFCC300308DB
:10C79000F43103081031030880B58EB004AF78601F
:10C7A00039607B68002B07D1524B40F23D22524941
:10C7B000524809F0BFFF99E07B681B7D012B06D131
:10C7C0004C4B4FF410724E494C4809F0B3FF7B6854
:10C7D0001B7D0A2B07D179684A4801F039FA78683D
:10C7E000FFF754FD82E000237B6200237B847B689B
:10C7F0001B6DBB617B685B6A7B617B68D3F89030A3
:10C800003B617B681B69FB607B681B7D002B26D12D
:10C810007B68DB8A002B2ED03B4B1B687A689A42E0
:10C8200005D1394B1B68DB68374A136013E0364B80
:10C830001B68FB610CE0FB69DB687A689A4204D1F3
:10C840007B68DA68FB69DA6005E0FB69DB68FB613D
:10C85000FB69002BEFD17B680022DA600BE03B68BC
:10C860007B627B68DB8A7B847968284801F0F0F979
:10C87000274B01221A707B681B6F002B04D07B684A
:10C880001B6F184600F09AFE7B68DB6E002B04D00D
:10C890007B68DB6E184600F091FE7B685B6F002BB7
:10C8A00004D07B685B6F184600F088FE7B6A002B23
:10C8B0000ED079687B6804337A68128B02927A8C86
:10C8C000019200930B467A69B969786805F040FCDB
:10C8D0007B681B7DFB727868FFF7D8FC3B69002BF7
:10C8E00004D03B696FF00C01F86898472837BD46C3
:10C8F00080BD00BFCC30030810320308103103089C
:10C900002C3203083C3A0220303A0220383A022006
:10C91000403A022080B582B000AF7860012178688B
:10C92000FFF73AFF00BF0837BD4680BD80B483B033
:10C9300000AF786039603B68002B07D03B6893F804
:10C9400030300133DAB27B681A7202E07B68002271
:10C950001A7200BF0C37BD465DF8047B70470000BB
:10C9600080B584B000AF78607B68002B06D1254B82
:10C9700040F2A6322449254809F0DCFE7B685B6A58
:10C980007A68128D1344FB607B68DB6A7A68528E8A
:10C9900040F668318A4228BF0A4692B21344FA68C8
:10C9A000D31A002B08DB7B681A8D7B685A857B685D
:10C9B000DB6AFA68D31A20E07B685A6A7B68DB6A14
:10C9C000D31A002B03DD7B6800225A8514E07B68B4
:10C9D000DA6A7B685B6AD31ABB60BB68B3F5803FD9
:10C9E00006D3084B40F2B6320949084809F0A2FEC6
:10C9F000BB689AB27B685A85002318461037BD463B
:10CA000080BD00BFCC300308283303081031030871
:10CA10004C33030880B584B000AF78600B467B8050
:10CA20007B68002B07D1204B40F2CF321F492048B2
:10CA300009F080FE34E07B681B7D012B06D11A4B88
:10CA400040F2D2321B491A4809F074FE7B681A8DF5
:10CA50007B881344FB81FB8941F2D062934204D866
:10CA60007B681B8DFA899A4204D27B6841F2D062BE
:10CA70001A8502E07B68FA891A857868FFF770FFEB
:10CA8000B860BB6840F2B352934209D97B685B8BB4
:10CA900043F002039AB27B685A83786804F090FDF1
:10CAA0001037BD4680BD00BFCC3003086833030893
:10CAB000103103088033030880B483B000AF002333
:10CAC000BB801E4B1B8801339AB21C4B1A801B4B38
:10CAD0001B884FF6FF72934203D1184B4FF440422C
:10CAE0001A800023FB711EE0FB79154A52F82330AF
:10CAF0001B683B6011E03B68DA8A104B1B889A4246
:10CB000008D1BB880133BB80BB88B3F5804FD8D335
:10CB100000230DE03B68DB683B603B68002BEAD1FB
:10CB2000FB790133FB71FB79032BDDD9034B1B88A8
:10CB300018460C37BD465DF8047B7047880100201D
:10CB4000E054030880B58AB000AFF860B9603B607C
:10CB50001346FB8000237B62FB68002B09D17D4BD1
:10CB600040F235427C497D4809F0E4FD6FF00F0347
:10CB7000ECE0BB68002B09D1764B40F23642784995
:10CB8000764809F0D7FD6FF00F03DFE0FB681B7DEF
:10CB9000002B09D06F4B4FF4876272496F4809F040
:10CBA000C9FD6FF00903D1E0BB68002B02D0BB6860
:10CBB0001B6800E00023FA685360FB68FA881A8358
:10CBC000FB681B7A002B06D0FB681B7A1846FEF721
:10CBD000A1FC786205E0FB680433184607F034FDD9
:10CBE00078627B6A002B02D16FF00303AEE0FB6832
:10CBF000002B03D0FB681B68002B11D17B6A002B34
:10CC000002D07B6A043300E00023FB61FB69002B48
:10CC100002D16FF0030399E0FB691A68FB681A60A0
:10CC2000FB68DB8A7B83FB68DB8A002B0CD1FFF778
:10CC300043FF03461A46FB68DA82FB68DB8A002B57
:10CC400002D16FF0010381E0F86801F095F8786196
:10CC5000FB6800225A62FB687A691A657B695A1E72
:10CC6000FB685A647B695A1EFB689A657B695A1E89
:10CC7000FB68DA65FB6841F2D0625A85FB685A8D21
:10CC8000FB681A85FB685A6AFB68DA62FB6841F246
:10CC9000D062A3F86020FB684FF406725A86FB68E6
:10CCA000588EFB6804331A46796A01F08BF8034604
:10CCB0001A46FB685A86FB680122A3F84820FB68E5
:10CCC0003A68C3F888200221F86804F079FB03462B
:10CCD000FB7497F91330002B36D1FB6802221A75CA
:10CCE0007B8B002B21D0204B1B68FA689A4205D120
:10CCF0001D4B1B68DB681C4A136013E01A4B1B6852
:10CD00003B620CE03B6ADB68FA689A4204D1FB683C
:10CD1000DA683B6ADA6005E03B6ADB683B623B6AE3
:10CD2000002BEFD1FB680022DA60104B1A68FB6819
:10CD3000DA600E4AFB68136005F0CCFB0C4B012255
:10CD40001A70F86804F03CFC97F91330184628373D
:10CD5000BD4680BDCC300308A8330308103103085A
:10CD6000C4330308E0330308303A0220383A022083
:10CD7000403A0220B0B590B004AF002387F82530C8
:10CD8000954B1B680133944A1360944B1B78013315
:10CD9000DAB2924B1A7000E000BF0023BB62904BE6
:10CDA0001B68FB629DE2FB6A1B7D002B06D18D4B4D
:10CDB00040F2BE428C498D4809F0BCFCFB6A1B7DE9
:10CDC000012B06D1874B40F2BF428949874809F0C1
:10CDD000B1FCFB6A1B7D0A2B06D1824B4FF4986293
:10CDE0008449824809F0A6FCFB6A9A7F7B4B1B783A
:10CDF0009A4205D1FB6ABB62FB6ADB68FB6270E2A8
:10CE0000764B1A78FB6A9A77002387F8273000233D
:10CE100087F82630FB6A1B7D022B0AD1FB6A93F848
:10CE20004230052B05D997F82730013387F8273092
:10CE30001EE1FB6A93F842300B2B05D997F8273097
:10CE4000013387F8273013E1FB6A93F89930002B00
:10CE500075D0FB6A1B6F002B06D0624B40F2D442A8
:10CE60006549624809F066FCFB6ADB6E002B06D15F
:10CE70005C4B40F2D54261495C4809F05BFCFB6ABF
:10CE800093F89A300B2B05D997F82730013387F8A0
:10CE90002730EDE0FB6A93F89930013B584AD35CA8
:10CEA0007B74FB6A93F898307A7C9A4207D9FB6AC4
:10CEB00093F898300133DAB2FB6A83F89820FB6A62
:10CEC00093F898307A7C9A4200F2D28001233B6238
:10CED000FB6AB3F86030002B08D1F86A05F02CFA31
:10CEE0000346002B14D000233B6211E0FB6AB3F829
:10CEF00060301946F86A04F0C1F80346002B07D1E8
:10CF0000F86A04F05DFB0346002B01D100233B626D
:10CF10003B6A002B00F0AC80FB6A002283F898206B
:10CF2000FB6A93F89930062B00F2A280FB6A93F813
:10CF300099300133DAB2FB6A83F8992098E0FB6AF2
:10CF4000B3F93030002B0FDBFB6AB3F9303047F612
:10CF5000FF72934208D0FB6AB3F930309BB20133C1
:10CF60009BB21AB2FB6A1A86FB6AB3F93020FB6ADD
:10CF7000B3F940309A427BDBF86A04F01FFE0346A7
:10CF8000002B07D0FB6A1B6F002B71D1FB6ADB6E95
:10CF9000002B6DD0FB6A1B7D022B3AD0FB6A93F805
:10CFA00042300C2B28BF0C23FB76FB6AB3F93C30D4
:10CFB000DB101BB21A46FB6AB3F93E301344FA7E0B
:10CFC00010498A5C93407B617B6947F6FE7293420D
:10CFD0001ADC7B691AB219E02C3A0220423A02208C
:10CFE000383A0220CC30030810340308103103080B
:10CFF0003C3403086834030898340308CC3403082D
:10D00000D8540308C854030847F6FF72FB6AA3F814
:10D010004020FB6A00221A86FB6AB3F86020FB6A94
:10D02000B3F84830934228BF13467B827B8A5B0863
:10D030009AB2FB6AA3F84A20FB6AB3F84A20FB6A5B
:10D040005B8E5B009BB29A4206D2FB6A5B8E5B00F2
:10D050009AB2FB6AA3F84A20FB6A5A8EFB6AA3F8CD
:10D060004820FB6A0022A3F86A20F86A04F016FE42
:10D07000FB6A1B7D062B11D1FB6A5B8B03F010034F
:10D08000002B0BD09C4B1A68FB6A1B6AD31A282B07
:10D0900004D997F82730013387F82730FB6A5B7A89
:10D0A00003F00803002B4AD0FB6A1B7D042B03D03E
:10D0B000FB6A1B7D072B42D18F4B1A68FB6A1B6AE8
:10D0C000D21AFB6AD3F894108C4B0B448C49A1FB09
:10D0D00003135B099A420AD997F82730013387F87E
:10D0E000273097F82630013387F8263027E0824B27
:10D0F0001A68FB6A1B6AD21AFB6AD3F89410FB6A9F
:10D1000093F89B3018467F4B00FB03F30B447C499C
:10D11000A1FB03135B099A4211D9F86A05F0CCF818
:10D12000034687F8253097F92530002B07D1FB6A95
:10D1300093F89B300133DAB2FB6A83F89B20FB6AD9
:10D140005B6F002B11D06C4B1A68FB6A1B6AD21AFA
:10D15000FB6AB3F9403019460B465B000B445B0099
:10D160009A4202D3F86A00F0D7FEFB6A1B7D032BBC
:10D170000BD1614B1A68FB6A1B6AD31A282B04D99E
:10D1800097F82730013387F82730FB6A1B7D092B7E
:10D190000BD1594B1A68FB6A1B6AD31AF02B04D9BE
:10D1A00097F82730013387F8273097F82730002B7E
:10D1B00060D0FB6AD3F89030FB60F86A00F0F8FCAE
:10D1C000BB6A002B10D0504B1B68FA6A9A4206D1FA
:10D1D0004E4B40F26D524E494E4809F0ABFAFB6A95
:10D1E000DA68BB6ADA600FE0474B1B68FA6A9A425A
:10D1F00006D0464B40F271524749464809F09AFA28
:10D20000FB6ADB68404A136097F82630002B13D086
:10D21000FB6A186DFB6A5C6AFD6AFB6A0433FA6A92
:10D22000D28AF96A098B0291019200932B46224619
:10D230000146F86A04F08CFFFB6A1B69BB60FB6A5D
:10D240001B7DFB71FB6A3B60FB6ADB68FB62386835
:10D25000FFF71CF8314B00221A70FB68002B04D03A
:10D26000FB686FF00C01B86898472C4B1B78002BBB
:10D2700037D092E5FB6ABB62FB6ADB68FB62BB6A84
:10D280001B7F0133DAB2BB6A1A77BB6A1A7FBB6AAB
:10D290005B7F9A4225D3BB6A00221A771F4B00227C
:10D2A0001A70BB6AD3F88C30002B0BD0BB6AD3F852
:10D2B0008C30BA6A1269B96A10469847034687F8F3
:10D2C000253002E0002387F82530144B1B78002B13
:10D2D0007FF462AD97F92530002B02D1B86A04F0D3
:10D2E0006FF9FB6A002B7FF45EAD0023BB620C4B31
:10D2F0001B68FB6269E000BF2C3A0220B84C0A00B0
:10D30000D34D6210F8240100383A0220CC300308D3
:10D31000043503081031030830350308403A022071
:10D320003C3A0220FB6A1B7D0A2B06D02B4B40F2B5
:10D33000A1522B492B4809F0FDF9002387F827302B
:10D34000294B1A68FB6A1B6AD31AF02B04D997F889
:10D350002730013387F8273097F82730002B2FD05C
:10D36000F86A00F025FCBB6A002B10D01F4B1B682D
:10D37000FA6A9A4206D1194B40F2AF521C49194839
:10D3800009F0D8F9FB6ADA68BB6ADA600FE0174B7C
:10D390001B68FA6A9A4206D0104B40F2B352154904
:10D3A000104809F0C7F9FB6ADB68104A1360FB6A92
:10D3B000FB61FB6ADB68FB62F869FEF767FF04E06C
:10D3C000FB6ABB62FB6ADB68FB62FB6A002BA9D1CC
:10D3D00000BF00BF3037BD46B0BD00BFCC30030832
:10D3E0005C350308103103082C3A02203C3A022035
:10D3F0008C350308B435030880B582B000AF2D4BDF
:10D400001B780133DAB22B4B1A702B4B1B687B60F5
:10D4100048E07B689A7F274B1B789A423FD0254B88
:10D420001A787B689A777B685B8B03F00103002B8B
:10D4300010D07B685B8B43F002039AB27B685A83FF
:10D44000786804F0BDF87B685B8B23F003039AB225
:10D450007B685A837B685B8B03F00803002B09D041
:10D460007B685B8B23F008039AB27B685A837868E9
:10D47000FFF7A0F87B68DB683B607B689B6F002B45
:10D480000AD00E4B00221A70786800F019F80B4B86
:10D490001B78002B00D0B8E73B687B6002E07B681C
:10D4A000DB687B607B68002BB3D100BF00BF08370F
:10D4B000BD4680BD423A0220383A0220403A02205E
:10D4C00090B585B000AF78607B68002B09D1384BF0
:10D4D00040F209623749384809F02CF96FF00F0320
:10D4E00061E07B689B6F5B7BBB737B689B6FBB6002
:10D4F0007B6800229A677B68D3F88430002B0BD0BE
:10D500007B68D3F884407B6818690023BA6879681F
:10D51000A0470346FB7307E00023BA687968002040
:10D5200000F0A6F80346FB7397F90F30002B2BD1C0
:10D53000BB7B03F02003002B34D07B681B8D41F2B2
:10D54000D062934205D07B681B8D01339AB27B6811
:10D550001A857B68D3F88430002B0BD07B68D3F816
:10D5600084407B681869002300227968A04703463D
:10D57000FB7301E00023FB7397F90F3013F10D0FDC
:10D5800010D16FF00C030EE097F90F3013F10D0F6F
:10D5900002D16FF00C0306E07B68BA689A676FF0FF
:10D5A000040300E0002318461437BD4690BD00BFB9
:10D5B000CC300308DC3503081031030880B584B093
:10D5C00000AF786007E07B681B68FB60786800F05C
:10D5D0000AF8FB687B607B68002BF4D100BF00BFBA
:10D5E0001037BD4680BD80B582B000AF78607B68E3
:10D5F000002B0CD07B685B68002B04D07B685B68D9
:10D600001846FEF77FFB79680320FDF76DFC00BF2D
:10D610000837BD4680BD000080B584B000AF78609B
:10D620007B68002B06D10F4B40F282620E490F48F7
:10D6300009F080F80320FDF7DBFBF860FB68002BA6
:10D6400001D100230AE010227968F86809F0CBFACA
:10D65000FB685B681846FEF7FBFBFB681846103753
:10D66000BD4680BDCC3003082036030810310308C6
:10D6700080B584B000AFF860B9607A60FB70BB68B9
:10D68000002B09D1124B4FF4D3621249124809F012
:10D6900051F86FF00F0316E07B68002B09D07B6810
:10D6A0001B891946B868FFF7B5F97868FEF72AFBB9
:10D6B00008E097F90330002B04D1B868FEF7E4FFC7
:10D6C000034600E0002318461037BD4680BD00BF6A
:10D6D000CC3003083C3603081031030880B586B00F
:10D6E00000AF0346FB7197F90730002B01DBFB7994
:10D6F00000E07F23FB72FB7A002B34D0FB7A013BE6
:10D70000FB720023FB6000233B61194B1B687B61AC
:10D710001FE07B695B7DFA7A9A420CD87B695B7D5E
:10D72000FA7A9A4212D1134B1A687B691B6AD31A90
:10D73000FA689A420AD80F4B1A687B691B6AD31A97
:10D74000FB607B693B617B695B7DFB727B69DB68AE
:10D750007B617B69002BDCD13B69002B04D03869ED
:10D76000FFF7D8F800E000BF1837BD4680BD00BF06
:10D77000383A02202C3A022080B586B000AF03462A
:10D78000FB71FB79082B09D0FB79092B06D01A4BCA
:10D7900040F2DD6219491A4808F0CCFF0023FB6013
:10D7A00000233B61174B1B687B6117E07B691B7D86
:10D7B000FA799A420FD1144B1A687B691B6AD31A03
:10D7C000FA689A4207D8104B1A687B691B6AD31A09
:10D7D000FB607B693B617B69DB687B617B69002B5C
:10D7E000E4D13B69002B03D000213869FEF7D4FF58
:10D7F00000BF1837BD4680BDCC300308583603083B
:10D8000010310308383A02202C3A022080B584B047
:10D8100000AF00237B600023BB60124B1B68FB60E2
:10D8200012E0114B1A68FB681B6AD31A7A689A4295
:10D8300007D80D4B1A68FB681B6AD31A7B60FB681C
:10D84000BB60FB68DB68FB60FB68002BE9D1BB6851
:10D85000002B02D0B868FFF75DF800BF1037BD4657
:10D8600080BD00BF3C3A02202C3A022080B582B035
:10D8700000AF104B1B687B6014E07B68DB683B608B
:10D880007B685B8B03F00803002B09D07B685B8B04
:10D8900023F008039AB27B685A837868FEF78AFE01
:10D8A0003B687B607B68002BE7D100BF00BF083777
:10D8B000BD4680BD383A022080B584B000AF034633
:10D8C000FB710120FDF794FAF860FB68002B4ED144
:10D8D000FFF7CCFFFFF79AFF0120FDF789FAF86008
:10D8E000FB68002B39D10920FFF746FF0120FDF727
:10D8F0007FFAF860FB68002B25D10820FFF73CFF7A
:10D900000120FDF775FAF860FB68002B11D1FB7957
:10D910001846FFF7E3FE0120FDF76AFAF860FB689E
:10D92000002B06D0364BD3F8B8301A88013A92B2A1
:10D930001A80FB68002B06D0314BD3F8B8301A8818
:10D94000013A92B21A80FB68002B06D02C4BD3F818
:10D95000B8301A88013A92B21A80FB68002B06D0C0
:10D96000274BD3F8B8301A88013A92B21A80FB6874
:10D97000002B3FD09C220021F86808F0CCFFFB6808
:10D98000FA795A75FB6841F2D062A3F86420FB680B
:10D9900041F2D0625A85FB685A8DFB681A85FB6894
:10D9A000FF22DA72FB684FF406725A86FB68062281
:10D9B000A3F84020FB680622DA87FB684FF6FF7267
:10D9C0001A86FB680122A3F848200E4B1A68FB68F0
:10D9D0001A620D4B1A78FB689A77FB6841F2D062A5
:10D9E000A3F84A20FB68094AC3F88420FB68084A68
:10D9F000C3F89420FB6818461037BD4680BD00BFB1
:10DA0000303902202C3A0220423A022071D6010815
:10DA100000DD6D0080B584B000AF0346FB7140208F
:10DA2000FFF74AFFF860FB6818461037BD4680BD17
:10DA300080B483B000AF786039607B68002B02D07F
:10DA40007B683A681A6100BF0C37BD465DF8047BFD
:10DA50007047000080B582B000AF786039607B68A5
:10DA6000002B0ED07B681B7D012B06D1074B40F2AB
:10DA7000DF720749074808F05DFE7B683A68C3F823
:10DA8000842000BF0837BD4680BD00BFCC300308EE
:10DA9000683603081031030880B582B000AF7860A3
:10DAA00039607B68002B0ED07B681B7D012B06D173
:10DAB000074B40F2F3720749074808F03BFE7B68CA
:10DAC0003A68C3F8802000BF0837BD4680BD00BF5C
:10DAD000CC300308903603081031030880B582B0BB
:10DAE00000AF786039607B68002B0ED07B681B7DAF
:10DAF000012B06D1074B40F60D020749074808F0F5
:10DB000019FE7B683A68C3F8902000BF0837BD460D
:10DB100080BD00BFCC300308B836030810310308BD
:10DB200080B485B000AF786039607B68002B08D086
:10DB30007B681B7D012B04D17B68FB60FB683A6826
:10DB40009A6100BF1437BD465DF8047B7047000042
:10DB500080B584B000AFF860B9601346FB71FB6814
:10DB6000002B07D10E4B40F63D020E490E4808F03F
:10DB7000E1FD11E0FB681B7D012B06D1084B40F64F
:10DB80003E020A49084808F0D5FDFB68BA68C3F8A8
:10DB90008C20FB68FA795A771037BD4680BD00BFEC
:10DBA000CC300308E036030810310308F8360308C8
:10DBB00080B582B000AF78607B68002B07D1214B25
:10DBC00040F651022049214808F0B4FD37E07B6857
:10DBD0001B7D002B33D07B681B7D0A2B2FD07B68ED
:10DBE0001B7D012B2BD07B689B6F002B07D07B68A4
:10DBF0009B6F1846FEF786F87B6800229A677B6861
:10DC00005B6F002B02D0786800F086F97B684FF6D6
:10DC1000FF721A867B68DB6E1846FFF7CFFC7B68C5
:10DC20001B6F1846FFF7CAFC7B680022DA667B6828
:10DC3000DA6E7B681A677B680022A3F868200837D1
:10DC4000BD4680BDCC3003081837030810310308E7
:10DC500080B584B000AF786039603B68002B06D196
:10DC60003E4B40F683023E493E4808F063FD7B6828
:10DC7000002B06D1394B40F684023B49394808F065
:10DC800059FD7B681B683A689A4205D17B681B681E
:10DC9000DA687B681A6013E07B681B68FB600CE045
:10DCA000FB68DB683A689A4204D13B68DA68FB6833
:10DCB000DA6005E0FB68DB68FB60FB68002BEFD1F6
:10DCC0003B680022DA603868FFF772FF3B681B7D13
:10DCD0000A2B13D03B681B7D012B0FD03B685B8B5D
:10DCE00003F00103002B09D03B685B8B43F0020378
:10DCF0009AB23B685A83386803F062FC3B681B7D2C
:10DD0000012B20D03B68DB6E002B06D0134B40F676
:10DD100093021649134808F00DFD3B681B6F002B5A
:10DD200006D00E4B40F6940211490E4808F002FD51
:10DD30003B685B6F002B06D0084B40F696020D49FE
:10DD4000084808F0F7FC3B6800221A753B6800227F
:10DD5000DA8200BF1037BD4680BD00BFCC3003085B
:10DD600034370308103103085037030870370308AD
:10DD700088370308A437030880B582B000AF786005
:10DD80007B68002B06D10A4B40F6AF0209490A48CE
:10DD900008F0D0FC094B1A68094B1B681344074A6A
:10DDA0001360064B1B6818460837BD4680BD00BF90
:10DDB000CC300308BC370308103103088C01002065
:10DDC0002C3A022080B586B000AF0346B9607A6075
:10DDD000FB817B68002B06D1144B40F6C502144929
:10DDE000144808F0A7FCBB68002B01D1FB8919E09F
:10DDF000BB689B8CFB82FB8A002B12D02823BB8242
:10DE0000FA8ABB8A9A4204D9FA8ABB8AD31A9BB28D
:10DE100000E000237B827A8AFB89934228BF134665
:10DE2000FB81FB8918461837BD4680BDCC300308FE
:10DE3000D83703081031030880B584B000AF78608C
:10DE400039603B68FB607B68002B19D1104B4FF4A5
:10DE500010621049104808F06DFC11E0FB681A6868
:10DE60007B681B689A4208D1FB68DB68BB60F86876
:10DE7000FEF750FDBB68FB6002E0FB68DB68FB60FF
:10DE8000FB68002BEAD100BF00BF1037BD4680BD44
:10DE9000CC300308003803081031030880B584B083
:10DEA00000AF786039607B68002B2AD07B681B68E4
:10DEB000002B26D0154B1B6819467868FFF7BCFF6E
:10DEC000134B1B6819467868FFF7B6FF3B68002BB9
:10DED00017D03B681B68002B13D00E4B1B68FB60F0
:10DEE0000CE0FB681A687B681B689A4203D13B68A8
:10DEF0001A68FB681A60FB68DB68FB60FB68002B34
:10DF0000EFD100BF1037BD4680BD00BF383A0220B8
:10DF1000303A0220343A022080B582B000AF7860F7
:10DF20007B685B6F002B07D07B685B6F1846FFF741
:10DF300045FB7B6800225A6700BF0837BD4680BD9D
:10DF400090B58DB004AF786039607B68002B05D147
:10DF50009B4B83229B499C4808F0ECFB9B4BB3F8FE
:10DF6000923001339AB2994BA3F892207B685B6898
:10DF7000974A13607B685B89132B09D8934BB3F8DE
:10DF80009A3001339AB2914BA3F89A2000F01CBC4E
:10DF9000904B5B698F4A12681146184606F05CFE8A
:10DFA0000346002B05D18B4B5B6903F0F003E02B9C
:10DFB00009D1864BB3F8A03001339AB2834BA3F852
:10DFC000A02000F001BC824B1B689B899BB21846C5
:10DFD000FCF770F903461B0B9BB2DBB29B00BB74D2
:10DFE000BB7C132B05D9BB7C9AB27B681B899A42F8
:10DFF00008D9764BB3F89A3001339AB2734BA3F831
:10E000009A20E1E3BB7C9BB2143B9AB2724B1A801C
:10E01000724B00221A607B685A89BB7C9BB29A4281
:10E0200009D36D4B1A886E4B1A80BB7C19467868F1
:10E03000FDF7B0FD56E07B681B68002B05D1604BF7
:10E04000C2226849604808F075FB14217868FDF722
:10E05000A1FD7B685A89624B1A805F4B1A88604B1E
:10E060001B88D31A3B825E4B1B8819467868FDF7E4
:10E0700091FD7B681B685B893A8A9A4208D9534BA9
:10E08000B3F89A3001339AB2504BA3F89A209BE32D
:10E090007B681B685B68514A13607B681B683A8A1F
:10E0A00011461846FDF776FD7B681A893B8AD31A1C
:10E0B0009AB27B681A817B685B89002B05D0404B44
:10E0C000DF224949404808F035FB7B681A897B68A4
:10E0D0001B681B899A4205D0394BE02243493A48D4
:10E0E00008F028FB3A4B1B681B889BB2384A14681F
:10E0F0001846FCF7DFF803462380354B1B685B8826
:10E100009BB2334A14681846FCF7D4F80346638080
:10E110002F4B1B685B682E4A14681846FCF7E0F822
:10E12000034663606368324A1360294B1B689B682F
:10E13000274A14681846FCF7D3F80346A360A3687F
:10E140002C4A1360224B1B68DB899BB2204A14685F
:10E150001846FCF7AFF80346E3811D4B1B689B890B
:10E160009BB21846FCF7A6F80346DBB203F03F0368
:10E17000DAB2214B1A707B681A89204B1A801E4B29
:10E180001B7803F00303002B14D01C4B1B880133B6
:10E190009AB21A4B1A807B681A89184B1B889A42CC
:10E1A00008D90A4BB3F89A3001339AB2074BA3F857
:10E1B0009A2009E30023BB61114B1B68FB61A1E0BE
:10E1C00034380308683803088038030830390220DF
:10E1D000543A0220949C0120583A02205C3A0220D2
:10E1E0005A3A0220A8380308B8380308C43803088C
:10E1F000643A0220683A0220703A02206E3A022005
:10E20000383A0220FB691B7D002B05D18A4BFB228B
:10E210008A498B4808F08EFAFB691B7D0A2B05D1D1
:10E22000854BFC228749864808F084FAFB691B7DF0
:10E23000012B05D1804BFD228349814808F07AFAF1
:10E24000FB691B7A002B0CD0FB691A7A7F4B5B6849
:10E2500093F830300133DBB29A4202D0FB69BB61E4
:10E260004DE0FB691A8B7A4B1B681B889BB29A4264
:10E2700043D1FB69DA8A764B1B685B889BB29A4272
:10E280003BD1FB695A68714B1B699A4235D1FB69D6
:10E290001A686E4B5B699A422FD1FB69DB68FA6999
:10E2A0009A4206D1644B40F20D126A49644808F064
:10E2B00041FABB69002B0BD0FB69DA68BB69DA60F5
:10E2C000654B1A68FB69DA60634AFB69136007E013
:10E2D000624BB3F8A63001339AB2604BA3F8A62084
:10E2E000FB69DB68FA699A4211D1534B40F215126F
:10E2F0005B49534808F01EFA09E0FB69BB61FB6902
:10E30000DB68FB61FB69002B7FF47CAF00E000BFA2
:10E31000FB69002B40F0BB80524B1B68FB613FE068
:10E32000FB691B7D0A2B06D0434B40F21F124E495E
:10E33000434808F0FFF9FB691B7A002B09D0FB6901
:10E340001A7A424B5B6893F830300133DBB29A4261
:10E3500022D1FB691A8B3E4B1B681B889BB29A42E9
:10E360001BD1FB69DA8A3A4B1B685B889BB29A42E5
:10E3700013D1FB695A68354B1B699A420DD1FB6971
:10E380001A68324B5B699A4207D1F86900F088FB42
:10E390007868FDF7B7FC24E200BFFB69DB68FB612E
:10E3A000FB69002BBCD10023BB61304B1B687B6138
:10E3B0002AE07B691B7A002B0CD07B691A7A234BED
:10E3C0005B6893F830300133DBB29A4202D07B694C
:10E3D000BB6116E07B69DA8A1D4B1B685B889BB2C8
:10E3E0009A420CD17B691A68184B5B699A420FD02C
:10E3F0007B69002B0DD07B691B68002B09D07B69E2
:10E40000BB617B69DB687B617B69002BD1D100E05C
:10E4100000BF7B69002B3AD0BB69002B28D07B69F9
:10E42000DA68BB69DA60114B1A687B69DA600F4AF7
:10E430007B69136024E000BF34380308E438030824
:10E44000803803080C39030838390308949C0120EC
:10E45000543A022060390308383A02203039022049
:10E460008C3903083C3A0220B8390308343A0220B8
:10E470009F4BB3F8A63001339AB29D4BA3F8A62068
:10E48000786900F005FA7868FDF73CFCA9E1FB69C2
:10E49000002B00F05F81974B00221A607B681A897D
:10E4A000944B1A81934A7B685360934B1B68914A43
:10E4B000D360924B00221A60914B00221A70914B4C
:10E4C00000221A80904B1B7803F00803002B06D023
:10E4D0007B685B7B43F00103DAB27B685A73FB69AC
:10E4E0009B6F002B1ED0F869FEF7EAFF034613F17D
:10E4F0000D0F07D0FB699B6F002B13D0834B1B883C
:10E50000002B0FD0FB695B8D002B02D1F86903F063
:10E5100071FE774BB3F8963001339AB2744BA3F87F
:10E52000962004E17A4AFB691360F86900F032FB37
:10E530000346FB7497F9133013F10D0F00F0D280EE
:10E540006F4B1B7803F00803002B15D0FB69D3F841
:10E550009030002B08D0FB69D3F89030FA6912692B
:10E560006FF00D0110469847F9696A48FFF770FB94
:10E57000F869FDF78BFEDAE00023FB74614B1B8822
:10E58000002B1DD05F4B1B88FB81FB69D3F88030CB
:10E59000002B0AD0FB69D3F88030FA691069FA8938
:10E5A000F96998470346FB7401E00023FB7497F96F
:10E5B000133013F10D0F00F09780524B00221A8098
:10E5C000F86900F025F90346002B40F08F804B4B93
:10E5D0001B68002B41D0FB699B6F002B06D04E4B74
:10E5E0004FF4F3724D494E4808F0A4F8FB695B8B79
:10E5F00003F01003002B08D0404B1B681846FDF7B2
:10E6000081FBF869FEF786F991E0FB69D3F8843065
:10E61000002B0CD0FB69D3F88440FB691869374B99
:10E620001A680023F969A0470346FB7408E0334BDE
:10E630001A680023F9690020FFF71AF80346FB74F3
:10E6400097F9133013F10D0F6CD097F91330002B9D
:10E6500003D02A4B1A68FB699A67294B1B7803F091
:10E660002003002B31D0FB699B6F002B09D0FB6985
:10E670009B6F5A7BFB699B6F42F02002D2B25A73A8
:10E6800023E0FB691B8D41F2D062934205D0FB6908
:10E690001B8D01339AB2FB691A85FB69D3F884306C
:10E6A000002B0BD0FB69D3F88440FB691869002369
:10E6B0000022F969A0470346FB7401E00023FB74C4
:10E6C00097F9133013F10D0F2ED0114B00221A6061
:10E6D000F86900F09DF80346002B27D1F86902F095
:10E6E0006FFF24E000BF22E000BF20E000BF1EE07B
:10E6F00030390220443A0220543A0220743A02206F
:10E70000713A02206C3A0220703A02206E3A0220DE
:10E71000783A0220383A022034380308E8390308EE
:10E720008038030800BF02E000BF00E000BF2E4BAE
:10E7300000221A602D4B00221A602D4B5B68002BC3
:10E740004ED02B4B5B681846FDF7DCFA284B0022B5
:10E750005A6045E0274B1B689B899BB21846FBF724
:10E76000A9FD0346DBB203F00403002B28D1224BA2
:10E77000B3F8A03001339AB21F4BA3F8A0201E4B70
:10E78000B3F8963001339AB21B4BA3F896201B4B7B
:10E7900019681B4B1B881A461A4B1B68D018154B5F
:10E7A0001B685B889BB2134A1268128892B202926D
:10E7B0000193154B0093154B0246002003F0C8FC53
:10E7C0007868FDF79FFA0BE00B4BB3F896300133F6
:10E7D0009AB2094BA3F896207868FDF793FA00E007
:10E7E00000BF2437BD4690BD783A0220743A02201B
:10E7F000443A0220543A022030390220683A02207A
:10E800006E3A0220643A0220A49C0120A89C0120B8
:10E8100080B582B000AF78607B68002B06D1174BC3
:10E8200040F25A221649174807F084FF164B1B780E
:10E8300003F01003002B1CD07B685B8B03F01003EC
:10E84000002B0DD17B68D3F89030002B08D07B686B
:10E85000D3F890307A6812696FF00E01104698472D
:10E8600079680A48FFF7F4F97868FDF70FFD01238E
:10E8700000E0002318460837BD4680BD3438030841
:10E88000043A030880380308713A0220383A02201B
:10E8900090B58BB004AF7860734B1B7803F0040322
:10E8A000002B40F0DA807B68002B06D16F4B40F2E2
:10E8B00081226F496F4807F03DFF6B4B1B7803F0D7
:10E8C0001003002B19D06C4B19686C4B1B881A462F
:10E8D0006B4B1B68D0186B4B1B685B889BB2694AFB
:10E8E0001268128892B202920193674B0093674BB1
:10E8F0000246786803F02CFCB1E05B4B1B7803F018
:10E900000203002B00F0AB807B685B7D1846FEF7AE
:10E91000D3FF78617B69002B19D15D4BB3F89C3034
:10E9200001339AB25A4BA3F89C207B689B69002B59
:10E930000AD07B689B697A6810694FF0FF3200212A
:10E9400098470346BB738BE0F023BB7388E0514BC1
:10E950005A697B691A604F4B1A697B695A607B68F8
:10E96000DA8A7B69DA82474B1B681B889AB27B691B
:10E970001A837B6903221A75414B1B685A1C7B69F9
:10E980005A627B695A6A7B69DA627869FFF7F4F93F
:10E9900038617B693A699A657B693A691A657B696E
:10E9A0003A695A647B693A69DA65354B1B685A1EC5
:10E9B0007B695A657B681A697B691A617B697A6829
:10E9C000DA677B685B7A03F00C03DAB27B695A7210
:10E9D0007B681A7A7B691A722F4B1A687B69DA6036
:10E9E0002D4A7B69136003F075FD2C4B01221A70D0
:10E9F000786901F08DFD234B1B68DB899AB27B6936
:10EA0000A3F860207B69B3F860207B69A3F86220DB
:10EA10007B695C8E7B690433184605F015FE014660
:10EA20007B6904331A462046FFF7CCF903461A46A1
:10EA30007B695A861221786902F0C2FC0346FB7397
:10EA400097F90F30002B04D000217869FDF7A4FE60
:10EA500006E0786902F0B4FD01E000BF00E000BF0D
:10EA60001C37BD4690BD00BF703A02203438030801
:10EA70002C3A030880380308683A02206E3A0220D4
:10EA8000643A0220543A0220A49C0120A89C012050
:10EA900030390220949C0120383A0220403A02206A
:10EAA00080B586B004AF78602F4B1B7803F0040369
:10EAB000002B53D17B68002B06D12C4B40F2EE2269
:10EAC0002B492C4807F036FE274B1B7803F0020336
:10EAD000002B2AD0284B1A687B685B6AD31A002B5C
:10EAE0002DDB254B1A687B685B6A7968098D0B44BE
:10EAF000D31A002B23DC214B1968214B1B881A46A3
:10EB00001D4B1B68D0181F4B1B685B889BB21D4AAE
:10EB10001268128892B2029201931B4B00931B4B16
:10EB20000246786803F014FB1BE00F4B1B7803F0E0
:10EB30000103002B03D0164B1A687B681A62104B36
:10EB40001B88002B0CD07B685B8B43F002039AB2CE
:10EB50007B685A83786802F033FD01E000BF00E073
:10EB600000BF0837BD4680BD703A02203438030824
:10EB70004C3A030880380308643A0220683A0220BD
:10EB80006E3A0220543A0220A49C0120A89C012045
:10EB90002C3A022090B58DB004AF78600023FB764C
:10EBA0000023BB767B68002B06D19D4B4FF4477248
:10EBB0009C499D4807F0BEFD9C4B1B7803F0040365
:10EBC000002B4ED07B681B7D022B08D17B681A6D11
:10EBD000974B1B689A4223D10123FB7620E07B6888
:10EBE0005A6A944B1B689A4202D10123FB7617E0C4
:10EBF000904B1A687B685B6AD31A002B10DB8D4B35
:10EC00001A687B685B6A7968098D0B44D31A002BFC
:10EC100006DC7B685B8B43F002039AB27B685A8305
:10EC2000FB7E002B1BD07B681B7D002B06D17C4B11
:10EC30004FF44E7280497C4807F07CFD7F4B1B7877
:10EC400043F00803DAB27D4B1A707B685B8B23F0CC
:10EC500001039AB27B685A836FF00D037AE30023B5
:10EC600078E3724B1B7803F00203002B10D07B6813
:10EC70001B7D022B0CD07B681B7D032B08D07B688F
:10EC80005B8B43F002039AB27B685A83002361E3F3
:10EC90007B685B8B03F01003002B03D1684B1A6871
:10ECA0007B681A627B68002283F89B207B680022C5
:10ECB00083F89A20786801F02BFC7B681B7D023B6F
:10ECC000072B00F2378301A252F823F0EDEC010884
:10ECD0001DEF010895F00108BFF00108E3F10108FC
:10ECE00095F001086FF20108FFF201084F4B1B7805
:10ECF00003F01003002B00F0E4804C4B1B7803F072
:10ED00000203002B00F0DD807B685B6C5A1C484BD3
:10ED10001B689A4240F0D580464B1B685A1C7B68A2
:10ED20005A627B685A6A7B68DA62414B1A687B6870
:10ED30005A64444B1B68DB899AB27B68A3F8602055
:10ED40007B68B3F860207B68A3F86220394B1B68AE
:10ED50005A1E7B685A657B6804221A757B685C8E34
:10ED60007B680433184605F06FFC01467B6804336A
:10ED70001A462046FFF726F803461A467B685A864D
:10ED80007B685B8E9A007B685B8E5B0041F21C1196
:10ED90008B4238BF0B469A4204D27B685B8E9B0045
:10EDA0009BB20DE07B685B8E5B0041F21C129342CC
:10EDB00004D97B685B8E5B009BB201E041F21C13BF
:10EDC0007A68A2F848307B68B3F86630002B06D129
:10EDD000134B4FF45B721C49134807F0ABFC7B6884
:10EDE000B3F86630013B9AB27B68A3F866207B6873
:10EDF0001B6FFB61FB69002B2AD17B68DB6EFB611B
:10EE0000FB69002B06D1064B4FF45D720F49064893
:10EE100007F090FCFB691A687B68DA661CE000BFAB
:10EE2000343803086C3A030880380308703A02202B
:10EE3000683A0220643A0220883A0308713A0220B4
:10EE40002C3A0220543A0220A83A0308C03A030898
:10EE5000FB691A687B681A67F869FEF7C4FB7B6870
:10EE60001B6F002B04D17B684FF6FF721A8606E0F9
:10EE70007B6800221A867B68002283F842207B6828
:10EE8000D3F88830002B0AD07B68D3F888307A68B2
:10EE900010690022796898470346BB7601E0002399
:10EEA000BB7697F91A3013F10D0F02D16FF00C03F6
:10EEB00050E27B685B8B43F002039AB27B685A8313
:10EEC0003AE2984B1B7803F01003002B00F03482D9
:10EED000954B1968954B1B881A46954B1B68D018A3
:10EEE000944B1B685B889BB2924A1268128892B25C
:10EEF00002920193904B0093904B0246786803F086
:10EF000027F97B6893F84230052B00F215827B6865
:10EF100000221A86786802F0E9FE0DE2814B1B7828
:10EF200003F01003002B00F0A1807F4B1A687B6870
:10EF30005B6CD31A013B002B7EDB7B4B1A687B6832
:10EF40001B6DD31A002B77DC7B6804221A757B6853
:10EF5000DB6F002B02D1FA23BB761DE07B68DB6FF1
:10EF60009B69002B06D1764B4FF46A72754976483F
:10EF700007F0E0FB7B68DB6F9B69002B0AD07B68A6
:10EF8000DB6F9B697A6810690022796898470346AD
:10EF9000BB7601E0F023BB7697F91A30002B0AD03C
:10EFA00097F91A3013F10D0F02D07868FDF7B2FC13
:10EFB0006FF00C03CEE1786800F0E0FA634B1B8839
:10EFC000002B05D0614B1B88013B9AB25F4B1A8026
:10EFD0007B685B8E9A007B685B8E5B0041F21C1144
:10EFE0008B4238BF0B469A4204D27B685B8E9B00F3
:10EFF0009BB20DE07B685B8E5B0041F21C1293427A
:10F0000004D97B685B8E5B009BB201E041F21C136C
:10F010007A68A2F848304E4B1B7803F02003002B8F
:10F0200037D07B685B8B43F002039AB27B685A83CC
:10F030007B6807221A752CE03B4B19683B4B1B88F9
:10F040001A463B4B1B68D0183A4B1B685B889BB237
:10F05000384A1268128892B202920193364B00939A
:10F06000364B0246786803F073F867E12D4B1B7846
:10F0700003F00203002B00F061817B685B6A5A1E7B
:10F080002B4B1B689A4240F05981786802F050FE81
:10F0900054E153E1786800F071FA2D4B1B7803F0CE
:10F0A0002003002B00F04C817B685B8B43F0020354
:10F0B0009AB27B685A837B6807221A7540E17868A8
:10F0C00000F05CFA224B1B7803F02003002B71D078
:10F0D000144B1B7803F01003002B60D07B681A6D73
:10F0E000114B1B689A425AD17B68DB6E002B56D1BC
:10F0F0007B685B8B43F002039AB27B685A83786823
:10F10000FEF756FD134B1B687A689A4205D1114BE6
:10F110001B68DB680F4A13602EE00E4B1B687B6197
:10F1200027E000BF703A0220683A02206E3A0220BF
:10F13000643A0220543A0220A49C0120A89C012099
:10F1400034380308D43A0308803803086C3A0220A4
:10F15000713A0220383A02207B69DB687A689A4269
:10F1600004D17B68DA687B69DA6005E07B69DB687B
:10F170007B617B69002BEFD17B680022DA60774BE3
:10F1800001221A707B680A221A75754B1A687B680F
:10F19000DA60734A7B68136003F09CF9D2E07B6805
:10F1A0005B8B43F002039AB27B685A837B68082228
:10F1B0001A75C7E06B4B1B7803F01003002B00F0AF
:10F1C000C1807B681A6D684B1B689A4240F0BA8018
:10F1D0007B68DB6E002B40F0B5807B6806221A75D9
:10F1E000B0E0786800F0CAF9604B1B7803F02003A8
:10F1F000002B00F0A9807B685B8B43F002039AB27E
:10F200007B685A837868FEF7D3FC594B1B687A6891
:10F210009A4205D1564B1B68DB68554A136013E0D0
:10F22000534B1B683B610CE03B69DB687A689A4290
:10F2300004D17B68DA683B69DA6005E03B69DB682A
:10F240003B613B69002BEFD17B680022DA60434BC6
:10F2500001221A707B680A221A75414B1A687B6872
:10F26000DA603F4A7B68136003F034F96CE0786839
:10F2700000F084F93B4B1B7803F01003002B65D0A2
:10F280007B681A6D384B1B689A425FD17B68DB6ED6
:10F29000002B5BD17868FEF78BFC354B1B687A68D6
:10F2A0009A4205D1324B1B68DB68314A136013E088
:10F2B0002F4B1B68FB600CE0FB68DB687A689A42A6
:10F2C00004D17B68DA68FB68DA6005E0FB68DB681C
:10F2D000FB60FB68002BEFD17B680022DA601F4BDC
:10F2E00001221A707B680A221A751D4B1A687B6806
:10F2F000DA601B4A7B68136003F0ECF826E078685C
:10F3000000F03CF9174B1B7803F01003002B1FD0C3
:10F310007B681A6D144B1B689A4219D17B68DB6EAF
:10F32000002B15D1114B1B7843F01003DAB20F4BB1
:10F330001A700DE000BF0CE000BF0AE000BF08E05B
:10F3400000BF06E000BF04E000BF02E000BF00E035
:10F3500000BF002318462437BD4690BD403A022026
:10F360003C3A0220703A0220683A0220713A0220A8
:10F37000383A022090B585B000AF786039607B687C
:10F38000002B06D13B4B40F21F423B493B4807F064
:10F39000D1F97B68DB689B899BB21846FAF78AFF34
:10F3A0000346DBB203F00103002B28D03868FEF7D8
:10F3B00005F900233B6056E03B68DB689B899BB204
:10F3C0001846FAF777FF0346DBB203F00103002B80
:10F3D0000DD07B68DB689B899CB20120FAF76AFF3D
:10F3E00003461A467B68DB68224392B29A813B68E7
:10F3F000FB603B681B683B60F868FEF7F4F83B680D
:10F40000002B0ED07B681B891A461D4B1B681A44C3
:10F410003B68DB685B68396809890B44D31A002BA9
:10F42000CADA3B68002B1ED07B681B891A46144B36
:10F430001B681A443B68DB685B68D31A002B12DD3B
:10F440003B68DB685B689AB20D4B1B689BB2D31AB2
:10F450009AB27B681A817B685A687B681B89194657
:10F460001046FCF797FA7B683A681A6000BF1437B9
:10F47000BD4690BD34380308F43A030880380308C9
:10F48000643A0220B0B586B000AFF860B9607A6027
:10F490003B603EE0BB687B61BB681B68BB607B690F
:10F4A0005B681846FCF7BCFC03467B82FB68B3F83C
:10F4B00066307A8A9A4206D92A4B40F257422A4944
:10F4C0002A4807F037F9FB68B3F866207B8AD31A1D
:10F4D0009AB2FB68A3F866207B691A89244B1B88C3
:10F4E00013449AB2224B1A807869FEF77CF8FB68C5
:10F4F000B3F86630002B0CD0BB68002B09D13B68F9
:10F50000002B06D1174B40F261421A49174807F009
:10F5100011F9BB68002B20D0BB68DB685B6818461C
:10F52000FAF7DEFE0446BB681B891D46BB68DB6834
:10F530009B899BB21846FAF7BDFE0346DBB203F087
:10F540000303002B01D0012300E000232B44E21829
:10F55000094B1B68D31A002B9CDDBB681846183773
:10F56000BD46B0BD343803081C3B0308803803088F
:10F570006C3A0220443B0308683A0220B0B594B0CC
:10F5800000AF78600023BB647B68002B06D1914BF1
:10F5900040F27B429049914807F0CCF87B681B7D94
:10F5A000032B06D88B4B40F27C428D498B4807F0E9
:10F5B000C1F88C4B1B7803F01003002B00F0648221
:10F5C0007B68B3F860301A467B689B6D13443B63DD
:10F5D0007B685A6D844B1B68D31A002B1BDB7B683E
:10F5E0005A6D814B1B689A4206D17B689A6D7F4B9E
:10F5F0001B68D31A002B0EDB7B689A6D7B4B1B6854
:10F600009A4225D17A4B1B68DB899AB27B68B3F8A2
:10F6100060309A421CD9764B1B68DB899AB27B68B2
:10F62000A3F860207B68B3F862207B68B3F8603091
:10F630009A4205D27B68B3F860207B68A3F8622009
:10F64000694B1A687B685A65684B1A687B689A65CB
:10F65000664B1A687B685B6CD31A002B58DC654BD1
:10F660001B88002B4BD17B689B6D7A68B2F86020B9
:10F6700013443A6B9A4242D17B68B3F93030002B85
:10F680003DDB7B685A6C594B1B689A4237D101238A
:10F69000BB647B6893F84330FF2B07D07B6893F8FB
:10F6A00043300133DAB27B6883F843207B6893F8F8
:10F6B0004330032B1BD97B68B3F848207B685B8EF3
:10F6C00013449AB27B68B3F848309A420AD37B68F5
:10F6D000B3F848207B685B8E13449AB27B68A3F82A
:10F6E000482004E07B684FF6FF72A3F848207B684F
:10F6F00093F84330022B02D9786802F085FBBB6C8B
:10F70000002B40F061817B68002283F843205BE19D
:10F71000364B1A687B685B6CD31A013B002BC0F236
:10F720004E81324B1A687B681B6DD31A002B00F395
:10F7300046817B685B8B03F00403002B10D07B6851
:10F740005B8B23F004039AB27B685A837B68B3F81F
:10F750004A207B68A3F848207B680022A3F86A202F
:10F760007B68002283F842207B68B3F93C30DB10D1
:10F770001BB29AB27B68B3F93E309BB213449BB282
:10F780001AB27B68A3F84020184B1B689AB27B68BA
:10F790005B6C9BB2D31AFB857B68002283F8432005
:10F7A000124B1A687B685A647B681B7D032B40F2FE
:10F7B00097807B68B3F848207B68B3F84A309A4258
:10F7C00045D27B685B8B03F40063002B14D00123CC
:10F7D00013E000BF34380308643B03088038030893
:10F7E000803B0308703A0220643A0220683A022003
:10F7F000543A02206E3A0220022387F82D3097F8FF
:10F800002D309AB27B685B8E12FB03F39BB2FA8DAC
:10F81000934228BF13467B857B68B3F848207B8DD5
:10F8200013449AB27B68B3F848309A4209D37B6894
:10F83000B3F848207B8D13449AB27B68A3F8482024
:10F840004EE07B684FF6FF72A3F8482048E07B68E3
:10F85000B3F86A20FB8D13449AB27B68B3F86A3020
:10F860009A4209D37B68B3F86A20FB8D13449AB29D
:10F870007B68A3F86A2004E07B684FF6FF72A3F868
:10F880006A207B68B3F86A207B68B3F848309A42F4
:10F8900026D37B68B3F86A207B68B3F84830D31A64
:10F8A0009AB27B68A3F86A207B68B3F848207B682B
:10F8B0005B8E13449AB27B68B3F848309A420AD3FD
:10F8C0007B68B3F848207B685B8E13449AB27B68F0
:10F8D000A3F8482004E07B684FF6FF72A3F84820A5
:10F8E0007B68196F7B68DB6E984A7868FFF7CAFD02
:10F8F00002467B681A677B68D96E7B681B6F944AE7
:10F900007868FFF7BFFD02467B68DA667B681B6F8D
:10F91000002B04D17B684FF6FF721A8602E07B68E9
:10F9200000221A867B6800221A777B68DB6E002B28
:10F9300003D17B680022A3F868207B68B3F86420B9
:10F94000844B1B8813449AB27B68A3F864207B68BD
:10F950005B8B03F40063002B35D07B681B6F002B9F
:10F9600018D17B68DB6E002B0CD07B68DC6C7B686D
:10F97000DB6EDB685B681846FAF7B2FC0346E31AF5
:10F98000002B20DC7B685B8B23F400639AB27B68DE
:10F990005A8318E07B68DC6C7B681B6FDB685B68F4
:10F9A0001846FAF79DFC0346E31A002B0BDC7B6834
:10F9B0005B8B23F400639AB27B685A8303E0786818
:10F9C00002F018FC00E000BF7B685B6B002B5BD093
:10F9D0007B689A6B604B1B68D31A002B54DA5F4B21
:10F9E0001B689AB27B685B6B9BB2D31A9BB2A7F879
:10F9F0004E30B7F84E207B68B3F93C30DB101BB2B9
:10FA00009BB2D31A9BB2A7F84E307B68B3F93C3057
:10FA10009AB2B7F84E3013449BB21AB27B689A87F9
:10FA2000B7F94E30002B05DAB7F84E305B429BB287
:10FA3000A7F84E30B7F84E207B68B3F93E309B10E4
:10FA40001BB29BB2D31A9BB2A7F84E307B68B3F9B6
:10FA50003E309AB2B7F84E3013449BB21AB27B686C
:10FA6000DA877B68B3F93C30DB101BB29AB27B6853
:10FA7000B3F93E309BB213449BB21AB27B68A3F831
:10FA800040207B6800225A63354B1B88002B00F016
:10FA9000DF847B681B7D062B00F2DA847B685A6A60
:10FAA000304B1B68D31A013B002BC0F28F807B6860
:10FAB0005A6A2B4B1B8819462A4B1B680B44D31AD6
:10FAC0000133002B00F38280274B5B687B647B68EB
:10FAD0005A6A244B1B68D31A7B62234B5B68002B4A
:10FAE00006D1224B40F294522149224806F022FED0
:10FAF0007B6A4FF6FE72934206D91C4B40F2955238
:10FB00001D491C4806F016FE7B6AA7F84230164BCA
:10FB10005B681B89B7F842209A4206D9134B40F222
:10FB200097521649134806F005FE0F4B1A89B7F88D
:10FB30004230D31A9AB20C4B1A810B4B5B681A896C
:10FB4000B7F84230D31A7B842AE000BF9C3B0308FD
:10FB5000A43B03086C3A0220683A02202C3A0220A7
:10FB60006E3A0220643A0220443A022034380308F4
:10FB7000AC3B030880380308BC3B0308CC3B0308BC
:10FB80007B6C5B89B7F84220D31AA7F842307B6CB4
:10FB90007A8C1A817B6C00225A817B6C1B687B6497
:10FBA0007B6C5B89B7F842209A42E9D8B7F84230BB
:10FBB0001946786CFBF7EEFF7B685B6A904A13602E
:10FBC000904BDB688E4A12685A600DE08C4B1A68C5
:10FBD0007B685B6AD31A002B06DA7B685B8B43F089
:10FBE00002039AB27B685A83854B1A687B685B6A0A
:10FBF000D31A002BC0F22784814B1A687B685B6A9A
:10FC00007968098D0B44D31A0133002B00F31B8450
:10FC10007B685A6A7A4B1B689A4240F09882794B0B
:10FC20001C89784BDB689B899BB21846FAF742FB2C
:10FC30000346DBB203F00303002B01D0012300E0F5
:10FC4000002323449AB2704B1A807B681A8D6E4B46
:10FC50001B889A4274D26B4BDB689B899BB2184617
:10FC6000FAF728FB0346DBB203F00103002B1ED09A
:10FC7000644BDB689B899BB21BB223F47C531CB2A0
:10FC8000604BDB689B899BB21846FAF713FB03466F
:10FC9000DBB203F03E039BB21846FAF70BFB0346B8
:10FCA0001BB223431AB2574BDB6892B29A817B682E
:10FCB0001A8D544B1A81534BDB689B899BB21846B3
:10FCC000FAF7F8FA0346DBB203F00203002B05D083
:10FCD0004C4B1B89013B9AB24A4B1A81494B5B68DA
:10FCE000484A128911461846FBF754FE454B1C89B9
:10FCF000444BDB689B899BB21846FAF7DBFA034654
:10FD0000DBB203F00303002B01D0012300E000234A
:10FD100023449AB23C4B1A803B4B1B881A46384B03
:10FD20001B681A447B685B6A7968098D0B449A42A8
:10FD300006D0364B40F2CB523549364806F0FAFC35
:10FD40007B685B6F002B00F0E6802E4BDB689B89A5
:10FD50009BB21846FAF7AEFA0346DBB203F0010392
:10FD6000002B10D00AE07B685B6FFB607B685B6FE9
:10FD70001A687B685A67F868FDF735FC7B685B6F2B
:10FD8000002BF0D1C7E07B685B6FFB6351E0FB6B3E
:10FD9000DB689B899BB21846FAF78CFA0346DBB204
:10FDA00003F00103002B3CD0164BDB689B899BB210
:10FDB0001846FAF77FFA0346DBB203F00203002B82
:10FDC0002FD1104BDB689B899CB20120FAF772FAA5
:10FDD00003461A460B4BDB68224392B29A81094BC9
:10FDE0001C89084BDB689B899BB21846FAF762FABC
:10FDF0000346DBB203F00303002B0DD001230CE01C
:10FE0000643A0220443A02206E3A02203438030851
:10FE1000DC3B030880380308002323449AB2984B44
:10FE20001A80FB6B3B61FB6B1B68FB633869FDF75A
:10FE3000DAFBFB6B002B0ED0914B1B881A46914BC3
:10FE40001B681A44FB6BDB685B68F96B09890B4420
:10FE5000D31A002B9BDAFB6B002B59D0884B1B88E5
:10FE60001A46884B1B681A44FB6BDB685B68D31A25
:10FE7000002B4DDDFB6BDB685B689AB2814B1B6826
:10FE80009BB2D31A9AB2804B1A817F4BDB689B8955
:10FE90009BB21846FAF70EFA0346DBB203F00203F0
:10FEA000002B05D0784B1B89013B9AB2764B1A8107
:10FEB000754B5B68744A128911461846FBF76AFD58
:10FEC000714B1C89704BDB689B899BB21846FAF713
:10FED000F1F90346DBB203F00303002B01D0012349
:10FEE00000E0002323449AB2654B1A80644B1B88C0
:10FEF0001A46644B1B681A44FB6BDB685B689A42CA
:10FF000006D0624B40F2FC526149624806F012FC96
:10FF10007B68FA6B5A675A4B1B881A46594B1B6809
:10FF20001A447B685A627B681A8D554B1B889A422B
:10FF300006D2564B40F207625749564806F0FAFB84
:10FF40007B681A8D4E4B1B88D31A9AB27B681A8530
:10FF50007868FCF705FD4C4B5B681B89002B06D0CD
:10FF6000494B5B684D4A1360474B00225A60464B31
:10FF7000DB689B899BB21846FAF79CF90346DBB213
:10FF800003F00103002B00F0B880454B1B7843F0D1
:10FF90002003DAB2424B1A70AFE07B685B6FBB6044
:10FFA0007B685B6FDB685B68364A1360BB681B89E4
:10FFB0001C46BB68DB689B899BB21846FAF77AF946
:10FFC0000346DBB203F00303002B01D0012300E062
:10FFD00000231A197B685B6A1A447B685A627B6843
:10FFE0001B8D1C46BB681B891D46BB68DB689B8953
:10FFF0009BB21846FAF75EF90346DBB203F003033F
:020000040802F0
:10000000002B01D0012300E000232B449C4206D2A8
:100010001E4B40F22B6223491E4806F08BFBBB6847
:100020001B891C46BB68DB689B899BB21846FAF7A4
:1000300041F90346DBB203F00303002B01D0012397
:1000400000E0002319197B681A8D8BB2D31A9AB27B
:100050007B681A857868FCF783FCBB685B681B8942
:10006000002B28D00D4B1B68002B1DD00B4B1A68A2
:10007000BB685B6819461046FBF712FF18E000BF2B
:100080006E3A0220643A0220443A022034380308CF
:10009000143C030880380308503C0308743A0220DB
:1000A000713A0220703C0308BB685B68704A1360B9
:1000B000BB6800225A60BB68DB689B899BB218460C
:1000C000FAF7F8F80346DBB203F00103002B0DD07A
:1000D000684B1B7843F02003DAB2664B1A707B68DA
:1000E0001B7D042B02D17B6807221A75BB681A6836
:1000F0007B685A67B868FDF776FA7B685B6F002B00
:1001000008D07B685B6FDB685A687B685B6A9A42E1
:100110003FF443AF7B685B8B03F00103002B0ED0F1
:100120007B685B8B23F001039AB27B685A837B6800
:100130005B8B43F002039AB27B685A8387E17B684A
:100140005B8B43F001039AB27B685A837FE17B6843
:100150005B6F002B06D14848FDF75EFA02467B68CC
:100160005A676CE100237B637B685B6FBB6356E17E
:10017000BB6BDB685A68414B1B689A421DD13E4BF2
:100180001A89BB6B1B899A4240F24E813A48FDF7AF
:1001900043FA78617B69002B00F048817B6B002B70
:1001A00003D07B6B7A691A6002E07B687A695A67D0
:1001B000B96B7869FFF7DEF838E17B6B002B17D15C
:1001C0002E4B1A68BB6BDB685B68D31A002B57DABF
:1001D0002948FDF721FAB861BB69002B00F028819E
:1001E0007B68BA695A67B96BB869FFF7C3F81FE152
:1001F000224B1A687B6BDB685B68D31A013B002BD0
:100200003EDB1E4B1A68BB6BDB685B68D31A01339D
:10021000002B35DC1848FDF7FFF9F861FB69002B6E
:1002200000F008817B6BDB685B687A6B12891A448B
:10023000124B1B68D31A002B12DD104B1B689AB2AD
:100240007B6BDB685B689BB2D31A9AB27B6B1A81BB
:100250007B6B5A687B6B1B8919461046FBF79AFB30
:100260007B6BFA691A60B96BF869FFF783F8E1E014
:10027000743A0220713A0220443A0220643A022081
:10028000BB6B7B63BB6B1B68002B40F0C5807F4B57
:100290001A68BB6BDB685B68D31A002B40F3BC8029
:1002A000BB6BDB689B899BB21846FAF703F80346E1
:1002B000DBB203F00103002B40F0BE807448FDF771
:1002C000ABF90246BB6B1A60BB6B1B68002B00F0DE
:1002D000B580BB6BDB685B68BA6B12891A446B4BE9
:1002E0001B68D31A002B12DD684B1B689AB2BB6BDC
:1002F000DB685B689BB2D31A9AB2BB6B1A81BB6B8B
:100300005A68BB6B1B8919461046FBF743FB614BD0
:100310001B881A465D4B1B681A447B685B6A7968C8
:10032000098D0B44D31A002B40F38880BB6B1B68EC
:10033000DB689B899BB21846F9F7BCFF0346DBB22A
:1003400003F00103002B21D0BB6B1B68DB689B898A
:100350009BB21BB223F47C531CB2BB6B1B68DB68E3
:100360009B899BB21846F9F7A5FF0346DBB203F061
:100370003E039BB21846F9F79DFF03461BB2234389
:100380001AB2BB6B1B68DB6892B29A817B685B6AAE
:100390009AB27B681B8D134499B23C4B1B689AB28E
:1003A000BB6B1B688A1A92B21A81BB6B1B685A68B6
:1003B000BB6B1B681B8919461046FBF7EBFABB6B3E
:1003C0001B681C89BB6B1B68DB689B899BB218464A
:1003D000F9F770FF0346DBB203F00303002B01D0F3
:1003E000012300E0002323449AB22A4B1A80294BB0
:1003F0001B881A46254B1B681A447B685B6A796820
:10040000098D0B449A4219D0234B4FF4DF622349E4
:10041000234806F08FF911E0BB6B1B68BB63BB6B15
:10042000002B7FF4A5AE0AE000BF08E000BF06E0A5
:1004300000BF04E000BF02E000BF00E000BF78683A
:1004400001F0D8FE03E0786801F0D4FE1AE019E06C
:100450000E4B1A687B685B6AD31A002B0ADB0B4BC6
:100460001A687B685B6A7968098D0B44D31A01337B
:10047000002B07DD7B685B8B43F002039AB27B683D
:100480005A83FFE700BF5037BD46B0BD643A022033
:10049000443A02206E3A022034380308DC3B030859
:1004A0008038030880B483B000AF154B1B885A1CFA
:1004B00091B2134A1180FB80124B1B68002B04D0B1
:1004C000114B1B88FA889A4208D2104B1B681433D0
:1004D0003B60FB883A6813441B780BE0FB88DAB278
:1004E000094B1B88DBB2D31A7B71064B1A687B79E8
:1004F00013441B7818460C37BD465DF8047B7047E3
:10050000603A02205C3A02205A3A0220543A022011
:1005100080B584B000AF78607B68002B06D1334B88
:1005200040F27D723249334806F004F9324B1B88A1
:10053000002B57D0314B00221A8047E0FFF7B2FF63
:100540000346FB73FB7B022B06D0022B2BDC002B1C
:1005500043D0012B39D026E0FFF7A4FF0346042B3C
:100560003DD1264B1B880133234A1288934236DA49
:10057000FFF798FF03461B02BB81FFF793FF03467B
:100580001A46BB891343BB81BB8940F2B4529342E4
:1005900004D8BB89002B01D0BA8901E040F2B452E3
:1005A0007B685A8612E0FFF77DFF0346FB72FB7AF9
:1005B000012B16D9FB7A9AB2104B1B8813449BB2BD
:1005C000023B9AB20D4B1A8000E000BF0B4B1A8819
:1005D000094B1B889A42B1D304E000BF02E000BF80
:1005E00000E000BF1037BD4680BD00BF34380308AF
:1005F000983C030880380308583A0220603A0220E9
:1006000080B400AF054B1B7843F01003DAB2034B04
:100610001A7000BFBD465DF8047B7047713A022036
:1006200080B584B000AFF860B9607A60FB68002BD9
:100630000AD0FB681B7A002B06D0FB681B7A184691
:10064000FAF768FF034603E0786803F0FDFF03460E
:1006500018461037BD4680BD90B587B000AFF86032
:10066000B9603B601346FB71FB68002B05D1474B1B
:10067000A3224749474806F05DF8BB68002B05D127
:10068000424BA4224449434806F054F897F82830D6
:100690009B00DBB203F00403FB750320FAF7A8FB11
:1006A00038613B69002B04D1B868FBF72BFB0023B2
:1006B00068E03B6997F828209A723B6900221A602B
:1006C0003B69BA685A60BB681A89FB7D9BB29A4243
:1006D00005D22E4BB02231492E4806F02BF8BB68CC
:1006E0001A89FB7D9BB2D31A9AB23B691A811421F5
:1006F000B868FBF73FFA0346002B0CD0284BB3F841
:10070000A43001339AB2264BA3F8A4203869FCF731
:100710006AFF002336E03B695B685A683B69DA6030
:10072000FB68DA8A3B69DC681046F9F7C3FD0346CB
:100730002380FB681A8B3B69DC681046F9F7BAFD29
:10074000034663803B69DC683868F9F7C9FD0346F6
:100750006360FB7D9B08DBB205339BB21B039AB23F
:10076000FB799BB213439AB23B69DC681046F9F7F8
:10077000A1FD0346A3813B69DB6800229A74002235
:10078000DA743B6918461C37BD4690BDB43C03087B
:10079000E83C0308083D0308303D0308543D0308C6
:1007A0003039022080B586B000AF7B600346FB7312
:1007B0000B46BB8113467B81BB89FB827B68002B88
:1007C00005D1304BE8223049304805F0B3FF3B6A91
:1007D000002B05D12B4BE9222D492C4805F0AAFF0F
:1007E000BA897B899A4221D297F8243003F0020318
:1007F000002B11D13B6A5B8B03F04003002B15D11A
:1008000097F82830002B07D03B6ADB6E002B03D112
:100810003B6A1B6F002B09D0BB8903F2B75323F04F
:1008200003027B89934228BF1346FB82F98AFB7B34
:100830004FF420721846FAF74FFF38613B69002BDE
:1008400001D1002319E03B691B68002B06D00D4B3A
:1008500040F20B120F490D4805F06CFF3B695A89B5
:10086000BB89D31A9AB27B681A803B69BA891A810C
:100870003B691A893B695A813B6918461837BD465E
:1008800080BD00BFB43C03086C3D0308083D03086D
:10089000903D0308B03D030880B582B000AF78609A
:1008A0000B467B807B68002B06D1374B40F233121E
:1008B0003649374805F03EFF7B681B7D042B0ED080
:1008C0007B681B7D072B0AD07B681B7D022B06D023
:1008D0007B681B7D032B02D06FF00A0350E07B88FE
:1008E000002B01D100234BE07B68B3F864307A8899
:1008F0009A4209D97B685B8B43F080039AB27B688C
:100900005A834FF0FF333BE07B68B3F866300F2B20
:1009100011D9204BB3F89C3001339AB21D4BA3F888
:100920009C207B685B8B43F080039AB27B685A8380
:100930004FF0FF3324E07B68B3F86630002B0FD014
:100940007B681B6F002B1AD17B68DB6E002B16D1E6
:100950000D4B40F2551210490D4805F0EBFE0EE02C
:100960007B681B6F002B03D17B68DB6E002B06D0EE
:10097000054B4FF4AC720949054805F0DBFE002336
:1009800018460837BD4680BDB43C0308C43D030883
:10099000083D030830390220E43D0308203E0308E7
:1009A00090B59BB004AFF860B96011461A460B468B
:1009B000FB8013467B7100237B6500233B6500238E
:1009C000FB640023BB6400237B640023A7F8423050
:1009D000002387F8273000237B820023FB87002336
:1009E000BB87FB68002B09D1A44B4FF4CF72A449FD
:1009F000A44805F09FFE6FF00F0332E3FB68B3F8E5
:100A000062305B089AB2FB685B8E934228BF134644
:100A1000BB84BB8C002B02D1FB685B8E00E0BB8CDF
:100A2000BB84BB68002B09D1944B40F2AD129649B0
:100A3000944805F07FFE6FF00F0312E3FB88194620
:100A4000F868FFF729FF034687F8233097F923302A
:100A5000002B02D097F9233003E3FB68B3F866302C
:100A6000A7F84030002387F82230FB68DB6E002BAC
:100A700000F0F680FB68DB6E3B6502E03B6D1B68B7
:100A80003B653B6D1B68002BF8D13B6D9B7A9B004F
:100A90009BB203F004033B84BA8C3B6D1B8919465F
:100AA0003B8C0B449A4206DA744B4FF4F37277494D
:100AB000744805F03FFE3B6D1A893B8C13449BB292
:100AC000BA8CD31A7B87FB68B3F868307B827B8A49
:100AD000002B26D07B8A7A8F9A4206D2674B4FF43E
:100AE000FC726B49674805F025FE3B6DFB647B8A11
:100AF000FA88934228BF13469BB27A8F934228BF4D
:100B00001346FB87B7F84220FB8F1344A7F8423007
:100B10007A8AFB8FD31A9BB27B827A8FFB8FD31A90
:100B20007B877B8A002B0BD0B7F84220FB889A4248
:100B300006D0524B4FF400725649524805F0FAFD68
:100B4000B7F84220FB889A4280F067817B8F002BA8
:100B500000F063813B6D1B89002B00F05E81FA88F9
:100B6000B7F84230D21A7B8F9342A8BF1346FB835B
:100B70003B6DFB647B7903F00103002B27D007F169
:100B800012007A8FF98B012302937B790193FB6822
:100B9000009303460020FFF705FE78657B6D002B70
:100BA00000F025827B6D5868B7F84230BA6813446C
:100BB000FA8B194606F017F8786DFBF731F9034602
:100BC0001A46B7F840301344A7F8403041E03B6D77
:100BD0005B687B6302E07B6B1B687B637B6B1B68E2
:100BE000002BF8D17B6B1B7B03F0C003002B15D1CE
:100BF0007B6B5B687A6B52891344BA689A420DD159
:100C0000B7F84230002B06D01C4B40F2312222496B
:100C10001C4805F08FFDFB8BBB871AE0FB8B012284
:100C200019460020FAF758FD78657B6D002B00F01F
:100C3000E081B7F84230BA681A447B6D5A60786D2B
:100C4000FBF7EEF803461A46B7F840301344A7F80E
:100C50004030B7F84220FB8B1344A7F84230DCE069
:100C6000FB68B3F86830002B00F0D780034B40F2EC
:100C70004A220A49034805F05DFDCEE0B43C030872
:100C8000543E0308083D03086C3E0308A03E0308D9
:100C9000B83E0308D83E0308F83E0308243F030883
:100CA000FA88B7F84230D31ABB8397F822309BB248
:100CB000BA8CD31A7B837A8BBB8B934228BF1346A3
:100CC0003B837B7903F00103002B36D097F8223069
:100CD0009AB23B8B134499B27B6C002B0CBF01235F
:100CE0000023DBB207F11200BA8C02937B790193E7
:100CF000FB68009303463620FFF754FD38633B6BD7
:100D0000002B00F078813B6B5B893A8B9A4206D9C5
:100D10008C4B40F266228C498C4805F00BFD3B6BF6
:100D20005A6897F82230D018B7F84230BA6813449E
:100D30003A8B194605F057FF2FE07B8A002B06D02F
:100D4000804B40F271228249804805F0F3FC3B8BD6
:100D5000012219463620FAF7BFFC78617B69002B27
:100D600000F04B81B7F84230BA681A447B695A6088
:100D700097F822309BB24FF4207219463620FAF7CA
:100D8000ABFC38633B6B002B03D17869FAF7BAFFF1
:100D900036E17969386BFBF783F8386BFBF740F87D
:100DA00003461A46B7F840301344A7F84030B7F866
:100DB0004030102B03D9386BFAF7A4FF20E1FB6811
:100DC000DA6DB7F842301A4497F82730009313468B
:100DD0000022396BF868FFF73FFCF864FB6C002BCE
:100DE00000F00D817B6C002B02D1FB6C7B640CE06E
:100DF000BB6C002B06D1534B40F2AB2255495348F4
:100E000005F098FCBB6CFA6C1A60FB6CBB64B7F81D
:100E100042203B8B1344A7F84230B7F84220FB88AE
:100E20009A42FFF43DAFFB8F002B2CD03B6D5B68EB
:100E3000FB621EE0FB6A1A89FB8F13449AB2FB6ABD
:100E40001A81FB6A1B68002B10D1FB6A5B68FA6A87
:100E500052891344FA8FB968184605F0C4FEFB6A3C
:100E60005A89FB8F13449AB2FB6A5A81FB6A1B684A
:100E7000FB62FB6A002BDDD13B6D1A89FB8F1344AB
:100E80009AB23B6D1A817A8AFB68A3F868207B6D61
:100E9000002B18D03B6D002B06D12A4B4FF4387233
:100EA0002D492A4805F046FC3B6D5B68796D184674
:100EB000FAF7F6FF3B6D1A897B6D1B8913449AB2D2
:100EC0003B6D1A8137E0BB8F002B34D03B6D002B7C
:100ED00003D03B6D5B68002B06D11A4B40F2E62233
:100EE0001E491A4805F026FC3B6D5B68BB6209E0B1
:100EF000BB6A1A89BB8F13449AB2BB6A1A81BB6A58
:100F00001B68BB62BB6A1B68002BF1D1BB6A1A89E4
:100F1000BB8F13449AB2BB6A1A81BB6A5A89BB8FD2
:100F200013449AB2BB6A5A813B6D1A89BB8F134432
:100F30009AB23B6D1A813B6D002B11D1FB687A6C24
:100F4000DA6610E0B43C0308543F0308083D030888
:100F5000943F0308A43F0308B83F0308F03F030889
:100F60003B6D7A6C1A60FB68DA6DFB881A44FB688B
:100F7000DA65FB68B3F86420FB88D31A9AB2FB6881
:100F8000A3F86420FB68B7F84020A3F86620FB684C
:100F9000B3F86630002B0ED0FB681B6F002B0AD114
:100FA000FB68DB6E002B06D1304B40F21232304929
:100FB000304805F0BFFBFB6C002B16D0FB6CDB68E8
:100FC000002B12D07B7903F00203002B0DD1FB6CB8
:100FD000DB689B899CB20820F9F76CF903461A4636
:100FE000FB6CDB68224392B29A81002339E000BF98
:100FF00006E000BF04E000BF02E000BF00E000BF69
:10100000FB685B8B43F080039AB2FB685A831A4BF0
:10101000B3F89C3001339AB2174BA3F89C207B6D38
:10102000002B02D0786DFAF76DFE7B6C002B02D09E
:10103000786CFCF7C3FAFB68B3F86630002B0ED06F
:10104000FB681B6F002B0AD1FB68DB6E002B06D1FF
:10105000064B40F227320649064805F06BFB4FF07D
:10106000FF3318465C37BD4690BD00BFB43C030853
:1010700028400308083D03083039022090B58BB0A2
:1010800002AF78600B467B800023FB6100237B610D
:1010900000233B617B68002B06D1994B40F24B3219
:1010A0009849994805F046FB7B68DB6E7B617B695C
:1010B000002B02D14FF0FF331EE17B88002B09D1BA
:1010C0008F4B40F2533291498F4805F033FB6FF05C
:1010D000050311E17B691B897A889A4201D30023B9
:1010E0000AE17B685B8E7A889A4206D9844B40F28B
:1010F0005B328749844805F01DFB7B691B89002B07
:1011000006D17F4B4FF4577282497F4805F012FB9E
:101110007B699B7AFB73FB7B9B00DBB203F00403D0
:10112000BB737B691A897B88D31ABB81BB7B9AB25C
:10113000BB8913449BB24FF4207219463620FAF74C
:10114000CBFA38613B69002B00F0B7807B695B68A4
:101150001A897B691B89D31A9AB27B8813447B81D5
:101160007B6958683B695A68BB7BD1187B89BA890F
:10117000FAF7CEFF03461A46BB89934240F09F80A0
:101180007B69DB689B899BB21846F9F793F80346A5
:10119000DBB203F03F03FB760023BB76FB7E03F05C
:1011A0000803002B07D0FB7E23F00803FB76BB7EF1
:1011B00043F00803BB76FB7E03F00103002B07D04E
:1011C000FB7E23F00103FB76BB7E43F00103BB767D
:1011D0007B69DB685B681846F9F782F802467B8812
:1011E000D118BA7EFB7B00930B4639697868FFF70C
:1011F00033FAF861FB69002B63D07B695B681846A2
:10120000FAF70EFE03461A467B68B3F866309B1A5F
:101210009AB27B68A3F866207B6958687B695B6833
:101220001A89BB89D31A9BB21946FAF7B3FB7B69BB
:101230001A89BB89D31A9AB27B691A817B69DB68E8
:101240009B899CB2FB7E9BB21846F9F733F80346A4
:101250001A467B69DB68224392B29A817B695B689C
:101260001846FAF7DDFD03461A467B68B3F8663088
:1012700013449AB27B68A3F86620FB695B68184642
:10128000FAF7CEFD03461A467B68B3F8663013447E
:101290009AB27B68A3F866207B691A68FB691A60BA
:1012A0007B69FA691A60FB691B68002B03D17B68B4
:1012B0000022A3F8682000231EE000BF02E000BF68
:1012C00000E000BF144BB3F89C3001339AB2124BCC
:1012D000A3F89C20FB69002B06D0094B4FF47672D3
:1012E0000E49094805F026FA3B69002B02D03869FF
:1012F000FAF708FD4FF0FF3318462437BD4690BD7E
:10130000B43C030848400308083D03086C40030848
:1013100090400308A040030830390220B040030881
:1013200090B585B000AF78607B68002B06D1214B6B
:1013300040F2EB322049214805F0FCF97B68DB6E76
:10134000002B2ED07B68DB6EFB6002E0FB681B6825
:10135000FB60FB681B68002BF8D1FB68DB689B898E
:101360009BB21846F8F7A6FF0346DBB203F007036B
:10137000002B16D1FB68DB689B899CB20120F8F733
:1013800099FF03461A46FB68DB68224392B29A81B2
:101390007B685B8B43F020039AB27B685A830023FF
:1013A00004E00121786800F00BF803461846143772
:1013B000BD4690BDB43C0308BC400308083D03088B
:1013C00080B58AB002AF78600B46FB700023FB77D4
:1013D0000023FB75FB7803F00303002B06D16F4B52
:1013E00040F211426E496F4805F0A4F97B68002B6A
:1013F00006D16A4B40F213426B496A4805F09AF9EC
:10140000FB7803F00203002B01D00123FB77FB7F65
:101410009B00DBB203F00403FB75FB7D9BB24FF432
:10142000207219463620FAF757F938613B69002BCC
:1014300011D17B685B8B43F080039AB27B685A833F
:101440005A4BB3F89C3001339AB2584BA3F89C2006
:101450004FF0FF339DE03B695A89FB7D9BB29A4276
:1014600006D24E4B40F2394251494E4805F062F9DE
:101470007B68D96DFA78FB7F00930B4639697868F1
:10148000FFF7EAF8F860FB68002B11D17B685B8BF3
:1014900043F080039AB27B685A83444BB3F89C3084
:1014A00001339AB2414BA3F89C204FF0FF3370E018
:1014B000FB68DB6803F00303002B06D0374B40F2D8
:1014C00042423C49374805F035F9FB681B89002B3F
:1014D00006D0324B40F243423749324805F02AF9F0
:1014E0007B68DB6E002B03D17B68FA68DA660DE05F
:1014F0007B68DB6EBB6102E0BB691B68BB61BB69DB
:101500001B68002BF8D1BB69FA681A607B6800225F
:10151000A3F86820FB7803F00203002B04D1FB78CA
:1015200003F00103002B04D07B68DB6D5A1C7B6841
:10153000DA65FB7803F00103002B06D07B685B8B38
:1015400043F020039AB27B685A83FB685B681846B5
:10155000FAF766FC03461A467B68B3F86630134414
:101560009AB27B68A3F866207B68B3F86630002BDC
:101570000ED07B681B6F002B0AD17B68DB6E002BC3
:1015800006D1064B40F265420C49064805F0D2F8F8
:10159000002318462037BD4680BD00BFB43C030879
:1015A000D8400308083D03083041030830390220C1
:1015B000504103088C410308A4410308D0410308AB
:1015C000B0B58AB000AF78607B68002B06D18A4B3B
:1015D00040F2E14289498A4805F0ACF87B681B7DFE
:1015E000012B06D1844B40F2E3428649844805F042
:1015F000A1F8854B1B687A689A4201D10023CEE19D
:101600007B68B3F848207B68B3F86030934228BF0A
:1016100013469BB2BB617B68DB6E7B627B6A002BEF
:101620000BD17B685B8B03F00203002B00F0AA81D7
:10163000786800F0DFFD0346B1E179687B68043328
:101640001A467868FEF7ECFF78617B69002B02D1BF
:101650006FF00303A3E17B68002B03D07B681B685A
:10166000002B11D17B69002B02D07B69043300E091
:1016700000233B613B69002B02D16FF003038EE135
:101680003B691A687B681A607B6ADB685B6818468E
:10169000F8F726FE02467B685B6CD31A7A6A1289D9
:1016A0001344BA699A4227D27B68B3F860301A466D
:1016B000BB69934214D17B681B6F002B10D17B68F0
:1016C00093F89930002B0BD17B68002283F8982087
:1016D0007B68012283F899207B68002283F89A2096
:1016E0007B685B8B03F00203002B00F04D81786870
:1016F00000F080FD034652E17B68002283F89920C8
:101700007B681B6F3B623B6A002B00F01C8102E090
:101710003B6A1B683B623B6A1B68002BF8D112E1F5
:101720007B6ADB689B899BB21846F8F7C3FD0346CA
:10173000DBB203F00403002B06D02F4B40F23652ED
:1017400032492F4804F0F6FF7B681B6F002B1FD037
:101750007B685B8B03F04403002B19D17B68DB6E45
:10176000002B0BD07B68DB6E1B68002B10D17B68D5
:10177000DB6E1A897B685B8E9A4209D27B68B3F86C
:101780006430002B04D07B68B3F866300F2B01D98E
:10179000012300E00023002B06D17B685B8B03F064
:1017A000A003002B00F0E4807B681B7D022B0DD092
:1017B0007B6ADB689B899CB21020F8F77BFD0346AF
:1017C0001A467B6ADB68224392B29A817A69796809
:1017D000786A00F009F90346FB7397F90F30002B84
:1017E00016D07B685B8B43F080039AB27B685A8388
:1017F00097F90F30D3E000BFB43C0308F841030869
:10180000083D030810420308783A022038420308D2
:101810007B6A1A687B68DA667B681B7D022B06D0C0
:101820007B685B8B23F003039AB27B685A837B6AE5
:10183000DB685B681846F8F753FD04467B6A1B8932
:101840001D467B6ADB689B899BB21846F8F732FD20
:101850000346DBB203F00303002B01D0012300E0B9
:1018600000232B442344BB607B681A6DBB68D31AEA
:10187000002B02DA7B68BA681A657B6A1B891C46F2
:101880007B6ADB689B899BB21846F8F713FD034619
:10189000DBB203F00303002B01D0012300E000239F
:1018A0002344002B49D07B6A00221A607B681B6F9F
:1018B000002B05D17B687A6A1A677B6A3B623FE03E
:1018C0007B6ADB685B681846F8F70AFD04463B6AEA
:1018D000DB685B681846F8F703FD0346E31A002B44
:1018E00024DA7B687033FB6102E0FB691B68FB61F3
:1018F000FB691B68002B11D0FB691B68DB685B6808
:101900001846F8F7EDFC04467B6ADB685B6818460E
:10191000F8F7E6FC0346E31A002BE6DBFB691A68DE
:101920007B6A1A60FB697A6A1A6009E03B6A7A6A24
:101930001A603B6A1B683B6202E0786AFBF753FE61
:101940007B68DB6E7B627B6A002B12D07B6ADB6874
:101950005B681846F8F7C4FC02467B685B6CD31AD8
:101960007A6A12891344BA699A42BFF4D9AE00E088
:1019700000BF7B68DB6E002B08D17B680022A3F8D8
:10198000682004E000BF02E000BF00E000BF7B6809
:101990005B8B23F080039AB27B685A83002318463E
:1019A0002837BD46B0BD00BF80B582B000AF7860BB
:1019B0007B68002B06D1094B40F29A52084909482E
:1019C00004F0B8FE7B685B689B7B012B01D0012390
:1019D00000E0002318460837BD4680BDB43C03082C
:1019E00050420308083D0308B0B58CB004AFF8605E
:1019F000B9607A60FB68002B06D1684B4FF4B76280
:101A00006749684804F096FEBB68002B06D1634B1B
:101A100040F2B9526449634804F08CFE7B68002BA5
:101A200006D15E4B40F2BA5260495E4804F082FE35
:101A3000F868FFF7B9FF0346002B01D00023A9E0A7
:101A4000BB685A6AFB68DC681046F8F749FC034635
:101A5000A360BB685A8DFB68DC681046F8F72AFC67
:101A60000346E381BB685B6ABA68528D1A44BB685F
:101A7000DA62FB68DB681433FB61FB689B7A03F076
:101A80000103002B15D0BB6804331A46796840F275
:101A9000B450FCF797F903467B837B8B43F00173CB
:101AA0001846F8F71DFC0246FB691A60FB6904330F
:101AB000FB61BB68B3F93030002B02DABB6800224F
:101AC0001A86BB685B6B002B0CD1394B1A68BB685C
:101AD0005A63FB68DB685B681846F8F701FC02464E
:101AE000BB689A63FB68DA68FB685B685B68D31A5B
:101AF0003B83FB685B685989FB685B683A8B8A1A91
:101B000092B25A81FB685B681989FB685B683A8B03
:101B10008A1A92B21A81FB685B68FA68D2685A60C6
:101B2000FB68DB6800221A7400225A74FB68DA68CA
:101B3000FB689B7A03F00103002B01D0182300E01F
:101B400014231344FA699A4206D0144B40F21C62E3
:101B50001849144804F0EEFD174BB3F890300133E8
:101B60009AB2154BA3F89020FB685868B968BB6817
:101B70001C1DBB68DD7ABB689B7A7A6802920622DC
:101B8000019200932B46224602F074FF0346FB7538
:101B900097F9173018462037BD46B0BDB43C03084E
:101BA00078420308083D030898420308B842030836
:101BB0002C3A0220DC42030830390220B0B584B050
:101BC00000AF78607B68002B06D1314B40F2636236
:101BD0003049314804F0AEFD7B681B6F002B02D109
:101BE0006FF0050350E07B681B6FFB600BE0F8684B
:101BF000FFF7DAFE0346002B02D06FF0050343E047
:101C0000FB681B68FB60FB681B68002BEFD1F86862
:101C1000FFF7CAFE0346002B02D06FF0050333E046
:101C20007B68DA6EFB681A607B681A6F7B68DA661D
:101C30007B6800221A677B685B8B43F400639AB26F
:101C40007B685A83FB68DB685B681846F8F748FBDB
:101C50000446FB681B891D46FB68DB689B899BB2B9
:101C60001846F8F727FB0346DBB203F00303002B0B
:101C700001D0012300E000232B44E2187B68DA64E2
:101C80007B6800225A63002318461037BD46B0BD5A
:101C9000B43C0308F0420308083D030880B582B055
:101CA00000AF78607B68002B06D10D4B4FF4D362F8
:101CB0000C490D4804F03EFD7B6893F84230FF2B41
:101CC00007D07B6893F842300133DAB27B6883F83F
:101CD00042207868FFF774FC00BF0837BD4680BD1E
:101CE000B43C030814430308083D030880B582B0E0
:101CF00000AF78607B68002B06D10A4B40F2AD62E2
:101D000009490A4804F016FD7868FFF757FF0346B3
:101D1000002B02D17868FFF7C1FF00BF0837BD462E
:101D200080BD00BFB43C030838430308083D0308E6
:101D300090B585B000AF78607B68002B06D12F4B43
:101D400040F2C1622E492F4804F0F4FC7B681B6FFF
:101D5000002B02D16FF005034CE07B681B6FBB606A
:101D6000B868FFF721FE0346002B02D06FF0050391
:101D700040E0BB681A687B681A677B686C33FB605D
:101D800002E0FB681B68FB60FB681B68002B11D03E
:101D9000FB681B68DB685B681846F8F7A1FA044625
:101DA000BB68DB685B681846F8F79AFA0346E31AE3
:101DB000002BE6DBFB681A68BB681A60FB68BA6830
:101DC0001A60BB681B68002B03D17B680022A3F854
:101DD00068207B6893F84230FF2B07D07B6893F82C
:101DE00042300133DAB27B6883F842207B680022FC
:101DF0005A63002318461437BD4690BDB43C03080F
:101E000054430308083D030880B582B000AF7860F2
:101E10007B68002B06D12A4B40F2F96229492A48F7
:101E200004F088FC7B681B6F002B45D07B685B8BC4
:101E300003F00403002B3FD17868FFF779FF0346D6
:101E4000002B39D17B68B3F860207B68B3F8483049
:101E5000934228BF13469BB2002B00DA01335B107C
:101E60009AB27B68A3F84A207B68B3F84A301A46D6
:101E70007B685B8E5B009A4206D27B685B8E5B0060
:101E80009AB27B68A3F84A207B68B3F84A207B6843
:101E90005B8E194649000B449BB213449AB27B688F
:101EA000A3F848207B685B8B43F004039AB27B68FD
:101EB0005A837B6800221A8600BF0837BD4680BD62
:101EC000B43C03086C430308083D030880B586B0A2
:101ED00000AFF8607B600B467B8113463B817A89BB
:101EE0003B8913449BB214339BB24FF420721946C2
:101EF0002220F9F7F1FB78617B69002B4DD07B89BB
:101F000013337A695289934206DB264B40F22372DF
:101F10002549264804F00EFC7B695B683B613B8CDD
:101F20001846F8F7C7F903461A463B691A80BB8C76
:101F30001846F8F7BFF903461A463B695A803B69D1
:101F40007A685A60F868F8F7CBF902463B699A60FC
:101F50007B899B089BB205339BB21B039AB297F80F
:101F600028309BB213439BB21846F8F7A3F90346F7
:101F70001A463B699A81BB8D1846F8F79BF90346D0
:101F80001A463B69DA813B6900221A7400225A74AE
:101F90003B6900229A740022DA747B69184618376C
:101FA000BD4680BDB43C03088C430308083D0308CC
:101FB000B0B58AB004AFF8607B600B467B811346F6
:101FC0003B81FB68002B06D1154B40F2427215494C
:101FD000154804F0AFFBFB68586AFB68DB8AFA68B7
:101FE000128BF968498D3D897C89039110210291FA
:101FF000019200937B682A462146FFF767FF7861CC
:102000007B69002B06D0FB685B6AFA68528D1A4424
:10201000FB68DA627B6918461837BD46B0BD00BF61
:10202000B43C0308BC430308083D030880B588B0EE
:1020300000AFF860B96011461A460B46FB711346B3
:10204000BB710023FB83BB68002B06D1124B40F20F
:1020500056721249124804F06DFBBB685B68BB61A5
:10206000BB6914337B61FB8B9B001A46FB799B0099
:1020700003F0040313441433BA6913447A699A428F
:1020800006D0054B40F275720649054804F052FB34
:1020900000BF2037BD4680BDB43C0308E4430308BD
:1020A000083D0308DC42030880B58AB004AFF8603D
:1020B000B9607A603B60BB68002B06D1204B40F2D0
:1020C00087722049204804F035FB3A687968F8683F
:1020D000FEF7A6FA38613B69002B02D1FC23FB75A1
:1020E00024E0FB68002B06D0FB68DB7ABB75FB683D
:1020F0009B7A7B7503E0FF23BB7500237B75134B35
:10210000B3F8903001339AB2104BA3F89020BA7D07
:102110003B690293062301937B7D009313463A6843
:102120007968B86802F0A6FC0346FB75B868F9F751
:10213000E9FD97F9173018461837BD4680BD00BF36
:10214000B43C03080C440308083D0308303902205E
:1021500090B58BB004AFF860B9607A603B603B68C3
:10216000002B06D11F4B40F2C4721F491F4804F0D8
:10217000E1FABB6A002B06D11A4B40F2C5721C492A
:102180001A4804F0D7FA0023FB754DF21603BB8200
:10219000FB7D9CB2B868F8F7A3F80246BB8A0393AC
:1021A000142302933B8E0193BB8D009313460022B0
:1021B00021467868FFF78AFE38613B69002B0CD016
:1021C000FB7D00223969F868FFF730FFBB6A3A6887
:1021D0003969F868FFF768FF00E000BF1C37BD46AB
:1021E00090BD00BFB43C030838440308083D030811
:1021F0005444030890B587B000AF78600023FB75A6
:102200000023BB757B68002B06D1284B40F2EA7295
:102210002749284804F08EFAFB7D9B00DBB203F0CF
:1022200004037B757B7D9CB27B681B6D1846F8F7B9
:1022300057F80346002221467868FFF7B9FE386157
:102240003B69002B09D17B685B8B43F003039AB297
:102250007B685A836FF0010323E0BB7DFA7D396907
:102260007868FFF7E3FE7A687B6804333969786839
:10227000FFF71AFF0346FB7397F90F30002B07D0C7
:102280007B685B8B43F003039AB27B685A8306E05A
:102290007B685B8B23F003039AB27B685A8397F9C0
:1022A0000F3018461C37BD4690BD00BFB43C030834
:1022B00070440308083D030890B587B000AF78600C
:1022C0000023FB757B68002B06D1184B40F62402D7
:1022D0001749184804F02EFAFB7D9CB27B681B6DF1
:1022E000013B1846F7F7FCFF0346002221467868B9
:1022F000FFF75EFE38613B69002B02D14FF0FF33E0
:1023000010E0FB7D002239697868FFF78FFE7A685C
:102310007B68043339697868FFF7C6FE0346FB73B0
:1023200097F90F3018461C37BD4690BDB43C0308E2
:1023300090440308083D030890B58BB000AF786067
:10234000002387F827307B68002B06D14C4B40F6E2
:102350004F024C494C4804F0EDF97B68DB6E3B6260
:102360003B6A002B01D1002386E07B6893F89A300A
:10237000FF2B07D07B6893F89A300133DAB27B6881
:1023800083F89A203B6ADB689B899BB21846F7F773
:1023900091FF0346DBB203F00103002B05D03B6A3B
:1023A0001B89002B01D1012300E00023FB77FB7F79
:1023B000002B0CBF01230023DBB2BB8397F827302F
:1023C00099B23B6ADB685B68BA8B7868FFF7F0FD0F
:1023D000B861BB69002B02D14FF0FF334CE0BB6901
:1023E0005B687B61FB7F002B11D07B699B899BB273
:1023F0001BB223F47C531CB21120F7F75BFF03469A
:102400001BB223431BB29AB27B699A8110E0BB696D
:102410005B6814333B613B6A58683B6A5B681A89A6
:102420003B6A1B89D31A9BB201223969F9F770FE06
:102430003B6ADB685B681846F7F752FF03460133D7
:10244000FB607B681A6DFB68D31A002B02DA7B688D
:10245000FA681A6597F827300022B9697868FFF79B
:10246000E5FD7A687B680433B9697868FFF71CFE7C
:102470000346FB7297F90B3018462C37BD4690BDCA
:10248000B43C0308AC440308083D030880B582B09F
:1024900000AF7860F9F732FF0A4B1B68002B03D1BD
:1024A000094B1B68002B05D000220849FA2000F0D8
:1024B000F3F803E0064B00221A6000BF00BF0837A4
:1024C000BD4680BD383A02203C3A02208D240208E5
:1024D000843A022080B500AF0A4B1B68002B0FD155
:1024E000094B1B68002B03D1084B1B68002B07D03E
:1024F000044B01221A6000220549FA2000F0CCF8B2
:1025000000BF80BD843A0220383A02203C3A0220C3
:102510008D24020880B586B000AFF860B9607A609B
:102520000A20F8F765FC38613B69002B09D13B694B
:10253000002B51D12A4BBE222A492B4804F0FAF82D
:102540004AE03B6900221A603B69BA689A603B69BD
:102550007A68DA603B69FA685A60244B1B68002B82
:1025600003D1224A3B69136037E03B695A681F4B2D
:102570001B685B68D31ADB0F03F00103DBB2002B8F
:1025800007D01A4B1A683B691A60184A3B691360F6
:1025900023E0164B1B687B611AE07B691B68002BEC
:1025A0000BD03B695A687B691B685B68D31ADB0FE9
:1025B00003F00103DBB2002B07D07B691A683B698B
:1025C0001A607B693A691A6007E07B691B687B6166
:1025D0007B69002BE1D100E000BF1837BD4680BD0C
:1025E000D044030804450308444503087C3A02200C
:1025F00080B586B000AF78607B687B617B695B6883
:102600009847F0F70DFA38617B691A680F4B1B6821
:102610001344FB60FA683B69D31ADB0F03F0010334
:10262000DBB2002B09D07B691A683B6913447A68D6
:1026300007491846FFF76EFF04E07A680449F86816
:10264000FFF768FF00BF1837BD4680BD803A022003
:10265000F125020880B582B000AF01237B600EE057
:102660000B4A7B6852F833007B68DB00084A13444E
:102670001A46084900F010F87B6801337B607B68DC
:10268000022BEDD900BF00BF0837BD4680BD00BF9B
:10269000F0540308F125020880B586B000AFF86059
:1026A000B9607A60FB68B3F1804F06D30A4B40F201
:1026B00029120A490A4804F03DF8F0F7B1F9024638
:1026C000FB6813447B617A68B9687869FFF722FF79
:1026D00000BF1837BD4680BDD04403086C450308D1
:1026E0004445030880B584B000AFF0F799F9F8606D
:1026F000174B1B68BB60BB68002B22D0BB685B68B4
:10270000FA68D31ADB0F03F00103DBB2002B1AD1F6
:10271000BB681B680E4A1360BB689B687B60BB6824
:10272000DB683B60BB685B680A4A1360B9680A20D3
:10273000F8F7DAFB7B68002BDAD07B6838689847BB
:10274000D6E700BF00E000BF1037BD4680BD00BF28
:102750007C3A0220803A022080B582B000AF164B4E
:102760001B68002B02D14FF0FF3320E0F0F758F93F
:102770007860114B1B685A687B68D31ADB0F03F033
:102780000103DBB2002B01D0002310E00A4B1B68D1
:102790005A687B68D31A3B603B68002B06DA074B0C
:1027A0004FF4DC720649074803F0C4FF3B68184643
:1027B0000837BD4680BD00BF7C3A0220D0440308E4
:1027C000A44503084445030880B500AF03F02CFE80
:1027D00003469BB2C3F30D039BB2A3F580439AB2A9
:1027E000014B1A8000BF80BD9001002080B483B0EF
:1027F00000AF0023FB80174B1B885A1C91B2154A6F
:1028000011804FF6FF72934203D1124B4FF44042B6
:102810001A80114B1B683B6011E03B685A8A0D4BD4
:102820001B889A4208D1FB880133FB80FB88B3F5F3
:10283000804FE0D3002307E03B68DB683B603B68E8
:10284000002BEAD1034B1B8818460C37BD465DF8B8
:10285000047B704790010020883A022080B584B044
:1028600000AFF860B9601346FB71FB68002B05D11F
:10287000274B87222749284803F05CFFBB68002BC1
:1028800005D1234B88222549234803F053FFFB68D9
:102890001B7A002B0BD0FB681A7A214B5B6893F8EC
:1028A00030300133DBB29A4201D000232BE0FB79B8
:1028B000002B18D0FB68002B13D0FB681B68002B83
:1028C0000FD0174B5B69B3F1FF3F0AD0FB681A6862
:1028D000134B5B695A40BB6808331B681340002BDD
:1028E00010D101230FE0FB68002B09D0FB681B68A7
:1028F000002B05D0FB681A68094B5B699A4201D12D
:10290000012300E0002318461037BD4680BD00BFFC
:10291000B8450308E84503080C4603083446030895
:10292000949C012090B58DB002AF7860396000238F
:10293000FB767B68002B05D1984BCF2298499948AC
:1029400003F0F8FE3B68002B05D1944BD02296494A
:10295000944803F0EFFE954BB3F87A3001339AB206
:10296000924BA3F87A207B685B89072B13D88F4B97
:10297000B3F8823001339AB28C4BA3F882208B4B90
:10298000B3F87E3001339AB2884BA3F87E20786882
:10299000F9F7B8F9FDE07B685B687B61844B5B69A4
:1029A000834A12681146184602F056F90346FB7432
:1029B0007B691B889BB21846F7F77CFC03463B8279
:1029C0007B695B889BB21846F7F774FC0346FB8172
:1029D00000237B6200233B620023FB61754B1B6875
:1029E0007B625DE07B6A5B8AFA899A4253D1FB7C09
:1029F0001A463968786AFFF731FF0346002B4AD040
:102A00007B6A1B7C03F00403002B1DD1FB69002BA8
:102A100002D17B6AFB6117E0FB7C002B14D0644B76
:102A20005B69B3F1FF3F0FD1FB691A683B68043360
:102A30001B689A4208D07B6A1A683B6804331B689B
:102A40009A4201D17B6AFB617B6A9B8A3A8A9A42ED
:102A500021D17B6A5B68002B05D07B6A5A68544B96
:102A60001B699A4217D13B6A002B0BD07B6ADA684C
:102A70003B6ADA604F4B1A687B6ADA604D4A7B6AC0
:102A8000136010E0494BB3F88E3001339AB2474BD4
:102A9000A3F88E2007E07B6A3B627B6ADB687B627F
:102AA0007B6A002B9ED17B6A002B01D1FB697B6284
:102AB0007B6A002B02D00123FB760AE03B680433DB
:102AC0001A683B4B5B699A420CBF01230023DBB2BF
:102AD000FB76FB7E002B59D008217868F9F75AF86D
:102AE0000346002B12D02D4B4FF4B87232492D48BB
:102AF00003F020FE2D4BB3F87E3001339AB22B4BFE
:102B0000A3F87E207868F9F7FDF842E07B6A002B95
:102B100012D07B6A9B69002B0AD07B6A9C697B6A16
:102B2000D8693B8A0093254B7A68796AA04731E0DF
:102B30007868F9F7E7F82CE0FB7C002B12D11C4BEE
:102B40005B6903F0F003E02B0CD0194B9B89083331
:102B50009BB21BB219467868F9F78FF803217868A1
:102B600001F0DEFC114BB3F8883001339AB20F4B01
:102B7000A3F888200D4BB3F87E3001339AB20B4B8B
:102B8000A3F87E207868F9F7BDF803E07868F9F7D4
:102B9000B9F800BF2C37BD4690BD00BFB84503084B
:102BA0005C4603080C4603087446030830390220CB
:102BB000949C0120883A022090460308A49C01209E
:102BC00080B582B000AF786039607B68002B09D196
:102BD000114B40F2D5121149114803F0ABFD6FF0D3
:102BE0000F0315E03B68002B09D10B4B4FF4EB7240
:102BF0000C490B4803F09EFD6FF00F0308E07B6863
:102C00001A1D7B689B8A3968786800F00DF80346C6
:102C100018460837BD4680BDB8450308AC460308D2
:102C20000C460308C446030880B588B002AFF860BC
:102C3000B9607A607B80FB68002B09D1274B4FF489
:102C400006722749274803F075FD6FF00F0340E037
:102C5000BB68002B09D1214B40F21922224921489F
:102C600003F068FD6FF00F0333E07B68002B09D1A0
:102C70001A4B40F21A221D491A4803F05BFD6FF00F
:102C80000F0326E0FB681B7A002B06D0FB681B7A3B
:102C90001846F8F73FFC786103E0786801F0D4FC4F
:102CA00078617B69002B0AD1114BB3F88630013370
:102CB0009AB20F4BA3F886206FF0030309E07A88DD
:102CC0007B69009313467A68B968F86800F012F8D7
:102CD000034618461837BD4680BD00BFB8450308F7
:102CE000DC4603080C460308F446030810470308B3
:102CF0003039022080B588B002AFF860B9607A60E0
:102D00007B80FB68002B09D12E4B4FF420722E499B
:102D10002E4803F00FFD6FF00F034FE0BB68002B50
:102D200009D1284B40F281222949284803F002FDAD
:102D30006FF00F0342E07B68002B09D1214B40F27A
:102D400082222449214803F0F5FC6FF00F0335E09F
:102D50003B6A002B09D11B4B40F283221E491B48C2
:102D600003F0E8FC6FF00F0328E0FB68002B09D0AC
:102D7000FB681B68002B05D0FB681B6803F0F003A1
:102D8000E02B03D13B6A04337B610BE0FB681A68DC
:102D90003B6A04331B689A4202D06FF003030DE0D4
:102DA000FB687B617A887B6901933B6A00931346D9
:102DB0007A68B968F86800F011F8034618461837C1
:102DC000BD4680BDB84503082C4703080C460308E0
:102DD00048470308644703088447030880B58CB05C
:102DE00004AFF860B9607A607B80FB68002B09D182
:102DF000694B40F2D1226949694803F09BFC6FF0AE
:102E00000F03C4E0BB68002B09D1634B40F2D22210
:102E10006449634803F08EFC6FF00F03B7E07B68F2
:102E2000002B09D15C4B40F2D3225F495C4803F090
:102E300081FC6FF00F03AAE0FB6A002B09D1564B0F
:102E40004FF435725949564803F074FC6FF00F0384
:102E50009DE0BB6A002B09D14F4B40F2D52254496B
:102E60004F4803F067FC6FF00F0390E0FB685B8A4C
:102E7000002B0FD1F968FB685B8A1A46F86800F0EE
:102E80009DF80346FB7697F91B30002B02D097F98B
:102E90001B307CE0BB681B894FF6F772934202D966
:102EA0004FF0FF3373E00821B868F8F763FE03467C
:102EB000002B15D04FF4207208212220F8F70CFCCB
:102EC000F861FB69002B02D14FF0FF335FE0BB6874
:102ED0001B89002B06D0B968F869F9F737F801E0CB
:102EE000BB68FB61FB695B89072B06D82A4B40F264
:102EF0000D3230492A4803F01DFCFB695B687B6199
:102F0000FB685B8A1846F7F7D5F903461A467B69D2
:102F10001A807B881846F7F7CDF903461A467B6975
:102F20005A807B6900229A710022DA71FB691B8941
:102F30001846F7F7BFF903461A467B699A801123B2
:102F4000FB74FB68DB7ABB74FB689B7AB97CBA6A5A
:102F50000292FA7C019200930B467A68F96AF8694A
:102F600001F0B2FD0346FB76FA69BB689A4204D0D1
:102F7000F869F8F7C7FE0023FB610F4BB3F8783010
:102F800001339AB20C4BA3F8782097F91B301846FE
:102F90002037BD4680BD00BFB8450308A4470308DD
:102FA0000C460308C4470308E4470308084803081D
:102FB0002C480308504803083039022080B586B0F9
:102FC00000AFF860B9601346FB80BB68002B01D1ED
:102FD000394BBB60FB68002B09D1384B40F2B7324C
:102FE0003749384803F0A6FB6FF00F0360E0002379
:102FF000FB74354B1B687B6109E0FA687B699A4278
:1030000002D10123FB7405E07B69DB687B617B698E
:10301000002BF2D1FB88002B09D1FFF7E7FB034619
:10302000FB80FB88002B2CD16FF0070340E0264B80
:103030001B687B6122E0FA687B699A421BD07B693E
:103040005B8AFA889A4216D17B691A68BB681B684A
:103050009A420DD0BB68002B0AD0BB681B68002BBE
:1030600006D07B69002B03D07B691B68002B02D143
:103070006FF007031CE07B69DB687B617B69002BD9
:10308000D9D1BB68002B02D0BB681B6800E00023CD
:10309000FA681360FB68FA885A82FB7C002B06D121
:1030A000094B1A68FB68DA60074AFB681360002363
:1030B00018461837BD4680BD08550308B8450308B3
:1030C000804803080C460308883A022080B483B085
:1030D00000AF786039603B68002B07D03B6893F8FD
:1030E00030300133DAB27B681A7202E07B6800226A
:1030F0001A7200BF0C37BD465DF8047B70470000B4
:1031000080B586B000AFF860B9601346FB80FB68FD
:10311000002B09D12C4B40F235422C492C4803F0AE
:1031200009FB6FF00F034BE0BB68002B09D1264B66
:1031300040F236422749264803F0FCFA6FF00F03AD
:103140003EE0FB685B8A002B0FD1F968FB685B8A65
:103150001A46F868FFF732FF0346FB7497F91330FD
:10316000002B02D097F913302AE0BB68002B02D065
:10317000BB681B6800E00023FA685360FB68FA88AC
:103180009A82FB681B7C43F00403DAB2FB681A7472
:10319000114B1B687B6108E0FA687B699A4201D198
:1031A00000230DE07B69DB687B617B69002BF3D139
:1031B000094B1A68FB68DA60074AFB681360002352
:1031C00018461837BD4680BDB8450308984803081F
:1031D0000C460308B4480308883A022080B582B040
:1031E00000AF78607B68002B07D10D4B40F26A423C
:1031F0000C490D4803F09EFA0FE07B6800225A60EC
:103200007B6800229A827B6800221A727B681B7C92
:1032100023F00403DAB27B681A740837BD4680BD18
:10322000B8450308D04803080C46030880B584B0AD
:1032300000AFF860B9607A60FB68002B07D1084BDB
:1032400040F28A420749084803F074FA05E0FB6837
:10325000BA689A61FB687A68DA611037BD4680BD4A
:10326000B8450308EC4803080C46030880B584B051
:1032700000AF78607B68002B07D1194B40F2A14268
:103280001849194803F056FA26E0184B1B687A686B
:103290009A4205D1154B1B68DB68144A136017E08E
:1032A000124B1B68FB6010E0FB68DB68002B09D049
:1032B000FB68DB687A689A4204D17B68DA68FB684D
:1032C000DA6005E0FB68DB68FB60FB68002BEBD194
:1032D00079680020F7F708FE1037BD4680BD00BFB3
:1032E000B8450308044903080C460308883A02203D
:1032F00080B582B000AF0020F7F77AFD78607B6878
:10330000002B07D020220021786803F004FB7B68A3
:10331000FF22DA727B6818460837BD4680BD80B54B
:1033200084B000AF0346FB71FFF7E2FFF860FB6873
:1033300018461037BD4680BD80B485B000AF7860B8
:1033400039607B68002B1ED07B681B68002B1AD06D
:103350003B68002B17D03B681B68002B13D00D4B2C
:103360001B68FB600CE0FB681A687B681B689A426C
:1033700003D13B681A68FB681A60FB68DB68FB6076
:10338000FB68002BEFD100BF1437BD465DF8047B0E
:10339000704700BF883A022080B582B000AF7860E5
:1033A00015497A6813465B001344DB000B441B6825
:1033B000002B13D010497A6813465B001344DB00DE
:1033C0000B441B681846F8F79DFC0B497A681346B6
:1033D0005B001344DB000B4400221A6006497A6844
:1033E00013465B001344DB000B44143300221A70B5
:1033F00000BF0837BD4680BD8C3A022080B582B040
:1034000000AF00237B6096E04F497A6813465B006B
:103410001344DB000B4414331B78FB70FB78002B48
:1034200000F0868048497A6813465B001344DB004D
:103430000B4412331B88013398B243497A68134610
:103440005B001344DB000B44123302461A803E49F2
:103450007A6813465B001344DB000B4412331B886D
:10346000B3F5967F15D238497A6813465B0013444A
:10347000DB000B4414331B78012B0ED132497A68E0
:1034800013465B001344DB000B4412331B88042BF0
:1034900003D97868FFF780FF4AE02B497A68134622
:1034A0005B001344DB000B4414331B78032B0AD15D
:1034B00025497A6813465B001344DB000B44143340
:1034C00004221A7034E020497A6813465B001344E2
:1034D000DB000B4414331B78042B0AD11A497A6899
:1034E00013465B001344DB000B44143302221A70B2
:1034F0001EE015497A6813465B001344DB000B4459
:1035000014331B78012B13D10F497A6813465B00E3
:103510001344DB000B44083318687A6813465B00D9
:103520001344DB00084A13440433194600F0AEFE8E
:103530007B6801337B607B68092B7FF765AF00BF39
:1035400000BF0837BD4680BD8C3A022080B58AB0E6
:1035500000AFF8600B467A60FB720A23FB840A23F3
:10356000BB840A237B8400233B840A23FB83002340
:10357000BB8300237B8300233B8300233B84AEE09B
:10358000B7F92020A64913465B001344DB000B4427
:1035900014331B78FB75B7F922300A2B05D1FB7D5C
:1035A000002B02D13B8C7B8495E0FB7D002B00F04F
:1035B0009280FB7D012B09D0FB7D012B06D8994B16
:1035C00040F223129849994803F0B4F8FB68002BA5
:1035D00020D0FB681968B7F92020914813465B009A
:1035E0001344DB00034404331B68994212D17B6807
:1035F000002B0CD0B7F92020894913465B001344F7
:10360000DB000B4408331B687A689A4202D1B7F991
:10361000203000E1FB7D012B40D1B7F9202080490B
:1036200013465B001344DB000B441B68002B1AD0CD
:10363000B7F920207A4913465B001344DB000B44A2
:1036400012331B88BA8B9A4245D83B8CFB83B7F95F
:103650002020734913465B001344DB000B441233F4
:103660001B88BB8337E0B7F920206D4913465B0008
:103670001344DB000B4412331B887A8B9A422AD8FE
:103680003B8CFB84B7F92020654913465B0013444B
:10369000DB000B4412331B887B831CE0FB7D012B7A
:1036A00019D9B7F920205E4913465B001344DB00AB
:1036B0000B4412331B883A8B9A420CD83B8CBB8448
:1036C000B7F92020564913465B001344DB000B4436
:1036D00012331B883B833B8C01339BB23B84B7F98D
:1036E0002030092B7FF74CAFFB7A03F00203002B4D
:1036F00008D1B7F922300A2B07D1FB7A03F0010376
:10370000002B02D14FF0FF3385E0B7F92230092BAF
:1037100002DC7B8C3B8439E0B7F92430092B14DCC4
:10372000BB8C3B84B7F920203D4913465B00134412
:10373000DB000B441B68002B18D03A4B40F26D1293
:103740003B493A4802F0F6FF10E0B7F92630092B62
:1037500002DCFB8C3B8409E0B7F91E30092B02DC4C
:10376000FB8B3B8402E04FF0FF3354E0B7F920308D
:10377000092B06DD2B4B40F27F122E492B4802F01D
:10378000D9FFB7F920301846FFF706FEB7F9203009
:10379000092B06DD234B40F283122649234802F011
:1037A000C9FFB7F920201E4913465B001344DB0014
:1037B0000B4414331B78002B06D01A4B4FF4C27203
:1037C0001D491A4802F0B6FFFB68002B0BD0B7F971
:1037D0002020FB681968124813465B001344DB0085
:1037E000034404331960B7F920200D4913465B00E8
:1037F0001344DB000B44123300221A80B7F9202057
:10380000074913465B001344DB000B4408337A6816
:103810001A60B7F9203018462837BD4680BD00BF72
:103820008C3A02201C4903085449030894490308B0
:10383000BC490308D4490308E849030880B588B0A7
:1038400002AFF860B9607A60FB70FB6893F82C30C7
:10385000062B06D0484B40F2A9124849484802F0CE
:1038600069FFBB68002B12D0BB681B68002B0ED011
:10387000BB681B68F968184601F0EEF90346002B97
:1038800005D1BB681B6803F0F003E02B02D16FF099
:103890000F036CE0FB78FA681946B868FFF756FE2C
:1038A0000346FB82B7F91630002B02DAFB8A5BB2C3
:1038B0005DE0B7F91620334913465B001344DB0083
:1038C0000B44143302221A70B7F916202D491346FF
:1038D0005B001344DB000B440833FA681A60B7F945
:1038E000162013465B001344DB000833254A1344BB
:1038F000043306227968184603F075F9B7F91620E3
:10390000204913465B001344DB000B4412330022B2
:103910001A80B7F916201B4913465B001344DB00DD
:103920000B441B68002B21D0B7F91620154913460C
:103930005B001344DB000B441B683B61B7F91620A6
:10394000104913465B001344DB000B4400221A604D
:10395000FB6803F126024FF4006300937B6839692A
:10396000F86802F0A7FA3869F8F7CCF9002318468E
:103970001837BD4680BD00BF1C490308144A030820
:10398000944903088C3A022080B584B000AF786077
:103990000023FB601EE01349FA6813465B001344E2
:1039A000DB000B4414331B78FB72FB7A002B0ED028
:1039B0000C49FA6813465B001344DB000B440833E0
:1039C0001B687A689A4202D1F868FFF7E5FCFB6849
:1039D0000133FB60FB68092BDDDD00BF00BF103742
:1039E000BD4680BD8C3A0220B0B58AB004AF786085
:1039F00039603B68002B07D1494B40F28A22494984
:103A0000494802F097FE88E07B685B683B613B6950
:103A10001B889BB2B3F5807F0CD13B691B79062BC9
:103A200008D13B695B79042B04D13B695B889BB26D
:103A3000082B0FD03D4B1B8D01339AB23B4B1A859F
:103A40003A4BDB8B01339AB2384BDA837868F8F75C
:103A500059F962E0354B5B8B01339AB2334B5A8391
:103A60003B690E331B68FB603B6918331B68BB6006
:103A70003B6804331B68002B02D10023FB7509E06F
:103A8000BA683B6804331B689A420CBF01230023C9
:103A9000DBB2FB753B6903F10802FB7D002B01D013
:103AA000012300E0022307F10C013868FFF7C6FE8E
:103AB0003B69DB889BB2B3F5807F03D0B3F5007F11
:103AC00025D01DE0FB7D002B23D03B6803F12600B1
:103AD0003B6903F108043B6803F126053B680433A6
:103AE0003A6908320221039107F10C010291019217
:103AF00000932B4622460146386800F00BFB08E095
:103B00000A4B9B8D01339AB2084B9A8502E000BFA5
:103B100000E000BF7868F8F7F5F81837BD46B0BD8B
:103B20001C4903086C4A03089449030830390220F1
:103B300080B586B002AFF860B9601346FB71FA79C0
:103B4000444913465B001344DB000B4414331B78D9
:103B5000012B06D8404B40F2EE224049404802F08B
:103B6000E9FDFA793B4913465B001344DB000B4443
:103B700014331B78022B53D1FA79364913465B0074
:103B80001344DB000B4412331B88B3F58E7F19D925
:103B9000FA7913465B001344DB002E4A13440433C6
:103BA0001946F86800F072FB0346002B38D1FA7909
:103BB000284913465B001344DB000B4414330322F3
:103BC0001A702DE0FA79234913465B001344DB0099
:103BD0000B4412331B88B3F5877F21D3FA79134640
:103BE0005B001344DB001B4A1344191DFA7913468A
:103BF0005B001344DB000833164A134404331A46AF
:103C0000F86800F021FB0346002B09D1FA7911492D
:103C100013465B001344DB000B44143303221A7079
:103C2000FB6803F12601FA7913465B001344DB00BD
:103C30000833084A134404334FF4006200920A46E2
:103C4000B968F86802F036F9034618461037BD46E1
:103C500080BD00BF8C3A02201C4903088C4A03082F
:103C60009449030880B58AB002AFF860B9607A6001
:103C70007B68BB61FB68002B06D1764B40F21E329D
:103C80007549764802F056FDBB68002B06D1714B92
:103C900040F21F327249714802F04CFD7B68002BE4
:103CA00006D16C4B4FF448726E496C4802F042FDED
:103CB0007B681B68F968184600F0CEFF0346002BAE
:103CC00002D0694BFB61B5E07B681B6803F0F00331
:103CD000E02B18D101233B7400237B745E23BB745B
:103CE0007B6801331B7803F07F03DBB2FB747B68D6
:103CF00002331B783B757B6803331B787B7507F1B8
:103D00001003FB6196E07B681A68FB6804331B684C
:103D10005A40FB6808331B681340002B12D07B68A5
:103D20001B689BB24FF6A96293420BD0FB680C3321
:103D30001B68002B03D0FB680C33BB6102E06FF003
:103D4000030383E0494B1B781946494A0B465B0045
:103D50000B44DB00134414331B78012B2BD9434B4A
:103D60001B781946424A0B465B000B44DB001344A8
:103D700008331B68FA689A421DD1BB691A683B4B2D
:103D80001B7818463A4903465B000344DB000B44AA
:103D900004331B689A420ED1364BDB8D01339AB245
:103DA000344BDA85314B1B781A46B968F868FFF74F
:103DB000BFFE03464AE00023FB7531E0FA7D2C4943
:103DC00013465B001344DB000B4414331B78012BB8
:103DD00023D9FA7D264913465B001344DB000B44CC
:103DE00008331B68FA689A4217D1BB691968FA7DD3
:103DF0001F4813465B001344DB00034404331B6875
:103E000099420AD1194AFB7D1370FB7D1A46B968A5
:103E1000F868FFF78DFE034618E0FB7D0133FB7564
:103E2000FB7D092BCAD9BA68B969F86800F024F893
:103E300003460BE0FB6803F126024FF40063009396
:103E4000FB69B968F86802F035F803461846203770
:103E5000BD4680BD1C4903086C4A03089449030809
:103E6000BC4A03085C4A03080C5503087C3B02204B
:103E70008C3A02203039022080B58CB002AFF86055
:103E8000B9607A60FB6826337B61FF2387F82730AF
:103E900000233B62BB681B68F968184600F0DCFE33
:103EA0000346002B0CD1BB681B6803F0F003E02B2A
:103EB00006D0BB68002B03D0BB681B68002B02D167
:103EC0006FF00F0310E1FA680121B868FFF73EFBBD
:103ED00003467B82B7F91230002B0BDA7B68002B8C
:103EE00005D0834B9B8C01339AB2814B9A847B8A99
:103EF0005BB2F9E07B8A7E2B06D97E4B40F2C13261
:103F00007D497E4802F016FC7B8A7B747A7C7C4972
:103F100013465B001344DB000B4414331B78002B67
:103F200015D101233B627A7C754913465B0013442B
:103F3000DB000B44143301221A707A7C704913465B
:103F40005B001344DB000B440833FA681A607A7C88
:103F50006B4913465B001344DB000B4414331B789E
:103F6000012B11D07A7C664913465B001344DB00B9
:103F70000B4414331B78012B06D85E4B40F2CD3234
:103F800060495E4802F0D6FB3B6A002B02D17B6899
:103F9000002B0CD1B968F86800F078F9034687F86F
:103FA00027307B68002B02D197F927309CE07B6893
:103FB000002B06D14F4B40F2E13253494F4802F0FB
:103FC000B9FB7A7C4E4913465B001344DB000B447B
:103FD00014331B78012B17D94C4A7B7C13707A7CE5
:103FE00013465B001344DB000833454A1344043393
:103FF0004FF4006200927A697968F86801F05AFF1C
:10400000034687F827306DE07A7C3D4913465B0014
:104010001344DB000B4414331B78012B62D10023C3
:10402000BB617B68FB611CE0FB695A89FB691B89EA
:104030009A420AD1FB691B68002B06D02D4B40F237
:10404000F13233492D4802F075FBFB691B7B03F00D
:104050004003002B02D00123BB6105E0FB691B6814
:10406000FB61FB69002BDFD1BB69002B07D07A68AD
:104070004FF420710E20F8F7BDF8F86104E07B687A
:10408000FB61F869F7F7E4FEFB69002B21D07A7C2D
:104090001B4913465B001344DB000B441B68002BD9
:1040A0000AD07A7C164913465B001344DB000B44AC
:1040B0001B681846F7F726FE7A7C114913465B0009
:1040C0001344DB000B44FA691A60002387F8273099
:1040D00008E0074B9B8C01339AB2054B9A84FF236F
:1040E00087F8273097F9273018462837BD4680BD16
:1040F000303902201C490308C84A030894490308C0
:104100008C3A0220D84A0308BC4A03087C3B0220B0
:10411000004B030880B58AB002AFF860B9607A60DE
:104120003B600023FB77FB68002B06D1404B40F23D
:1041300057424049404802F0FDFA4FF420721C21DA
:104140000E20F7F7C9FAB861BB69002B08D13B4BC9
:104150009B8C01339AB2394B9A844FF0FF3363E062
:10416000BB695B891B2B06D8314B40F26242344954
:10417000314802F0DFFABB695B687B61BB8E184691
:10418000F6F798F803461A467B69DA80FB6893F8DD
:104190002C30062B06D0264B40F26942294926488E
:1041A00002F0C8FA7B69083306223968184602F023
:1041B0001AFD7B6912330622F96A184602F013FDD4
:1041C0007B690E33BA6A12681A607B6918333A6BDE
:1041D00012681A607B6900221A70002242F0010204
:1041E0005A707B69002242F008029A700022DA704D
:1041F0007B6906221A717B6904225A7140F6060314
:1042000000937B68BA68B969F86801F053FE0B4BFC
:104210001B8B01339AB2094B1A83B869F7F772FD09
:104220000023BB6197F91F3018462037BD4680BD7B
:104230001C4903086C4A03089449030830390220DA
:104240001C4B0308504B030880B588B004AFF860DE
:10425000B9607A60FB6803F12601FB6803F1260070
:10426000FB68043301220392BA680292064A019263
:10427000009303467A68F868FFF74CFF0346184638
:104280001037BD4680BD00BF1455030880B582B00D
:1042900000AF78603960054A39687868FFF7D4FF65
:1042A000034618460837BD4680BD00BF0C550308BD
:1042B00080B58EB004AF78603960924BB3F862304D
:1042C00001339AB28F4BA3F862208F4B9B687B62BD
:1042D0007B6A1B7803F00F03DBB29B00DBB27B84AD
:1042E0007B8C132B40F2E6807B685B89032B40F2CA
:1042F000E3807B685B681B7887F8213097F8213072
:10430000002B00F0D080082B40F0BC807F4BFB617D
:104310007D4B5B6903F0F003E02B00F0DC807A4B0F
:104320005B69794A12681146184600F095FC03460D
:10433000002B40F0D2807B681B89072B40F2BE80A7
:104340007B8C0E3319467868F7F714FC0346002B74
:104350004BD07B681A897B8C13447B837B681B89D9
:104360007A8B9A42C0F0BB807B8B4FF42072194647
:104370000E20F7F7B1F978617B69002B00F0B1806E
:104380007B695B891A467B8C08339A4203D2786931
:10439000F7F7B8FCA6E07B695B687A8C796A184607
:1043A00002F021FC7B8C19467869F7F7F3FB034692
:1043B000002B09D0564BB6225649574802F0BAF99D
:1043C0007869F7F79FFC8DE079687869F7F7CEFD9B
:1043D0000346002B03D07869F7F794FC82E07868F5
:1043E000F7F790FC7B697B600FE07B8C0E331946FE
:1043F0007868F7F7CFFB0346002B06D0444BC72263
:104400004649454802F096F96CE07B685B683B6181
:104410007B8C19467868F7F7ADFB0346002B44D137
:104420007B685B68FB60FB691A68FB68DA60364B87
:104430001A69FB681A613B6900221A703B69002205
:104440009A700022DA70FB68FF221A72FB68002261
:104450009A720022DA722B4BB3F8603001339AB2B1
:10446000284BA3F860203B680293012301930023AB
:104470000093FF230022F969786800F0FBFA0346F5
:10448000FB7212E01F4BB3F8703001339AB21D4B30
:10449000A3F870201B4BB3F8663001339AB2194B66
:1044A000A3F8662002E000BF00E000BF7868F7F7DD
:1044B00029FC23E000BF02E000BF00E000BF7868F5
:1044C000F7F720FC0F4BB3F86A3001339AB20D4B6B
:1044D000A3F86A2012E000BF04E000BF02E000BFC2
:1044E00000E000BF7868F7F70DFC064BB3F87430B6
:1044F00001339AB2034BA3F8742000BF2837BD469E
:1045000080BD00BF30390220949C0120A89C01206E
:10451000944B0308CC4B0308044C03082C4C0308B1
:1045200080B582B000AF78600B46FB70FB781A460E
:104530000321786800F014F800BF0837BD4680BD3D
:1045400080B582B000AF78600B46FB70FB781A46EE
:104550000B21786800F004F800BF0837BD4680BD25
:1045600080B58CB004AF78600B46FB701346BB700F
:104570004FF4207224212220F7F7AEF8F861FB698E
:10458000002B54D0FB695B89232B06D82A4B4FF4B0
:10459000B4722A492A4802F0CDF87B685B68BB6197
:1045A000FB695B687B617B69FA781A707B69BA7812
:1045B0005A707B6900221A7100225A717B690022AD
:1045C0009A710022DA71FB695B6803F108007B686D
:1045D0005B681C22194602F006FBBB69DB68FB60C6
:1045E00007F10C03184600F02FF838613B69002BE7
:1045F00019D07B6900229A700022DA70114BB3F84F
:10460000603001339AB20F4BA3F8602007F10C021F
:104610003B6902930123019300230093FF230021B0
:10462000F86900F027FAF869F7F76CFB00E000BFC3
:104630002037BD4680BD00BF944B0308604C030883
:10464000044C03083039022080B485B000AF786094
:10465000374B1B68FB6036E0FB6893F82D3003F0A6
:104660000103DBB2002B2BD0FB6893F82D309B08A5
:1046700003F00103DBB2002B22D0FB6804331B687C
:10468000002B1DD07B681A68FB6804331B685A40F6
:10469000FB6808331B681340002B01D1FB6840E026
:1046A000FB6893F82D3003F00203002B08D17B68E0
:1046B0001A68FB680C331B689A4201D1FB6830E032
:1046C000FB681B68FB60FB68002BC5D1194B1B689E
:1046D000002B1AD0174B1B6893F82D3003F0010301
:1046E000002B12D0134B1B6893F82D3003F00403FA
:1046F000002B0AD00F4B1B6804331B68002B04D01F
:104700007B681B68DBB27F2B09D10B4BB3F85630AB
:1047100001339AB2084BA3F85620002301E0054B61
:104720001B6818461437BD465DF8047B704700BF10
:1047300024390220283902203039022080B582B085
:1047400000AF78607B6893F82D3003F00103DBB293
:10475000002B16D07B6804331B68002B11D00B4B49
:104760005A697B6804331B689A4208D0074B5B691F
:104770007968184600F070FA0346002B01D0012337
:1047800000E0002318460837BD4680BD949C0120F8
:1047900080B586B000AF786039608F4BB3F84A308F
:1047A00001339AB28C4BA3F84A207B685B687B612B
:1047B0007B691B781B09DBB2042B14D07868F7F7F0
:1047C000A1FA854BB3F85C3001339AB2824BA3F85F
:1047D0005C20814BB3F84E3001339AB27E4BA3F884
:1047E0004E2000233EE17B691B7803F00F03DBB210
:1047F0009B00DBB2FB817B695B889BB21846F5F7B7
:1048000059FD0346BB817B681B89BA899A4204D251
:10481000BB8919467868F7F7BDF87B685B89FA8928
:104820009A4207D87B681B89BA899A4202D8FB89C9
:10483000132B14D87868F7F765FA674BB3F8523042
:1048400001339AB2644BA3F85220634BB3F84E3055
:1048500001339AB2604BA3F84E20002302E17B693A
:104860001B695E4A53617B69DB685C4A13615B4B81
:104870005B6903F0F003E02B12D13B6893F82D3015
:1048800003F00103DBB2002B07D03B6804331B6845
:10489000002B02D03B683B612AE000233B6127E00C
:1048A0003868FFF74BFF0346002B02D03B683B61A3
:1048B0001EE000233B61494B5B69DBB27F2B17D0C5
:1048C000474B1B683B610EE03A693B689A4206D051
:1048D0003869FFF733FF0346002B08D100E000BF23
:1048E0003B691B683B613B69002BEDD100E000BFD9
:1048F0003A4B1B693968184600F0AEF90346002BA5
:1049000005D1364B1B6903F0F003E02B0CD178681E
:10491000F7F7F8F9304BB3F84E3001339AB22E4B1B
:10492000A3F84E2000239DE03B69002B0CD12A4BBD
:10493000B3F84E3001339AB2274BA3F84E20786873
:10494000F7F7E0F900238DE07B69DB889BB21A461C
:104950004FF63F731340002B0BD0786800F098FEA1
:1049600078607B68002B01D100237BE07B685B686B
:104970007B611A4A3B691360184A3B685360174AC7
:104980007B6993607B691B7803F00F03DBB29B00AC
:10499000DBB21A46114B9A81FB8919467868F7F702
:1049A000F9F87B695B7A112B06D0112B1ADC012BED
:1049B0000CD0062B05D015E039687868FDF7B2FFFA
:1049C0003DE039687868F9F7BBFA38E0396878680B
:1049D000FFF76EFC33E000BF30390220949C0120C9
:1049E00024390220214B5B693969184600F034F9FB
:1049F0000346002B0FD11D4B5B6903F0F003E02B46
:104A000009D0B7F90E3019467868F7F736F9022160
:104A10007868FFF785FD164BB3F8583001339AB22A
:104A2000134BA3F85820124BB3F84E3001339AB20F
:104A30000F4BA3F84E207868F7F764F900BF0B4BD3
:104A400000221A60094B00225A60084B00229A602B
:104A5000064B00229A81054B00221A61034B00226B
:104A60005A61002318461837BD4680BD949C01202A
:104A70003039022080B58AB004AFF860B9607A603E
:104A8000FB70BB687B617B68002B09D0BB68002B87
:104A900003D0BB681B68002B02D1BB6A04337B6167
:104AA000FA78BB6A029397F82430019397F8203084
:104AB000009313467A687969F86800F005F80346B0
:104AC00018461837BD4680BD80B588B000AFF86085
:104AD000B9607A60FB70FB689B7B012B06D0574B5B
:104AE0004FF455725649574801F024FE7B68002B5D
:104AF00068D014237B831421F868F7F73BF803464A
:104B0000002B0AD0504BB3F85C3001339AB24E4BB5
:104B1000A3F85C206FF001038CE0FB685B68FB612D
:104B2000FB685B89132B06D8444B4FF462724749EC
:104B3000444801F0FFFDFB69FA781A72FB6997F8A7
:104B40002C205A727B681A68FB691A617B8B9B0860
:104B50009BB2DBB243F04003DAB2FB691A70FB6927
:104B600097F828205A70FB681B891846F5F7A2FBB6
:104B700003461A46FB695A80FB6900229A7100229B
:104B8000DA71334B1B881846F5F794FB03461A4637
:104B9000FB699A802E4B1B8801339AB22C4B1A80EA
:104BA000BB68002B04D12B4B1A68FB69DA6003E069
:104BB000BB681A68FB69DA60FB6900229A720022FE
:104BC000DA7217E0FB685B89132B0AD81E4BB3F827
:104BD0005C3001339AB21C4BA3F85C206FF00103E8
:104BE00028E0FB685B68FB61FB691B697B6107F17F
:104BF00014037B60144BB3F8483001339AB2124B64
:104C0000A3F848203B6B9B8C002B0CD0FB681A89C7
:104C10003B6B9B8C9A4206D97A68396BF86800F036
:104C200049FF034606E03B6B5B697A68F968386BBD
:104C30009847034618462037BD4680BD8C4C030874
:104C4000C04C0308CC4C030830390220F44C030854
:104C50007E3B02200855030880B485B000AF786021
:104C600039607B68FB607B68B3F1FF3F02D07B68F3
:104C7000002B01D101232AE03B6893F82D3003F08B
:104C80000203002B01D1002321E03B6804331B68A1
:104C90007A689A4201D1002319E0FA683B6804332C
:104CA0001B685A403B6808331B681340002B0DD12A
:104CB0003B6808331B68DA437B681A403B6808335B
:104CC0001B68DB439A4201D1012300E00023184610
:104CD0001437BD465DF8047B704780B584B000AFE3
:104CE000786007F10C031946786800F00BF803466A
:104CF000002B01D0FB6801E04FF0FF33184610375E
:104D0000BD4680BD80B58AB000AF7860396007F1DC
:104D10000C03FB617B681B7887F8223097F8223000
:104D20000133894A13441B7803F00403002B01D19B
:104D3000002305E100237B620A2387F8233097F8DC
:104D40002230302B1CD17B6801337B607B681B7861
:104D500087F8223097F82230782B03D097F822304A
:104D6000582B0AD1102387F823307B6801337B60EE
:104D70007B681B7887F8223002E0082387F823300D
:104D800097F822300133704A13441B7803F0040370
:104D9000002B11D097F823307A6A03FB02F297F8C0
:104DA00022301344303B7B627B6801337B607B683D
:104DB0001B7887F82230E3E797F82330102B27D1B0
:104DC00097F822300133604A13441B7803F0440300
:104DD000002B1DD07B6A1B0197F8222002F10A01EB
:104DE00097F82220013258480244127802F0030258
:104DF000022A01D1612200E041228A1A13437B6218
:104E00007B6801337B607B681B7887F82230B7E7CB
:104E100097F822302E2B14D107F10C030C33FA69CA
:104E20009A4201D300238BE0FB691A1DFA617A6A6A
:104E30001A607B6801337B607B681B7887F82230BF
:104E40006CE700BF97F82230002B0BD097F8223088
:104E500001333D4A13441B7803F00803002B01D1B2
:104E600000236DE007F10C03FA69D31A9B1001339C
:104E7000042B53D801A252F823F000BF914E020830
:104E80002B4F0208954E0208B74E0208E54E020865
:104E9000002355E07B6AB3F1807F01D300234FE00C
:104EA000FB68FF2B01D900234AE0FB681B067A6AE6
:104EB00013437B623AE07B6AB3F5803F01D3002362
:104EC0003EE0FB68FF2B02D83B69FF2B01D9002392
:104ED00036E0FB681A063B691B0413437A6A1343E6
:104EE0007B6223E07B6AFF2B01D9002328E0FB686B
:104EF000FF2B05D83B69FF2B02D87B69FF2B01D91B
:104F000000231DE0FB681A063B691B041A437B69FA
:104F10001B0213437A6A13437B6207E00B4BF922AF
:104F20000B490C4801F006FC00E000BF3B68002B79
:104F300005D0786AF5F7D4F902463B681A60012378
:104F400018462837BD4680BD5C560308244D03082B
:104F5000604D03086C4D030880B582B000AF7860E7
:104F600010220449786800F007F80346184608370D
:104F7000BD4680BD803B022080B48DB000AFF8609C
:104F8000B9607A6000233B62FB681B68BB61BB6849
:104F9000FB6207F11803BB62002387F8273058E053
:104FA000002387F82630BB6A1A78324BA3FB021322
:104FB000D9080B469B000B445B00D31AFB77BB6AF6
:104FC0001B782C4AA2FB0323DB08DAB2BB6A1A70F7
:104FD00097F826305A1C87F826201946FB7F303375
:104FE000DAB201F130033B4403F81C2CBB6A1B7896
:104FF000002BD8D111E03B6A5A1C3A627A689A4277
:1050000001DC002330E097F82620FB6A591CF96286
:1050100030323A4412F81C2C1A7097F826305A1E77
:1050200087F82620002BE6D13B6A5A1C3A627A6840
:105030009A4201DC002317E0FB6A5A1CFA622E2216
:105040001A70BB6A0133BB6297F82730013387F8C7
:10505000273097F82730032BA2D9FB6A013BFB626C
:10506000FB6A00221A70BB6818463437BD465DF8EB
:10507000047B7047CDCCCCCC80B584B000AF00238E
:10508000BB60124B1B68FB6018E0FB68DB7F002BEA
:105090000BD0FB68DB7F013BDAB2FB68DA77FB6899
:1050A000BB60FB681B68FB6008E0FB687B60FB681B
:1050B0001B68FB60B968786800F00AF8FB68002B91
:1050C000E3D100BF00BF1037BD4680BD903B02203A
:1050D00080B588B000AF786039600023FB833A6800
:1050E0007B689A4205D1454BAB224549454801F0C2
:1050F00021FB3B68002B0AD03B681B687A689A4208
:1051000005D03E4BAD2240493E4801F013FB7B6881
:105110005B685B687B617B699B889BB2002B2AD1B3
:105120007B685B68BB617B691A687B685A60BB6996
:1051300058687B6808331422194601F054FD012198
:10514000B869FFF7FDF9B869F6F76AFE03467B8296
:10515000FA8B7B8A1344B3F5803F05DB274BBC22D7
:105160002A49284801F0E6FAFA8B7B8A1344FB832C
:10517000B869F6F7C7FD7B685B68BB611FE0BB6978
:105180005B687B61BB69FB607B691B68BB61F8681E
:10519000F6F746FE03467B82FA8B7B8A1344B3F50F
:1051A000803F05DB154BCC221849164801F0C2FAA6
:1051B000FA8B7B8A1344FB83F868F6F7A3FDBB697F
:1051C000002BDCD13968786800F0CAF8104B1B88D6
:1051D000FA8B9A4205D9094BD2220E49094801F0AF
:1051E000A9FA0B4B1A88FB8BD31A9AB2084B1A8078
:1051F000FB8B18462037BD4680BD00BF944D030889
:10520000D04D0308DC4D0308044E0308184E030874
:10521000943B0220384E030880B58AB000AF786016
:10522000396000237B6100233B620023FB61002384
:10523000BB6100233B61284B1B687B6230E07B6ACB
:105240005A697B68DB689A420CD17B6A9A697B68F1
:105250001B699A4206D17B6A9A897B689B889BB2BC
:105260009A4214D03B6901333B613B6A002B04D165
:105270007B6A3B62FB69BB6109E07B6ADA7F3B6A60
:10528000DB7F9A4203D87B6A3B62FB69BB617B6A26
:105290001B68002B01D07B6AFB617B6A1B687B6209
:1052A0007B6A002BCBD13B6A002B08D0B969386AE6
:1052B000FFF70EFFF8607A69FB6813447B617A6937
:1052C0003B689A4202DA3B69012BACDC7B691846E9
:1052D0002837BD4680BD00BF903B022080B584B01A
:1052E00000AF786039600420F5F782FDF860FB6854
:1052F000002B16D139687868FFF78EFF02463B68AD
:10530000934203DC0420F5F773FDF860FB68002B83
:1053100007D1114B9B8F01339AB20F4B9A87002311
:1053200016E020220021F86801F0F5FAFB680F2250
:10533000DA770A4B1A68FB681A60084AFB68136040
:10534000FB68083314227968184601F04CFCFB68AE
:1053500018461037BD4680BD30390220903B0220F0
:1053600080B582B000AF78603960104B1B687A68F6
:105370009A4204D17B681B680C4A13600DE03B68BD
:10538000002B06D10A4B40F245120A490A4801F0A7
:10539000D1F97B681A683B681A6079680420F5F7D0
:1053A000A3FD00BF0837BD4680BD00BF903B022073
:1053B000944D03085C4E0308DC4D030880B58CB0A7
:1053C00000AFF860B9607A600023BB6201233B62E2
:1053D000BB685B68FB61FB695B889BB21846F4F7AE
:1053E00069FF03467B83FB691B7803F00F03DBB285
:1053F0009B007B767B7E9BB27A8B9A4202D24FF0E7
:10540000FF3335E17B7E9BB27A8BD31A7B83FB69BA
:10541000DB889BB21846F4F74DFF0346C3F30C0339
:105420009BB2DB00FB82BB685B68FB62FB6A00220D
:105430001A7000225A7000229A700022DA70FB6AF9
:10544000FA8A9A80FA8A7B8B13449AB2FB6ADA80D2
:10545000FB6ADB889BB2FA8A9A4202D94FF0FF338B
:1054600006E1FB685B687B6268E07B6A5B683B61C6
:10547000FB6A9B889AB23B699B889BB29A4235D261
:10548000FB6A7A6A1A60BB6A002B20D0FB6A9B8891
:105490009AB2BB6ADB889BB29A4207D3FB6ADB886D
:1054A0009AB23B699B889BB29A4202D94FF0FF3374
:1054B000DEE0BB6ABA681A60BB6ADB889AB2FB6A34
:1054C0009B889BB29A423DD000233B623AE0FB6A44
:1054D000DB889AB23B699B889BB29A4202D94FF013
:1054E000FF33C5E0FB68BA685A602BE0FB6A9B8813
:1054F0009AB23B699B889BB29A4202D14FF0FF332C
:10550000B6E0FB6A9B889AB23B69DB889BB29A4201
:1055100002D24FF0FF33ABE0BB6A002B09D0BB6A6D
:10552000DB889AB23B699B889BB29A4201D00023E8
:105530003B623B691B687B623B69BB627B6A002BF9
:1055400093D100E000BF7B6A002B2DD1BB6A002BFA
:105550001CD0BB6ADB889AB2FB6A9B889BB29A42DA
:1055600006D9454B4FF4DB724449454801F0E2F857
:10557000BB6ABA681A60BB6ADB889AB2FB6A9B880E
:105580009BB29A4210D000233B620DE0FB685B683F
:10559000002B06D0384B4FF4DF723A49384801F0FF
:1055A000C9F8FB68BA685A607B68002B05D1FB68B4
:1055B0009B7F03F00103002B59D03B6A002B4FD097
:1055C000FB685B68002B06D0FB685B685B689B88A8
:1055D0009BB2002B02D000233B6241E0FB6ABB621E
:1055E000FB6A1B687B6212E07B6A5B68FB62BB6ADA
:1055F000DB889AB2FB6A9B889BB29A4202D0002356
:105600003B6207E0FB6ABB62FB6A1B687B627B6AEA
:10561000002BE9D13B6A002B22D0FB685B68002B92
:1056200006D1154B40F2DF121749154801F082F8F8
:10563000FB685B685B68FA6A9A4206D10E4B4FF4CE
:10564000F07211490E4801F075F8FB6A1B68002BD7
:1056500006D0094B4FF4F1720C49094801F06AF881
:105660003B6A002B14BF01230023DBB200E00023C0
:1056700018463037BD4680BD944D0308784E030868
:10568000DC4D0308984E0308D04E0308E04E030893
:1056900080B58EB000AF78609D4B5B8E01339AB2BF
:1056A0009B4B5A867B685B68BB62BB6A1B7803F0C6
:1056B0000F03DBB29B00DBB2142B08D0944BB3F882
:1056C000443001339AB2924BA3F844207CE1BB6A88
:1056D000DB889BB21846F4F7EDFD0346C3F30C03D9
:1056E0009BB2DB00FB84BB6A5B889BB21846F4F775
:1056F000E1FD0346BB84BB6A1B7803F00F03DBB2FA
:105700009B0087F8233097F823309BB2BA8C9A42DB
:10571000C0F0578197F823309BB2BA8CD31ABB8460
:105720007868F6F77DFB03463B847A4B1B881A4664
:105730003B8C13440A2B15DD3B8C1946B86AFFF7E6
:105740006BFD0346002B06D0724B1B881A463B8C20
:1057500013440A2B06DD6E4B9B8F01339AB26C4BC0
:105760009A8731E16C4B1B683B631EE03B6B5A69C7
:10577000BB6ADB689A4215D13B6B9A69BB6A1B69AD
:105780009A420FD13B6B9A89BB6A9B889BB29A4223
:1057900008D15F4BB3F8463001339AB25C4BA3F8A3
:1057A000462005E03B6B1B683B633B6B002BDDD168
:1057B0003B6B002B09D13B8C1946B86AFFF78EFD75
:1057C00038633B6B002B1CD1FEE0BB6ADB889BB2CD
:1057D0001846F4F76FFD0346C3F30C03002B10D1FA
:1057E0003B6BDB891846F4F765FD0346C3F30C03F6
:1057F000002B06D03B6B08331422B96A184601F01F
:10580000F2F9BB6ADB889BB203F02003002B0CBFCC
:1058100001230023DBB2FB61FB69002B0ED0FA8C65
:10582000BB8C13447B837A8BFB8C9A42C0F0A7809D
:105830007B8B4FF6EB72934200F2A180FA69796894
:10584000386BFFF7BBFD78617B69B3F1FF3F00F078
:105850009880304B1A883B8C13449AB22D4B1A8097
:10586000FB69002B0DD0FA8CBB8C13447B823B6B05
:105870007A8A9A833B6B9B7F43F00103DAB23B6BDE
:105880009A777B69012B78D13B6B9B8B14333B82DE
:105890003B6B5B685B681B687B633B6B5B685B684F
:1058A000BB623B6B083314221946B86A01F09BF9BE
:1058B0003B8A1846F4F7FEFC03461A46BB6A5A8038
:1058C000BB6A00229A710022DA71BB6A00229A72C6
:1058D0000022DA723B6B5B687B600DE07B6B5B6880
:1058E000FB601421786BF6F755F9796B7868F6F759
:1058F000D7FAFB681B687B637B6B002BEED1064BF2
:105900001B683A6B9A4209D10023FB6217E000BF83
:1059100030390220943B0220903B0220314B1B681F
:10592000FB6207E0FB6A1B683A6B9A4206D0FB6A8F
:105930001B68FB62FB6A002BF4D100E000BFF96A30
:10594000386BFFF70DFD7868F6F76AFA03463B847B
:10595000254B1B883A8C9A4206D9244B40F29B2255
:105960002349244800F0E6FE1F4B1A883B8CD31ACB
:105970009AB21D4B1A807B6830E000232EE000BFF6
:1059800000E000BF3B6B002B06D1184B4FF42A728E
:105990001949184800F0CEFE3B6B5B68002B12D112
:1059A000104B1B683A6B9A4206D0104B40F2AB2268
:1059B0001249104800F0BEFE0021386BFFF7D0FC02
:1059C00002E000BF00E000BF0D4BDB8E01339AB256
:1059D0000B4BDA867868F6F795F9002318463837C6
:1059E000BD4680BD903B0220943B0220944D0308AD
:1059F000044F0308DC4D0308204F03082C4F030815
:105A00003039022080B500AF0520F5F7F1F90346E3
:105A1000184680BD80B582B000AF78607B68002BEF
:105A200006D1074B4FF431720649074800F082FE59
:105A300079680520F5F758FA00BF0837BD4680BDE4
:105A4000944D03084C4F0308DC4D030880B584B027
:105A500000AF78607B68FB60FB68002B06D1114BC0
:105A600040F2CE221049114800F064FEFA687B68CB
:105A70009A4206D00B4B40F2CF220D490B4800F062
:105A800059FEFB685B69002B04D0FB685B69184614
:105A9000F6F738F9F868FFF7BDFF00BF1037BD46CD
:105AA00080BD00BF944D0308584F0308DC4D030828
:105AB000644F030880B594B002AFF860B9607A60B3
:105AC0000023A7F84630BB689B8C143B002B00DA00
:105AD0000733DB107B871423FB87FB685B687B63E2
:105AE0007B6B3B633B6B1B7803F00F03DBB29B00CC
:105AF000DBB2142B02D06FF0050316E1FB685B8963
:105B0000132B09D88B4B4FF43F728B498B4800F015
:105B100011FE6FF0050308E13B6BDB889BB2184672
:105B2000F4F7C8FB0346BB87BB8FC3F30C03A7F88E
:105B30004030BB8F03F40053FB62FB681B89143BAE
:105B4000A7F84230E7E07B8FDB009BB2B7F842203A
:105B5000934228BF13467B854FF4207214210E20F8
:105B6000F5F7BAFD78627B6A002B00F0DB807B6A78
:105B70005B89132B06D86F4B4FF4497270496F48FD
:105B800000F0D8FD7B6A5B681422796B184601F03F
:105B90002AF87B6A5B683B637B8DA7F8443064E03E
:105BA000FB685A89FB8FD31AFB83FB685B89FA8FEA
:105BB0009A4206D95F4B40F22D3262495F4800F0AD
:105BC000B9FDFA8BB7F84430934228BF1346A7F8C3
:105BD0004630B7F84630002B05D10023FB87FB6821
:105BE0001B68FB6041E0FFF70DFFB861BB69002B4C
:105BF00003D1786AF6F786F895E0B869FB685A68C9
:105C0000FB8F1344B7F84610B7F846200192009373
:105C1000034641220020F5F789FE78617B69002B5D
:105C200006D1B869FFF7F6FE786AF6F76BF87AE006
:105C3000F868F6F70DF9BB69FA685A61BB69424A20
:105C40001A617969786AF6F72BF9B7F84420B7F842
:105C50004630D31AA7F84430B7F84430002B04D0AC
:105C60000023FB87FB681B68FB60B7F84430002B00
:105C700096D1FA8FB7F846301344FB87BB689B8CEC
:105C8000A3F11302B7F842309A42CCBF012300239C
:105C9000DBB23B62B7F84030C3F30C03BB873B6A0F
:105CA000002B02D0FB6A002B03D0BB8F43F40053C0
:105CB000BB87BB8F1846F4F7FDFA03461A463B6BC9
:105CC000DA807B8D14339BB21846F4F7F3FA03465F
:105CD0001A463B6B5A803B6B00229A720022DA72A2
:105CE000BB685B697A68796AB8689847174B1B8EFE
:105CF00001339AB2154B1A86786AF6F703F8B7F8AB
:105D000042207B8DD31AA7F84230B7F840207B8F12
:105D10001344A7F84030B7F84230002B7FF413AF9C
:105D2000002302E000BF4FF0FF3318464837BD465E
:105D300080BD00BF944D0308704F0308DC4D03087D
:105D40008C4F0308AC4F03084D5A0208303902202B
:105D500080B586B000AF786039600E23FB827B6827
:105D60005B890E2B0CD8514B1B8D01339AB24F4BD4
:105D70001A854E4BDB8B01339AB24C4BDA838DE0A4
:105D80007B68DB7B002B06D13B6893F83030013316
:105D9000DAB27B68DA737B685B683B613B691A7BCC
:105DA0005B7B1B021343FB813B691B7803F0010300
:105DB000002B23D03B691B78012B0FD13B695B780B
:105DC000002B1BD13B699B785E2B17D17B685B7BDB
:105DD00043F01003DAB27B685A730FE03B69062286
:105DE0003349184600F06EFD0346002B06D17B6850
:105DF0005B7B43F00803DAB27B685A73FB89082B9C
:105E000003D0B3F5C16F14D034E03B6893F82D3064
:105E100003F00803002B3CD0FB8A19467868F5F79D
:105E2000B9FE0346002B36D139687868FEF7B0FC1E
:105E30002DE03B6893F82D3003F00803002B2CD0A5
:105E4000FB8A19467868F5F7A5FE0346002B0CD0AF
:105E5000164B5B8C01339AB2144B5A84134BDB8B79
:105E600001339AB2114BDA8318E039687868FDF78C
:105E7000BBFD0CE00D4B1B8D01339AB20B4B1A8509
:105E80000A4BDB8B01339AB2084BDA8306E000231E
:105E900008E000BF02E000BF00E000BF7868F5F74F
:105EA00031FF002318461837BD4680BD3039022027
:105EB0000C55030880B586B000AFF860B9607A6011
:105EC0003B603B8C1846F4F7F5F90346FB820E2144
:105ED000B868F5F74FFE0346002B25D1BB685B6819
:105EE0003B613B69FA8A9A813B6906223968184608
:105EF00000F079FE3B69063306227968184600F007
:105F000072FEFB6893F82C30062B06D00D4B4FF435
:105F100099720D490D4800F00DFCFB689B69B9684A
:105F2000F8689847034608E000BF094B5B890133D6
:105F30009AB2074B5A816FF0010318461837BD46D5
:105F400080BD00BFBC4F0308F44F0308285003086E
:105F50003039022080B586B000AF786039603B6888
:105F6000BB600423FB6000233B6100237B6107F1DE
:105F7000080300211846EDF74EFA02467B681A60C6
:105F8000104BB3F8F43001339AB20E4BA3F8F4205F
:105F90000C4BB3F8F6200B4BB3F8F4309A4205D211
:105FA000084BB3F8F420074BA3F8F6207B681B6876
:105FB000002B02D14FF0FF3300E0002318461837C2
:105FC000BD4680BD3039022080B582B000AF786018
:105FD0007B681B681846EDF7FBFA0346002B07D0D9
:105FE0000C4BB3F8F83001339AB20A4BA3F8F820FF
:105FF0007B681B681846EDF701FB064BB3F8F430DD
:10600000013B9AB2034BA3F8F42000BF0837BD460A
:1060100080BD00BF3039022080B584B000AF786009
:1060200039607B681B68396800221846EDF71CFA56
:106030000346002B02D10023FB7309E0FF23FB730F
:10604000064BB3F8F83001339AB2044BA3F8F820AA
:1060500097F90F3018461037BD4680BD3039022001
:1060600080B58CB000AFF861B9617A61ECF75FFF81
:10607000F8627B69002B17D0FB69196807F12003D0
:106080007A691846EDF730FA3B6A102B09D17B6A22
:106090001A46BB691A60ECF74AFF0246FB6AD31A3C
:1060A00019E04FF0FF3316E0FB6919683B464FF0EB
:1060B000FF321846EDF718FA07F120033A4607CAEF
:1060C00083E807007B6A1A46BB691A60ECF72FFF6A
:1060D0000246FB6AD31A18463037BD4680BD80B5EC
:1060E00086B000AF786039607B68196807F10C03EF
:1060F00000221846EDF7F8F9FB68102B05D13B6933
:106100001A463B681A60002301E04FF0FF3318463F
:106110001837BD4680BD80B483B000AF78607B681F
:106120001B68002B01D1002300E0012318460C3727
:10613000BD465DF8047B704780B483B000AF7860E3
:106140007B6800221A6000BF0C37BD465DF8047BF7
:106150007047000080B584B000AF78600B46FB70DC
:106160000023BB600023FB6007F1080301211846F0
:10617000EDF788F802467B681A607B681B68002B85
:106180000AD1174BB3F8EC3001339AB2144BA3F891
:10619000EC204FF0FF331FE0FB78002B05D17B682C
:1061A0001B6800211846EDF79FF80D4BB3F8E83057
:1061B00001339AB20A4BA3F8E820094BB3F8EA205E
:1061C000074BB3F8E8309A4205D2054BB3F8E82004
:1061D000034BA3F8EA20002318461037BD4680BDC4
:1061E0003039022080B584B000AF78603960ECF7B8
:1061F0009EFEF8603B68002B11D07B681B683968F5
:106200001846EDF771F80346002B05D1ECF78FFE29
:106210000246FB68D31A12E04FF0FF330FE000BFD5
:106220007B681B684FF0FF311846EDF75DF80346B9
:10623000002BF5D1ECF77BFE0246FB68D31A18461B
:106240001037BD4680BD80B582B000AF78607B68F6
:106250001B681846EDF796F800BF0837BD4680BDAD
:1062600080B582B000AF7860084BB3F8E830013BEE
:106270009AB2064BA3F8E8207B681B681846EDF736
:10628000B7F800BF0837BD4680BD00BF30390220D7
:1062900080B483B000AF78607B681B68002B01D1AD
:1062A000002300E0012318460C37BD465DF8047B4F
:1062B000704780B483B000AF78607B6800221A60BA
:1062C00000BF0C37BD465DF8047B704780B500AF5A
:1062D0000348ECF73BFF0346024A136000BF80BD52
:1062E0001C550308983B022080B584B000AF78604D
:1062F0000023BB600023FB6007F108031846ECF79E
:1063000025FF02467B681A607B681B68002B0AD158
:10631000124BB3F8F23001339AB2104BA3F8F220CB
:106320004FF0FF3316E00D4BB3F8EE3001339AB265
:106330000A4BA3F8EE20094BB3F8F020074BB3F853
:10634000EE309A4205D2054BB3F8EE20034BA3F88A
:10635000F020002318461037BD4680BD303902209A
:1063600080B582B000AF78607B681B684FF0FF316A
:106370001846ECF703FF00BF0837BD4680BD80B567
:1063800082B000AF78607B681B681846ECF744FF6A
:1063900000BF0837BD4680BD80B58CB000AFF86047
:1063A000B9607A603B6007F1140300221A605A60FA
:1063B0009A60DA601A615A619A61FB687B61BB6816
:1063C000BB61BB6B1BB2BB833B687B6207F11403F1
:1063D00079681846ECF7BBFD034618463037BD46D2
:1063E00080BD000080B500AF044B1B684FF0FF314B
:1063F0001846ECF7C3FE0123184680BD983B0220E7
:1064000080B582B000AF7860044B1B681846ECF78B
:1064100003FF00BF0837BD4680BD00BF983B022088
:106420000A22002100F0B8B8164B10B51C68226B88
:10643000B2B9182000F04EFC0246206320B9124B7E
:106440001248522100F0DEFB1149124BC0E9001343
:10645000114B83600B23838100210120C2E90401D9
:1064600013690E4854690E49584301FB0400A3FB0D
:106470000131013340EB0100C2E9043020F000405B
:1064800010BD00BFA0010020245503083B550308A0
:106490000E33CDAB34126DE6ECDE05002DF4515811
:1064A0002D7F954C242B2DE9F0478646904601D848
:1064B000012B06D100F06AFB162303600020BDE823
:1064C000F08734480D462A4615F8014B065D16F054
:1064D0000806F8D12D2C10D12C780126951C33F00C
:1064E000100215D1302C0DD12A7802F0DF02582A83
:1064F00008D16C78023510230AE02B2C04BF2C78CD
:10650000951CECE7002BF6D1302C14BF0A2308238E
:1065100006F1004C0CF1FF3C0022BCFBF3F91046E5
:1065200003FB19CAA4F13007092F0FD83C46A34238
:106530001BDD571C07D0814514D301D1A24511DBC7
:1065400000FB0340012215F8014BEBE7A4F14107E2
:10655000192F01D8373CEAE7A4F16107192F04D8B5
:10656000573CE4E74FF0FF32EDE7531C08D12223FC
:10657000CEF800306046B8F1000FA0D0691E06E0EA
:1065800006B14042B8F1000F99D0002AF6D1C8F800
:10659000001094E75D56030813460A460146024878
:1065A0000068FFF77FBF00BFA0010020002310B5E7
:1065B0000446C0E90033C0E9043383608181436647
:1065C000C2818361194608225C3000F0A4F90D4BAA
:1065D00063620D4BA3620D4BE3620D4B23630D4BC6
:1065E00024629C4206D003F16802944202D0D03368
:1065F0009C4205D104F15800BDE8104000F0F0BA0B
:1066000010BD00BFC5670208E76702081F680208DF
:10661000456802089C3B0220024A0349034800F0F7
:106620006BB800BF9401002099770208A4010020F4
:1066300041680C4B994210B5044601D001F0ACF80A
:10664000A168094B994202D0204601F0A5F8E16803
:10665000064B994204D02046BDE8104001F09CB89A
:1066600010BD00BF9C3B0220043C02206C3C022079
:106670000C4B0D4A0D4810B504211A600022FFF79B
:1066800095FF0A4B01221C46092103F16800FFF720
:106690008DFF04F1D0000222BDE810401221FFF767
:1066A00085BF00BFD43C0220196602089C3B022033
:1066B000014800F096BA00BFDD3C0220014800F01E
:1066C00091BA00BFDD3C022010B50446FFF7F0FF91
:1066D000236A1BB1BDE81040FFF7F0BF044B2362F3
:1066E000044B1B68002BF5D1FFF7C2FFF2E700BF98
:1066F00031660208D43C02202DE9F843074688465B
:1067000014460026D4E90195B9F1010905D524689C
:10671000002CF7D13046BDE8F883AB89012B07D9AF
:10672000B5F90E30013303D029463846C047064339
:106730006835E9E70FB407B5064904AB086853F8B4
:10674000042B8168019300F0FDFC03B05DF804EBBD
:1067500004B07047A00100200CB430B5184B0C1EDB
:106760001D689DB008DA8B232B604FF0FF301DB001
:10677000BDE8304002B070474FF40273ADF81430FA
:106780004FF000031B9314BF04F1FF33234604931F
:1067900007934FF6FF7302900690ADF81630209ADB
:1067A00021AB02A92846019300F0AAFB431CBCBF01
:1067B0008B232B60002CDAD0029B00221A70D6E7C4
:1067C000A001002010B50C46B1F90E1000F0BAF986
:1067D0000028ABBF636DA3891B1823F48053ACBFA3
:1067E0006365A38110BD2DE9F0411F468B89DB0550
:1067F00005460C46164605D5B1F90E1002230022B7
:1068000000F08EF9A389B4F90E1023F48053A3810C
:1068100032463B462846BDE8F04100F0A5B910B528
:106820000C46B1F90E1000F07BF9B4F90C30421CA3
:106830000BBF23F4805343F48053A381A38118BF7B
:10684000606510BDB1F90E1000F0FCB830B514460B
:10685000002C9BB005461A4605DA8B2303604FF0E7
:10686000FF301BB030BD4FF40273ADF80C304FF069
:106870000003199314BF04F1FF33234602930593D9
:106880004FF6FF7300910491ADF80E3069461E9BE0
:1068900000F036FB431CBCBF8B232B60002CE0D0E8
:1068A000009B00221A70DCE707B5009313460A46E6
:1068B000014603480068FFF7C9FF03B000BD00BFF1
:1068C000A001002010B501390244904201D10020FE
:1068D00005E0037811F8014FA34201D0181B10BD49
:1068E0000130F2E7884210B501EB020402D984427C
:1068F000234607D8431EA14207D011F8012B03F805
:10690000012FF8E70244824200D110BD13F8011DA7
:1069100002F8011DF7E702440346934200D1704795
:1069200003F8011BF9E710B50139034632B111F83C
:10693000014F03F8014B013A002CF7D11A44002112
:10694000934200D110BD03F8011BF9E71B4B2DE961
:10695000F0411C68656C06460F463DBB502000F0B8
:10696000B9F90246606420B9154B16485B2100F066
:1069700049F98560626CC0E90055C2E90355626C53
:10698000C2E90555626CC2E90A55626CC2E90C5550
:10699000626CC2E90E55626CC2E91055626CC2E9C4
:1069A0001255626C15772B46656C6B622A46394628
:1069B00030460123BDE8F04100F006B8A0010020F8
:1069C0002455030893550308F0B5044608B9146824
:1069D00044B1204614F8015B0F4617F8016B1EB94D
:1069E00065B91560002005E0B542F6D1002BF0D165
:1069F00014600370F0BD1C460CE01DB9274614F866
:106A0000013B0E4616F8015BAB42F6D1002BF2D0EB
:106A100000233B701460EDE70A7870B56AB970BD69
:106A20009A4209D10C46054614F8013F002BF6D0D6
:106A300015F8016F9E42F7D001300378002BEFD19B
:106A40001846ECE738B5064D0023044608462B608F
:106A5000E0F7F0FB431C02D12B6803B1236038BD83
:106A6000D83C02202D4B1B68834270B5044653D09E
:106A7000C3691BB3DB6863B10025E369DB6859595F
:106A8000B1B90435802DF8D1E3692046D96800F00A
:106A9000D7F8E369196811B1204600F0D1F8E3692D
:106AA0009D685DB1294620462D6800F0C9F8F8E7D9
:106AB0000E68204600F0C4F83146E1E7616911B183
:106AC000204600F0BDF8E16911B1204600F0B8F8A9
:106AD000216B11B1204600F0B3F8616B11B1204673
:106AE00000F0AEF8A16B11B1204600F0A9F8A16C3E
:106AF00011B1204600F0A4F8616C11B1204600F0FD
:106B00009FF8E16A11B1204600F09AF8236A1BB1A0
:106B10002046BDE87040184770BD00BFA0010020AE
:106B200038B5074D04460846114600222A601A4629
:106B3000E0F7A7FB431C02D12B6803B1236038BDEB
:106B4000D83C022038B5074D0446084611460022BD
:106B50002A601A46E0F735FB431C02D12B6803B1CB
:106B6000236038BDD83C022038B5074D044608469E
:106B7000114600222A601A46E0F740FB431C02D16E
:106B80002B6803B1236038BDD83C0220014B186844
:106B9000704700BFA001002070B50D4B0D4D5B1B71
:106BA0009C100026A64209D101F012F90A4D0B4BA8
:106BB0005B1B9C100026A64205D170BD55F8043B16
:106BC00098470136EEE755F8043B98470136F2E75F
:106BD0007057030870570308705703087457030869
:106BE0007047704770470A44914200F1FF3300D16B
:106BF000704710B511F8014B03F8014F9142F9D1DC
:106C000010BD00001FB514461A46094B1B68054607
:106C1000D8684CB1074B0091CDE9013406492B46A9
:106C200000F0E2FD00F094FE044B1C46F3E700BFC9
:106C3000A0010020ED550308FA5503082856030863
:106C400038B50546002941D051F8043C0C1F002BF3
:106C5000B8BFE41800F0E8F81D4A136833B9636060
:106C600014602846BDE8384000F0E4B8A34208D9D3
:106C7000206821188B4201BF19685B6809182160E0
:106C8000EDE71A465B680BB1A342FAD911685018B8
:106C9000A0420BD120680144501883421160E0D11A
:106CA00018685B68536008441060DAE702D90C2367
:106CB0002B60D6E7206821188B4204BF19685B68F7
:106CC000636004BF091821605460CAE738BD00BF83
:106CD000E43C0220024B0146186800F025B800BFD2
:106CE000A001002070B50F4E0C463168054611B961
:106CF00000F01EFE30602146284600F019FE431CBD
:106D000003D14FF0FF34204670BDC41C24F00304AF
:106D1000A042F8D0211A284600F00AFE0130F2D134
:106D2000EFE700BFE03C02202DE9F843CD1C25F041
:106D3000030508350C2D38BF0C25002D064601DB58
:106D4000A94204D90C2333600020BDE8F883DFF8A2
:106D5000D48000F069F8D8F800301C4644BB2946BE
:106D60003046FFF7BFFF431C044658D1D8F8004017
:106D70002746002F43D1002C4BD02368394630469C
:106D800004EB030900F0D4FD814542D121686D1A5E
:106D900029463046FFF7A6FF01303AD023682B443E
:106DA0002360D8F800305A6862BBC8F800700FE062
:106DB0002268521B20D40B2A17D96119A3422560DF
:106DC00018BF5960636808BFC8F8001062514B6073
:106DD000304600F02FF804F10B00231D20F00700CF
:106DE000C21A1CBF1B1AA350AFE76268A3420CBFB4
:106DF000C8F800205A60EBE723466468AEE73C46DB
:106E00007F68B6E71A465B68A342FBD10023536054
:106E1000DEE70C233360304600F00CF894E70560A1
:106E2000D6E700BFE43C02200148FFF7DABE00BF0E
:106E3000DC3C02200148FFF7D5BE00BFDC3C02204D
:106E40002DE9F0478E681F46BE4282460C469046AA
:106E5000334653D8B1F90C0010F4906F2BD065690C
:106E60002368096905EB4505A3EB010905EBD57519
:106E70007B1C6D104B44AB422A4684BF1D462A46FC
:106E8000430527D511465046FFF74EFF064658B337
:106E900021694A46FFF7A7FEA38923F4906343F0D4
:106EA0008003A381266165614E44A5EB0905266038
:106EB000A5603E463B461F4620683A464146FFF7DE
:106EC00011FDA3689B1BA36023683B442360002043
:106ED000BDE8F087504600F042FD06460028E1D1AB
:106EE00021695046FFF7ACFE0C23CAF80030A38995
:106EF00043F04003A3814FF0FF30E9E73E46DBE774
:106F00002DE9F0471F468B891B069CB006460D46AF
:106F1000144610D50B6973B94021FFF705FF2860AF
:106F2000286130B90C2333604FF0FF301CB0BDE84E
:106F3000F08740236B610023099320238DF82930CB
:106F400003973023654F8DF82A304FF00108234610
:106F5000994613F8012B0AB1252AF9D1B9EB040A95
:106F60000BD05346224629463046FFF769FF0130D1
:106F700000F0A480099A5244099299F80030002B3D
:106F800000F09C8000234FF0FF32CDE9052309F18A
:106F90000109049307938DF853301A934C464F48D8
:106FA00014F8011B0522D9F763F9049BD0B9D80660
:106FB00044BF20228DF85320190744BF2B228DF89F
:106FC000532099F800202A2A13D0079A4C46002013
:106FD0004FF00A0C214611F8013B303B092B49D9EF
:106FE00068B913E0C01B08FA00F018430490A146EA
:106FF000D4E7039A111D12680391002A01DB07925E
:1070000004E0524243F002030792049323782E2BAC
:107010000AD163782A2B32D1039B1A1D1B68039275
:1070200043EAE37302340593DFF8C090217803222A
:107030004846D9F71DF938B1049BA0EB090040225E
:10704000824013430134049314F8011B24488DF843
:1070500028100622D9F70CF9002835D0214818BB92
:10706000039B073323F0070308330393099B03446F
:1070700009936CE70CFB02320C460120AAE70023BF
:107080000134059319464FF00A0C204610F8012BE5
:10709000303A092A03D9002BC6D00591C4E70CFB6E
:1070A000012104460123F0E703AB00932A460E4B6F
:1070B00004A93046AFF30080421CD7D1AB895B06F0
:1070C0003FF532AF099831E703AB00932A46064BF0
:1070D00004A9304600F0B8F9EEE700BF29560308CE
:1070E0003356030800000000416E02082F560308C3
:1070F0009368013B002B10B4936008DA9469A342B3
:1071000001DB0A2903D15DF8044B00F07FBB136853
:10711000581C1060197008465DF8044B7047F8B5AC
:1071200006460F461446D518AC4201D1002007E0B0
:1071300014F8011B3A463046FFF7DAFF431CF3D13F
:10714000F8BD00002DE9F0470D469CB014461F46DF
:10715000064618B1036A0BB9FFF7B6FA6B6ED9078A
:1071600005D4AB899A0502D4A86DFFF73AFDAB8927
:107170001B0701D52B699BB92946304600F084FBDB
:1071800070B16B6EDC0704D54FF0FF301CB0BDE86A
:10719000F087AB899805F7D4A86DFFF723FDF3E7D7
:1071A0000023099320238DF82930039730236A4F59
:1071B0008DF82A304FF001082346994613F8012B29
:1071C0000AB1252AF9D1B9EB040A0BD0534622465D
:1071D00029463046FFF7A3FF013000F0A480099A4A
:1071E0005244099299F80030002B00F09C80002353
:1071F0004FF0FF32CDE9052309F10109049307930C
:107200008DF853301A934C46534814F8011B05224D
:10721000D9F72EF8049BD0B9D90644BF20228DF8A7
:1072200053201A0744BF2B228DF8532099F80020D1
:107230002A2A13D0079A4C4600204FF00A0C214608
:1072400011F8013B303B092B49D968B913E0C01B49
:1072500008FA00F018430490A146D4E7039A111DE0
:1072600012680391002A01DB079204E0524243F0C6
:1072700002030792049323782E2B0AD163782A2BDA
:1072800032D1039B1A1D1B68039243EAE373023455
:107290000593DFF8D490217803224846D8F7E8FF19
:1072A00038B1049BA0EB0900402282401343013413
:1072B000049314F8011B29488DF828100622D8F7EA
:1072C000D7FF00283ED0264818BB039B073323F086
:1072D000070308330393099B034409936CE70CFBF2
:1072E00002320C460120AAE7002301340593194617
:1072F0004FF00A0C204610F8012B303A092A03D926
:10730000002BC6D00591C4E70CFB012104460123E4
:10731000F0E703AB00932A46124B04A93046AFF3C3
:107320000080431CD7D16B6ED90705D4AB899A0571
:1073300002D4A86DFFF756FCAB895B063FF524AF7E
:10734000099823E703AB00932A46064B04A930466D
:1073500000F07AF8E5E700BF295603083356030822
:10736000000000001F7102082F5603082DE9F047A6
:10737000164698468A680B69DDF820909342B8BF9C
:107380001346336091F8432007460C460AB1013397
:1073900033602368990642BF33680233336025683F
:1073A00015F0060506D104F1190AE36832689B1A44
:1073B000AB4226DC94F843302268003B18BF01231F
:1073C00092062BD404F1430241463846C8470130A7
:1073D0001ED02368226903F00603042B02BFE56870
:1073E0003368ED1AA3680CBF25EAE57500259342C2
:1073F000C4BF9B1AED1800261A34B5421AD10020DA
:1074000008E00123524641463846C847013003D1BF
:107410004FF0FF30BDE8F0870135C6E7E1185A1C90
:10742000302081F84300224494F8451082F843103C
:107430000233C7E70123224641463846C847013098
:10744000E6D00136D9E700002DE9F0430D7E85B086
:10745000782D90460C9E07460C46994601F1430252
:1074600007D8622D0AD8002D00F0D780582D00F0E3
:10747000BC8004F1420684F842503BE0A5F163036E
:10748000152BF6D801A151F823F000BFE5740208CE
:10749000F9740208737402087374020873740208A2
:1074A00073740208F9740208737402087374020892
:1074B00073740208737402080176020823750208C7
:1074C000B375020873740208737402082376020805
:1074D0007374020823750208737402087374020837
:1074E000BB75020833681A1D1B68326004F142063E
:1074F00084F842300123A1E033682068191D31600F
:10750000060601D51D6803E04506FBD5B3F900501A
:10751000002D03DA2D236D4284F843305B480A23A3
:1075200011E021683368080653F8045B02D4490669
:1075300048BFADB23360237E54486F2B5CD1082323
:10754000002184F843106668A660002E05DB2168E0
:107550002E4321F00401216050D01646B5FBF3F113
:1075600003FB115C10F80CC006F801CDAC46634576
:107570000D46F3D9082B0BD12368DB0708D5236907
:1075800061689942DEBF302306F8013C06F1FF3600
:10759000921B2261CDF80090434603AA214638464B
:1075A000FFF7E4FE01304ED14FF0FF3005B0BDE8EB
:1075B000F083236843F0200323603548782584F85E
:1075C00045502368316813F0800F51F8045B03D1F4
:1075D00013F0400F18BFADB23160D90744BF43F07C
:1075E000200323601DB11023AAE72848E7E723689A
:1075F00023F020032360F6E70A23A1E71646B9E744
:10760000336825686169181D30602E061B6801D536
:10761000196002E06806FBD5198000232361164635
:10762000B8E733681A1D32601E6862680021304670
:10763000D8F71EFE08B1801B6060636823610023D9
:1076400084F84330A6E72369324641463846C847A6
:107650000130A9D023689B0713D4E068039B9842AC
:10766000B8BF1846A2E70123324641463846C8470C
:10767000013099D00135E36803995B1AAB42F2DC23
:10768000EBE7002504F11906F5E700BF3A560308B9
:107690004B560308B1F90C202DE9F04116070546B9
:1076A0000C4651D44B68002B02DC0B6C002B49DDDF
:1076B000E66A002E46D0002312F480522F682B6019
:1076C00031D0626DA389590705D56368D21A636BFF
:1076D0000BB1236CD21A0023E66A216A2846B04710
:1076E000421CB4F90C3006D129681D2946D8294A14
:1076F000CA40D60742D500226260D90422692260BE
:1077000004D5421C01D12B6803B96065616B2F6001
:10771000C1B104F14403994202D02846FFF790FA20
:10772000002363630EE0216A01232846B047024626
:10773000501CC7D12B68002BC4D01D2B01D0162B99
:107740001AD12F6000201EE00F69002FFAD0930796
:107750000E6808BF4B690F6018BF0023A6EB07082F
:107760008B60B8F1000FEDDD216AA66A43463A4608
:107770002846B047002808DCB4F90C3043F0400339
:10778000A3814FF0FF30BDE8F0810744A8EB00086B
:10779000E7E700BF0100402038B50B6905460C46FD
:1077A00013B90025284638BD18B1036A0BB9FEF796
:1077B0008BFFB4F90C30002BF3D0626ED00704D4E9
:1077C000990502D4A06DFFF70CFA28462146FFF771
:1077D00061FF636EDA070546E4D4A3899B05E1D413
:1077E000A06DFFF7FFF9DDE70EB403B5014603AB6B
:1077F000054853F8042B00680193FFF7A3FC02B07F
:107800005DF804EB03B07047A0010020F8B50E4608
:107810001446054618B1036A0BB9FEF755FFA36974
:10782000A360A3891A0701D5236943B921462846D5
:1078300000F02AF818B14FF0FF373846F8BD23683A
:107840002269981A6369F6B28342374605DC2146FD
:107850002846FFF7A1FF0028EDD1A368013BA360F4
:1078600023685A1C22601E706269431C9A4204D02D
:10787000A389DB07E1D50A2EDFD121462846FFF791
:107880008BFF0028D9D0D6E738B5284B05461868B5
:107890000C4618B1036A0BB9FEF716FFB4F90C30A9
:1078A0001A0721D4D80607D409222A6043F04003DE
:1078B000A3814FF0FF3030E0590712D5616B41B121
:1078C00004F14403994202D02846FFF7B9F9002396
:1078D00063630022B4F90C3062602269226023F0F5
:1078E000240343F00803A38122693AB99A0501D51C
:1078F000180603D52146284600F083F8B4F90C3069
:1079000013F001020AD00022A26062695242A26111
:10791000226942B913F08000C8D138BD990758BF19
:107920006269A260F4E70020F7E700BFA001002031
:1079300038B5064D0023044608462B60DFF7AEFC41
:10794000431C02D12B6803B1236038BDD83C022010
:1079500008B5062000F0B6F80120DFF727FC2DE976
:10796000F041074614460D4621B9BDE8F0411146E5
:10797000FFF7DAB92AB9FFF763F925462846BDE8CB
:10798000F08100F0DDF88442064602D8B4EB500FD7
:10799000F4D821463846FFF7C7F9804608B945466E
:1079A000ECE7B4422246294628BF3246FFF71BF9CE
:1079B00029463846FFF744F9F1E770B50C46B1F9AE
:1079C0000E10002996B015461E460ADAA18911F05C
:1079D000800113D14FF48062002031602A6016B01C
:1079E00070BD6A4600F076F80028EFDB019901F4DB
:1079F0007041A1F5005359425941EBE70021402263
:107A0000EAE78B8973B59E0705460C4607D504F156
:107A10004703236023610123636102B070BD01ABA2
:107A20006A46FFF7CAFF009E28463146FFF77CF9F9
:107A3000B4F90C3038B99A05EFD423F0030343F0BE
:107A40000203A381E3E743F08003A381019B20604D
:107A5000C4E90406002BE0D0B4F90E10284600F06B
:107A60004BF80028D9D0A38923F0030343F0010386
:107A7000A381D2E71F2938B505460C4604D9162341
:107A800003604FF0FF3038BDC26B12B152F82130A5
:107A90004BB9284600F052F8224601462846BDE878
:107AA000384000F039B8012B0AD0591C03D11623F5
:107AB00003600120E7E7002142F8241020469847A0
:107AC0000020E0E7024B01461868FFF7D3BF00BF74
:107AD000A001002038B5074D002304460846114692
:107AE0002B60DFF7B3FB431C02D12B6803B123608B
:107AF00038BD00BFD83C022038B5064D00230446EF
:107B000008462B60DFF7B2FB431C02D12B6803B1A0
:107B1000236038BDD83C022038B5074D0023044609
:107B2000084611462B60DFF72FFB431C02D12B6860
:107B300003B1236038BD00BFD83C0220DFF71CBB77
:107B400051F8043C181F002BBCBF0B58C0187047DD
:107B500008B52DED028BF0EE408AB0EE608A00F0A1
:107B600075F8F4EE488AF1EE10FA06D6DFED098AD0
:107B7000B4EE688AF1EE10FA02D0BDEC028B08BDBB
:107B8000FFF704F888EEA80ABDEC028B21230360FE
:107B900008BD00BF0000000010EE101AC1F3C7526C
:107BA0000029A2F17F0CACBF01204FF0FF30BCF1E7
:107BB0001E0F0FDCBCF1000F1DDBC1F31603BCF17F
:107BC000160F43F400030ADD963A03FA02F202FBB1
:107BD00000F07047FDEEC07A17EE900A70474FF440
:107BE000800242FA0CF21A44CCF1170C22FA0CF281
:107BF00002FB00F07047BCF1FF3F18BF0020704748
:107C000010EE103AC3F3C7527F3A162A19460EDC1B
:107C1000002A11DB0C481041034205D04FF48003C9
:107C200013410B4423EA000300EE103A7047802A08
:107C3000FAD130EE000A7047013203F00043F3D16D
:107C400043F07E53F0E700BFFFFF7F0070B582B0C6
:107C5000CDED010A019820F000435A1EB2F1FF4F0A
:107C60003BD210EE101A21F00044B4F1FF4F34D291
:107C70009C4238DB01F0004258D011F0FF4F00F079
:107C8000FF463ED14FEA042C6FF07D054FEA4C0CC5
:107C9000BCF1000F05F1FF35F8DC002E66D11802AB
:107CA0006FF07D0E40000EF1FF3EFBD515F17E0F0B
:107CB00077DA6FF07D00411B04FA01F1A5EB0E05A8
:107CC000A0EB0E04A340681EA5B9CB1A002B75DBF0
:107CD0002CD0B3F5000F35DB41E0DDED017A60EE2D
:107CE000277A87EEA70A02B070BD1FD04FEA4C0179
:107CF000013822D3A1EB030CBCF1000FF5DA4900E7
:107D0000F6E7E51586B3DB15C0F31600ED1AC1F3EF
:107D10001601A3F17F0E41F4000140F40003681E38
:107D2000002DE7D1CB1A002B30DB0BD1274B03EB17
:107D3000527393ED000A02B070BDCB1A48BF0B46D8
:107D40001BB9F3E75B000EF1FF3EB3F5000FF9DB63
:107D50001EF17E0F1BDA6FF07D04A4EB0E042341AD
:107D6000134300EE103ABEE77F3D98E7DB15A3F121
:107D70007F0EC0F316006FF07D0140F40003491B35
:107D8000A5EB0E0004FA01F10138B3E70B46A3F5A9
:107D900000030EF17F0E134343EACE5300EE103A78
:107DA000A1E76FF07D04C1F31601A5EB0E00A4EB73
:107DB0000E0441F400010138A3409BE70029B5D02F
:107DC000B1F5000F0B46BDDBC9E700BF60570308E4
:107DD000F8B500BFF8BC08BC9E467047F8B500BFB8
:087DE000F8BC08BC9E46704788
:107DE8005B4C4F414443454C4C2054585D000000C7
:107DF80020253032580000000D0A00005B4C4F412E
:107E08004443454C4C2052585D2054696D656F754C
:107E18007420617420627974652025642F25640DAF
:107E28000A0000005B4C4F414443454C4C205258DB
:107E38005D205541525420495352203D2030782529
:107E480030386C580D0A00005B4C4F414443454C98
:107E58004C2052585D20676F742025642F256420BC
:107E680062797465733A200025303258200000008A
:107E78005B4C4F414443454C4C204552524F525D58
:107E880020435243204661696C65640D0A00000076
:107E98005B4C4F414443454C4C2045584345505456
:107EA800494F4E5D20436F6465203A202530325893
:107EB8000D0A00005B4C4F414443454C4C20455251
:107EC800524F525D20526561642052656769737430
:107ED8006572204661696C6564205245473D30787B
:107EE800253034580D0A00005B4C4F414443454C43
:107EF8004C204552524F525D204D756C7469205785
:107F0800726974652041434B2054696D656F7574BF
:107F18000D0A00005B4C4F414443454C4C204552F0
:107F2800524F525D204D756C7469205772697465A3
:107F380020435243204661696C65640D0A000000C5
:107F48005B4C4F414443454C4C204552524F525D87
:107F580020526561646261636B204661696C656487
:107F68000D0A00005B4C4F414443454C4C204552A0
:107F7800524F525D20566572696679204661696C78
:107F8800656420573D257520523D25750D0A000072
:107F98005B4C4F414443454C4C204552524F525D37
:107FA800204D756C74692056657269666965642030
:107FB8005772697465204661696C65640D0A000032
:107FC8005B4C4F414443454C4C204552524F525D07
:107FD8002057656967687420526561642046616945
:107FE8006C65640D0A0000000D0A436F6C6C6563D4
:107FF80074696F6E2053746F707065640D0A0000A9
:108008005B4C4F414443454C4C204552524F525DC6
:1080180020466565646261636B2054696D656F75A0
:10802800740D0A005B4C4F414443454C4C2045526B
:10803800524F525D20496E76616C696420546172BA
:10804800676574205765696768740D0A0000000049
:10805800434F41525345203A2025750D0A00000030
:1080680046494E452020203A2025750D0A0000007B
:108078005346494E4520203A2025750D0A00000038
:108088005B4C4F414443454C4C204552524F525D46
:108098002057656967687420726561642066616944
:1080A8006C65642C207265747279696E670D0A00BC
:1080B8000D0A576569676874203D2025750D0A000B
:1080C8000D0A54617267657420726561636865643E
:1080D8000D0A00000D0A436F6C6C656374696F6E5E
:1080E80020446F6E650D0A005B535445505045524D
:1080F800204552524F525D20496E76616C6964206A
:10810800546172676574205765696768740D0A0061
:10811800426173656C696E65203D20257520287461
:10812800617267657420746F20414444203D2025A6
:1081380075290D0A000000005B5354455050455204
:10814800204552524F525D20576569676874207206
:10815800656164206661696C65642C20726574725F
:1081680079696E670D0A00000D0A576569676874BA
:10817800203D2025752028616464656420257520CC
:108188002F2025752C207374657020636F756E74AD
:10819800203D202564290D0A000000000D0A5461C5
:1081A8007267657420726561636865640D0A000012
:1081B8005B53544550504552205741524E494E4703
:1081C8005D20466565646261636B2070696E207727
:1081D800656E742048494748206265666F7265205D
:1081E8007461726765742077656967687420726561
:1081F8006163686564202D2D2069676E6F72696EF2
:108208006720697420616E6420636F6E74696E758F
:10821800696E670D0A0000000D0A436F6C6C656398
:1082280074696F6E20446F6E650D0A0043484543BC
:108238004B504F494E543A204D616368696E654D05
:10824800656E755461736B20656E74657265640D37
:108258000A0000000D0A203D3D3D3D3D3D3D3D3DB0
:108268003D3D3D3D3D3D3D3D3D3D3D3D3D3D3D0D66
:108278000A20202050455054494445204D41434848
:10828800494E45204D454E550D0A2020203D3D3D87
:108298003D3D3D3D3D3D3D3D3D3D3D3D3D3D3D3D06
:1082A8003D3D3D3D3D0D0A312E204D6978696E6793
:1082B80020536572766F0D0A20322E20416D696E4B
:1082C8006F20416369647320506C6174666F726DCE
:1082D80020536572766F0D0A20332E20446973701F
:1082E800656E73696E6720537465707065720D0AE8
:1082F800342E20447261696E2056616C7665204682
:10830800756E6374696F6E730D0A352E20526F6235
:108318006F742046756E6374696F6E730D0A362E1E
:10832800205669627261746F72204D6F746F72208B
:10833800436F6E74726F6C0D0A372E204C6F616438
:1083480063656C6C20546573740D0A392E20526570
:1083580061642041646472657373206F66204465AC
:1083680076696365730D0A31302E4443204D6F746E
:108378006F7220576F726B696E670D0A31312E5715
:1083880061736820536F6C76656E742053657175E0
:10839800656E63650D0A31322E2052756E204F636B
:1083A800746572746F6964652053657175656E6371
:1083B800650D0A31332E20526561642052533233E1
:1083C800322064657669636520285541525434200B
:1083D800504331302F50433131290D0A31342E208A
:1083E800506E65756D6174696320436F6E74726F4A
:1083F8006C730D0A31352E20436C656176616765B3
:10840800204D6F64756C650D0A31362E20466D6FF0
:1084180063205556204465746563746F722028552F
:108428005341525436205253323332290D0A3137D0
:108438002E20555341525436206D6F6E69746F72F9
:1084480020287072696E742065766572797468691F
:108458006E67207265636569766564290D0A31382F
:108468002E20555341525436205458207465737445
:1084780020283130207320736F6C69642C20776159
:1084880074636820746865205458204C4544290D4D
:108498000A31392E20555341525436206261756491
:1084A8002073776565702028676172626C65642047
:1084B8007265706C6965733F290D0A32302E204948
:1084C8007320616E797468696E6720647269766971
:1084D8006E67207468652052582070696E20285095
:1084E8004739293F0D0A32312E205553415254360F
:1084F800207465726D696E616C202873656E6420E6
:108508002B207265636569766520636F6D6D616E9A
:108518006473290D0A2D2D2D2D2D2D2D2D2D2D2D4D
:108528002D2D2D2D2D2D2D2D2D2D2D2D2D2D0D0AB6
:10853800456E7465722043686F6963653A0D0A2059
:10854800000000000D0A4D69786572205365727647
:108558006F2053656C65637465642E0D0A00000016
:108568000D0A3D3D3D3D3D3D3D3D3D3D3D3D3D3D96
:108578003D3D3D3D3D3D3D3D3D3D3D3D3D3D3D3D23
:108588003D3D3D3D3D3D3D3D3D3D0D0A2020534592
:1085980052564F204D454E550D0A3D3D3D3D3D3D02
:1085A8003D3D3D3D3D3D3D3D3D3D3D3D3D3D3D3DF3
:1085B8003D3D3D3D3D3D3D3D3D3D3D3D3D3D3D3DE3
:1085C8003D3D0D0A2020312E2052756E20526561E6
:1085D8006374696F6E204D6F76650D0A2020322E08
:1085E8002053746F7020536572766F0D0A20203304
:1085F8002E20536574205370656564204F6E6C7926
:108608000D0A2020342E20486F6D696E6720537440
:108618006172740D0A2020352E205365742043752D
:108628007272656E7420506F736974696F6E206121
:108638007320486F6D650D0A2020362E2052657311
:108648006574204661756C740D0A2020372E2052FF
:108658006561642043757272656E7420506F73692A
:1086680074696F6E0D0A2020382E20526573657468
:1086780020446961676E6F73746963730D0A202003
:10868800392E205072696E7420446961676E6F7369
:10869800746963730D0A202031302E20457869747F
:1086A8000D0A202031312E205265616374696F6E86
:1086B80020476F20546F20486F6D650D0A2D2D2DB2
:1086C8002D2D2D2D2D2D2D2D2D2D2D2D2D2D2D2DD2
:1086D8002D2D2D2D2D2D2D2D2D2D2D2D2D2D2D2DC2
:1086E8002D2D2D2D2D0D0A456E7465722063686F32
:1086F800696365203A2000000D0A2D2D2D20526552
:10870800616374696F6E204D6F766520536574756B
:1087180070202D2D2D0D0A43757272656E742064BC
:10872800656661756C7473203A0D0A20204F666681
:108738007365742064656720202020203D2025640F
:108748000D0A20205377696E672020646567202012
:108758002020203D2025640D0A2020537065656483
:10876800202020202020202020203D2025750D0AB3
:1087780020204379636C657320202020202020204E
:10878800203D2025640D0A20204379636C65206410
:10879800656C6179206D73203D2025640D0A0D0AF2
:1087A80000000000456E746572206F66667365741C
:1087B800206465677265652028652E672E2039302C
:1087C8002920203A20000000456E746572207377D6
:1087D800696E6720206465677265652028652E6765
:1087E8002E2033363029203A200000005377696E56
:1087F80067206F6620302064656720776F756C642A
:10880800206E6F74206D6F7665202D2D206B656549
:1088180070696E672025642E0D0A0000456E746528
:1088280072207370656564202028652E672E2033BA
:1088380030302920202020202020203A200000004D
:10884800456E746572206379636C65732028652EA4
:10885800672E203130292020202020202020203A77
:1088680020000000456E746572206379636C652092
:1088780064656C6179206D732028652E672E20331E
:1088880030303029203A2000456E746572206469C2
:1088980072656374696F6E202831203D20436C6FC8
:1088A800636B776973652C2032203D20416E7469B3
:1088B800636C6F636B7769736529203A2000000049
:1088C800434C4F434B57495345000000414E5449D0
:1088D800434C4F434B574953450000000D0A53740E
:1088E800617274696E67205265616374696F6E2086
:1088F8004D6F7665202E2E2E0D0A20205365727638
:108908006F204944202020202020203D2030782539
:108918003032580D0A2020446972656374696F6E9D
:108928002020202020203D2025730D0A20204F667E
:10893800667365742064656720202020203D20250B
:10894800640D0A20205377696E67202064656720CC
:10895800202020203D2025640D0A202053706565C5
:1089680064202020202020202020203D2025750D57
:108978000A20204379636C65732020202020202062
:1089880020203D2025640D0A20204379636C652052
:1089980064656C6179206D73203D2025640D0A0D96
:1089A8000A0000000D0A5265616374696F6E204DFC
:1089B8006F766520446F6E652E0D0A000D0A5365AB
:1089C80072766F2053746F707065642E0D0A000004
:1089D8000D0A456E746572206E6577207370656543
:1089E80064203A20000000005370656564207365B8
:1089F8007420746F2025750D0A0000004E6F2076D4
:108A0800616C756520656E74657265642E2053709F
:108A180065656420756E6368616E6765642E0D0A0E
:108A2800000000000D0A486F6D696E67207374615D
:108A3800727465642E2057616974696E672E2E2ED4
:108A48000D0A0000486F6D696E6720436F6D706C8A
:108A58006574652E0D0A0000486F6D696E672054B5
:108A6800696D656F75742E0D0A0000000D0A437557
:108A78007272656E7420706F736974696F6E20739B
:108A8800657420617320686F6D652E0D0A00000003
:108A98000D0A4661756C74205265736574207365A0
:108AA8006E742E0D0A0000000D0A43757272656E11
:108AB8007420506F736974696F6E203D20256C6453
:108AC8002070756C7365730D0A0000000D0A506FF5
:108AD800736974696F6E2052656164204661696CC0
:108AE80065642E0D0A0000000D0A446961676E6F07
:108AF80073746963732052657365742E0D0A0000E0
:108B0800594553004E4F00000D0A2D2D2D20446964
:108B180061676E6F7374696373202D2D2D0D0A20A4
:108B280020545820636F756E742020202020202048
:108B38003D20256C750D0A2020525820636F756EF4
:108B480074202020202020203D20256C750D0A202F
:108B58002054696D656F757420636F756E7420207D
:108B68003D20256C750D0A20204352432065727202
:108B78006F727320202020203D20256C750D0A205F
:108B880020457863657074696F6E732020202020FB
:108B98003D20256C750D0A2020526574727920637A
:108BA8006F756E74202020203D20256C750D0A20DD
:108BB80020436F6D6D204F4B202020202020202047
:108BC8003D2025730D0A00000D0A45786974696E09
:108BD80067206D656E752E0D0A0000000D0A52653E
:108BE800616374696F6E203A206D6F76696E6720D5
:108BF800746F20686F6D65202825642070756C730C
:108C0800657329202E2E2E0D0A000000526561631F
:108C180074696F6E203A20617420686F6D652E0D3F
:108C28000A0000005265616374696F6E203A20681B
:108C38006F6D65206D6F7665204641494C45442E21
:108C48000D0A00000D0A556E6B6E6F776E20636813
:108C58006F6963652E20506C656173652074727945
:108C680020616761696E2E0D0A0000000D0A4469D3
:108C78007370656E73696E6720536572766F2053E3
:108C8800656C65637465642E0D0A00000D0A3D3D30
:108C98003D3D3D3D3D3D3D3D3D3D3D3D3D3D3D3DFC
:108CA8003D3D3D3D3D3D3D3D3D3D3D3D3D3D3D3DEC
:108CB8003D3D3D3D3D3D0D0A202044495350454E24
:108CC80053494E4720534552564F204D454E550D5A
:108CD8000A3D3D3D3D3D3D3D3D3D3D3D3D3D3D3DEF
:108CE8003D3D3D3D3D3D3D3D3D3D3D3D3D3D3D3DAC
:108CF8003D3D3D3D3D3D3D3D3D0D0A2020312E2071
:108D080044697370656E73696E67204D6F76650D83
:108D18000A2020322E20486F6D6520536572766FC9
:108D28000D0A2020332E2053746F702053657276FD
:108D38006F0D0A2020342E2053657420537065650A
:108D4800640D0A2020352E20526561642043757217
:108D580072656E7420506F736974696F6E0D0A20A6
:108D680020362E205265736574204661756C740D2B
:108D78000A2020372E205365742043757272656E61
:108D88007420506F736974696F6E20617320486F27
:108D98006D650D0A2020382E2052657365742044B5
:108DA8006961676E6F73746963730D0A2020392EC9
:108DB800205072696E7420446961676E6F737469BC
:108DC80063730D0A2020302E204261636B0D0A2D3B
:108DD8002D2D2D2D2D2D2D2D2D2D2D2D2D2D2D2DBB
:108DE8002D2D2D2D2D2D2D2D2D2D2D2D2D2D2D2DAB
:108DF8002D2D2D2D2D2D2D0D0A456E746572206398
:108E0800686F696365203A20000000000D0A456E0E
:108E180074657220446567726565203A2000000019
:108E2800456E746572205370656564203A200000B1
:108E38000D0A44697370656E73696E67204D6F76AD
:108E48006520436F6D706C6574652E0D0A00000017
:108E58000D0A486F6D696E6720436F6D706C65749D
:108E6800652E0D0A000000000D0A456E746572201B
:108E78005370656564203A200000000053706565F2
:108E88006420557064617465642E0D0A000000004A
:108E98000D0A43757272656E7420506F7369746938
:108EA8006F6E203D20256C640D0A00000D0A526586
:108EB8006164204661696C65642E0D0A000000003B
:108EC8000D0A4661756C742052657365742053658C
:108ED8006E742E0D0A0000000D0A43757272656EDD
:108EE8007420506F736974696F6E205365742041E4
:108EF8007320486F6D652E0D0A0000004F4B00006F
:108F08004641494C454400000D0A2D2D2D20446949
:108F180061676E6F7374696373202D2D2D0D0A546C
:108F28005820436F756E742020202020203A202579
:108F38006C750D0A525820436F756E7420202020DE
:108F480020203A20256C750D0A54696D656F75747B
:108F580020436F756E74203A20256C750D0A4352B4
:108F680043204572726F7273202020203A20256CAE
:108F7800750D0A457863657074696F6E73202020DB
:108F8800203A20256C750D0A526574727920436F5A
:108F9800756E742020203A20256C750D0A436F6D7C
:108FA8006D205374617475732020203A2025730D49
:108FB8000A0000000D0A52657475726E696E6720AA
:108FC800746F20536572766F2053656C656374699E
:108FD8006F6E2E2E2E0D0A000D0A496E76616C6991
:108FE800642043686F6963652E0D0A000D0A2D2DF4
:108FF8002D2D2D2D2D2D2D2D2053544550504552BE
:10900800204D454E55202D2D2D2D2D2D2D2D2D2D21
:109018000D0A2020312E20456E7465722053746528
:1090280070732C20446972656374696F6E20616E79
:109038006420537065656420666F72206D6F746F6D
:10904800720D0A2020322E205365742057656967F7
:10905800687420284C6F61642043656C6C204665F9
:1090680065646261636B290D0A2020332E204469F0
:109078007370656E736520627920576569676874D7
:10908800202853746570706572202B204C6F6164C2
:109098002043656C6C20466565646261636B290DCD
:1090A8000A2020342E2052756E2046756C6C205292
:1090B80065636970652054657374202832302D709B
:1090C8006F736974696F6E2064697370656E736518
:1090D8002073657175656E6365290D0A2020352E2C
:1090E80020476F20746F20746865206C696D6974FF
:1090F8000D0A2020362E20506572697374616C69E0
:10910800632070756D7020776F726B696E670D0ADA
:109118002020372E204750494F2050696E20526535
:1091280061640D0A2020382E2050726F78696D69AD
:1091380074792053656E73696E672044697370652E
:109148006E73650D0A2020392E2054657374696E7C
:10915800672074686520592050756D700D0A20319C
:10916800302E2054657374696E6720746865205AC0
:109178002050756D700D0A2031312E20456E7465B2
:10918800722053746570732C204469726563746926
:109198006F6E20616E6420537065656420666F721F
:1091A800206D6F746F7220320D0A2031322E204FDD
:1091B80070657261746520537465707065722028DB
:1091C800537465707065722E68206C696272617282
:1091D80079290D0A2031342E205046313520475048
:1091E800494F20536574202F20556E7365740D0AFE
:1091F8002031352E20526561642074686520636CC7
:10920800656176616765206C696D697473202831C2
:10921800203D205044312C2032203D205042362918
:109228000D0A2031372E204F706572617465205306
:109238007465707065722033206D6F746F722028AA
:1092480050554C32412F50554C32422F44495232DE
:10925800412F4449523242290D0A31362E20677077
:10926800696F20726561642020302E20457869740A
:1092780020746865204D656E750D0A2D2D2D2D2DD8
:109288002D2D2D2D2D2D2D2D2D2D2D2D2D2D2D2D06
:109298002D2D2D2D2D2D2D2D2D2D2D2D2D2D0D0A39
:1092A800456E7465722063686F696365203A2000B3
:1092B800456E746572205374657073206F66204D17
:1092C8006F746F723A200000456E7465722064698D
:1092D80072656374696F6E206F66204D6F746F726C
:1092E8003A200000456E74657220737065656420CD
:1092F8006F66204D6F746F723A200000456E74657A
:109308007220746865207765696768743A20000080
:109318000D0A5461726765742077656967687420FF
:1093280073657420746F2025642E205374617274E1
:10933800696E67206C6F616420636865636B2E2EAD
:109348002E0D0A000D0A54617267657420776569ED
:10935800676874206F66202564207265616368659C
:10936800642E0D0A000000000D0A4C6F6164206332
:109378006865636B206661696C6564202D20736580
:1093880065204C4F414443454C4C206572726F72C6
:10939800207072696E74732061626F76652E0D0A93
:1093A80000000000456E7465722074617267657410
:1093B800207765696768743A200000000D0A4469DF
:1093C8007370656E736520636F6D706C657465206E
:1093D8002D2D2074617267657420776569676874DC
:1093E800206F6620256420726561636865642E0DB0
:1093F8000A0000000D0A44697370656E7365206683
:1094080061696C6564202D2073656520535445504F
:109418005045522044495350454E53452065727279
:109428006F72207072696E74732061626F76652E38
:109438000D0A00005374657070657220676F2074A0
:109448006F206C696D69740D0A00000053657276AF
:109458006F20476F20746F20486F6D650D0A0000FC
:109468000D0A3D3D3D3D3D3D3D3D3D3D3D3D3D3D87
:109478003D3D3D3D3D3D3D3D3D3D3D3D3D3D3D3D14
:109488003D3D3D3D3D3D0D0A54657374696E672051
:1094980052656369706520310D0A3D3D3D3D3D3D96
:1094A8003D3D3D3D3D3D3D3D3D3D3D3D3D3D3D3DE4
:1094B8003D3D3D3D3D3D3D3D3D3D3D3D3D3D0D0A37
:1094C800000000000D0A506F736974696F6E203DCB
:1094D8002025640D0A00000036306D6C20506F7333
:1094E8006974696F6E2025640D0A000031306D6C57
:1094F80020506F736974696F6E2025640D0A00002F
:1095080054617267657420576569676874203D20E7
:10951800252E32660D0A0000446F736520436F6D77
:10952800706C6574650D0A00446F73652046414987
:109538004C45440D0A000000536B697070696E67F2
:1095480020506F736974696F6E2025640D0A0000DE
:109558000D0A3D3D3D3D3D205265636970652054CF
:1095680065737420436F6D706C657465203D3D3D77
:109578003D3D0D0A000000003D3D3D3D3D3D3D5651
:1095880049425241544F52204D4F544F523D3D3D58
:109598003D3D3D3D0D0A312E20526F6E626F7420A5
:1095A80067726970706572204F4E0D0A322E205214
:1095B8006F6E626F742067726970706572204F46B3
:1095C800460D0A302E204261636B0D0A3D3D3D3D3C
:1095D8003D3D3D3D3D3D3D3D3D3D3D3D3D3D3D3DB3
:1095E8003D3D3D3D3D3D3D3D0D0A456E7465722056
:1095F800796F75722063686F6963653A20000000AF
:109608000D0A50756D7020676F696E672075702E32
:109618000D0A00000D0A50756D7020676F696E673E
:1096280020646F776E2E0D0A000000000D0A526547
:109638007475726E696E6720746F204D4143484996
:109648004E45204D454E550D0A0000000D0A4D6F40
:109658006E69746F72696E672050726F78696D6990
:1096680074792053656E736F722E2E2E205072659A
:109678007373205265736574206F72206368616E1E
:109688006765206D6F646520746F20657869742E36
:109698000D0A00000D0A50696E2069732048696739
:1096A800680D0A00456E74657220537465707320E6
:1096B8006F66204D6F746F7220323A2000000000F0
:1096C800456E74657220646972656374696F6E2093
:1096D8006F66204D6F746F7220323A2000000000D0
:1096E800456E746572207370656564206F66204DE1
:1096F8006F746F7220323A2000000000456E746566
:10970800722053746570733A20000000456E7465CA
:109718007220646972656374696F6E3A2000000094
:10972800456E7465722073706565643A20000000A8
:1097380048494748000000004C4F57006F70656E5D
:1097480020286E6F74206174206C696D697429001B
:10975800434C4F53454420286174206C696D6974EB
:10976800290000000D0A5B434C494D49545D204CCB
:10977800696D69742031202850443129203A202508
:1097880073202D3E2025730D0A0000005B434C49D1
:109798004D49545D204C696D69742032202850422F
:1097A8003629203A202573202D3E2025730D0A00E6
:1097B8005B434C494D49545D205761746368696E39
:1097C800672031352073202D2D20747269676765F5
:1097D800722065616368206C696D6974206E6F77AB
:1097E8002E0D0A004849474820286F70656E2900E9
:1097F8004C4F5720286174206C696D6974290000EA
:109808005B434C494D49545D204C696D6974203166
:10981800202D3E202573202028743D256C75206D51
:1098280073290D0A000000005B434C494D49545D03
:10983800204C696D69742032202D3E20257320202C
:1098480028743D256C75206D73290D0A00000000F1
:109858005B434C494D49545D204E6F206368616EEF
:10986800676520696E2031352073202D2D20626FA9
:1098780074682070696E7320737475636B2E204949
:10988800662061207377697463682057415320709C
:109898007265737365642C20697473206F757470B6
:1098A8007574206973206E6F7420726561636869CE
:1098B8006E67207468652070696E20286368656328
:1098C8006B207468652073776974636820636F6DB3
:1098D8006D6F6E206973206F6E20626F61726420F5
:1098E800474E44292E0D0A005B434C494D49545DAF
:1098F80020446F6E652C20256C75206368616E6747
:1099080065287329207365656E2E0D0A0000000016
:109918005B434C494D49545D2046696E616C3A2061
:109928004C696D69742031203D2025732C204C69C9
:109938006D69742032203D2025730D0A0000000057
:10994800494E534944450A0D000000000D0A3020D5
:109958003D20636C6F636B776973652C2031203D04
:1099680020616E7469636C6F636B776973650D0A48
:10997800000000000D0A5B53544550504552335DBA
:109988002025642073746570732C20646972202507
:10999800642C2073706565642025642E2E2E0D0AB4
:1099A800000000005B53544550504552335D20443D
:1099B8006F6E652E0D0A00003D3D3D3D3D3D3D4429
:1099C8005241494E2056414C56453D3D3D3D3D3D59
:1099D8003D0D0A312E204F70656E20746865204455
:1099E8007261696E2056616C76650D0A322E2043CD
:1099F8006C6F73652074686520447261696E2056C7
:109A0800616C76650D0A302E204261636B0D0A3D4C
:109A18003D3D3D3D3D3D3D3D3D3D3D3D3D3D3D3D6E
:109A28003D3D3D3D3D3D3D3D3D3D3D0D0A456E7451
:109A3800657220796F75722063686F6963653A2073
:109A4800000000000D0A447261696E2056616C7650
:109A580065204F50454E2E0D0A0000000D0A447235
:109A680061696E2056616C766520434C4F534544BE
:109A78002E0D0A000D0A3D3D3D3D3D3D3D3D3D3D20
:109A880020524F424F54204D454E55203D3D3D3DBF
:109A98003D3D3D3D3D3D0D0A312E20436F6E6E65C7
:109AA800637420746F20526F626F740D0A322E2017
:109AB800496E697469616C697A6520526F626F7466
:109AC8000D0A332E204D6F766520526F626F742019
:109AD800746F20486F6D6520506F736974696F6E7D
:109AE8000D0A342E204D6F766520526F626F7420F8
:109AF800746F204C69717569642044697370656E70
:109B08007365720D0A352E20526F626F742053747C
:109B1800617475730D0A362E20446973636F6E6E17
:109B280065637420526F626F740D0A372E204D6F73
:109B38007665204C696E656172207261696C0D0AE8
:109B4800382E20536574205261696C20486F6D650A
:109B5800202863757272656E7420706F73697469FA
:109B68006F6E290D0A392E2052657475726E205257
:109B780061696C20746F20486F6D650D0A31302E55
:109B8800205265616420486F6D6520706F73697439
:109B9800696F6E0D0A31312E204D6F766520736521
:109BA80072766F20746F20486F6D650D0A31322E02
:109BB800204D6F766520746F20706F776465722012
:109BC80064697370656E73696E67206D6F64756C18
:109BD800650D0A31332E204D6F766520746F207223
:109BE80065616374696F6E207374697272696E67F8
:109BF800206D6F64756C650D0A31342E20436F6CCF
:109C08006C656374207468652076657373656C2071
:109C180066726F6D207265616374696F6E2073740C
:109C28006972206D6F64756C650D0A31352E204799
:109C38006F20746F20706F77646572206469737029
:109C4800656E73696E67206D6F64756C650D0A319A
:109C5800362E2052756E2074686520656E746972A0
:109C6800652053657175656E63650D0A31372E2061
:109C780052756E2074686520616D696E6F2061632E
:109C88006964206669727374206164646974696FB9
:109C98006E2073657175656E63650D0A31382E2007
:109CA80052756E2074686520636C656176616765BE
:109CB800206D6F64756C65202861726D20706F73FC
:109CC8006573290D0A31392E2052756E2074686526
:109CD8002046554C4C20636C656176616765206D44
:109CE8006F64756C652073657175656E63650D0AC3
:109CF800302E204261636B0D0A3D3D3D3D3D3D3DAB
:109D08003D3D3D3D3D3D3D3D3D3D3D3D3D3D3D3D7B
:109D18003D3D3D3D3D3D3D3D0D0A456E746572201E
:109D280043686F696365203A200000000D0A436F9D
:109D38006E6E656374696E6720746F20526F626F10
:109D4800742E2E2E0D0A0000526F626F7420436F1E
:109D58006E6E65637465642E0D0A0000526F626F43
:109D68007420436F6E6E656374696F6E2046616917
:109D78006C65642E0D0A0000526F626F7420416C8E
:109D8800726561647920436F6E6E65637465642ED5
:109D98000D0A0000526F626F74206973206E6F7431
:109DA80020636F6E6E65637465642E0D0A00000093
:109DB800496E697469616C697A696E6720526F626D
:109DC8006F742E2E2E0D0A00496E697469616C69D4
:109DD8007A6174696F6E20436F6D706C6574652E5F
:109DE8000D0A0000496E697469616C697A61746969
:109DF8006F6E204641494C4544202D2D20736565E2
:109E0800206D6573736167652061626F76652E0DDD
:109E18000A0000004D6F76696E6720526F626F749A
:109E280020746F20484F4D452E2E2E0D0A0000003D
:109E38004D6F76696E6720526F626F7420746F2061
:109E48004C69717569642044697370656E736572D5
:109E5800204E6F772E0D0A000D0A2D2D2D2D2D2049
:109E6800524F424F5420535441545553202D2D2DB9
:109E78002D2D0D0A00000000434F4E4E454354451A
:109E8800440000004E4F5420434F4E4E4543544526
:109E980044000000436F6E6E656374696F6E203A0C
:109EA8002025730D0A00000053746174696F6E20D9
:109EB8002020203A2025730D0A0000002D2D2D2D7D
:109EC8002D2D2D2D2D2D2D2D2D2D2D2D2D2D2D2DBA
:109ED8002D2D2D2D2D0D0A000D0A53657474696EF4
:109EE80067207261696C20686F6D652061742063FA
:109EF800757272656E7420706F736974696F6E2EF7
:109F08002E2E0D0A000000005261696C20686F6DEA
:109F180065207365742E205475726E20636F756E9C
:109F280074657220726573657420746F20302E0D0D
:109F38000A0000005261696C20617420686F6D65C9
:109F48002E0D0A0052657475726E20746F20686F4A
:109F58006D65206661696C65642E0D0A000000005D
:109F68005261696C206162736F6C75746520706FE3
:109F7800736974696F6E203D20256C642070756C60
:109F88007365730D0A0000005261696C20706F736D
:109F98006974696F6E2072656164206661696C65B9
:109FA800640D0A000D0A436C656176616765206D72
:109FB8006F64756C6520636F6D706C6574652E0DCC
:109FC8000A0000000D0A436C656176616765206DC3
:109FD8006F64756C65204641494C45442E0D0A0056
:109FE8000D0A436C656176616765207365717565F7
:109FF8006E636520636F6D706C6574652E0D0A0065
:10A008000D0A436C656176616765207365717565D6
:10A018006E63652053544F505045442E0D0A00007E
:10A0280052657475726E696E6720746F204D616930
:10A038006E204D656E752E2E2E0D0A00496E7661C6
:10A048006C69642043686F6963652E0D0A0000001F
:10A058003D3D3D3D3D3D3D5649425241544F5220C4
:10A068004D4F544F523D3D3D3D3D3D3D0D0A312E36
:10A07800205669627261746F72204D6F746F72201E
:10A088004F4E0D0A322E205669627261746F72202B
:10A098004D6F746F72204F46460D0A302E20426174
:10A0A800636B0D0A3D3D3D3D3D3D3D3D3D3D3D3DE7
:10A0B8003D3D3D3D3D3D3D3D3D3D3D3D3D3D3D3DC8
:10A0C8000D0A456E74657220796F75722063686F2A
:10A0D8006963653A200000000D0A5669627261746E
:10A0E8006F72204D6F746F72204F4E2E0D0A000054
:10A0F8000D0A5669627261746F72204D6F746F72C7
:10A10800204F46462E0D0A00436F6D6D756E6963CC
:10A118006174696F6E204F4B0D0A0000436F6D6DBF
:10A12800756E69636174696F6E204641494C454498
:10A138000D0A00000D0A20526F626F74204D6F7671
:10A14800696E6720746F20486F6D6520506F736962
:10A1580074696F6E000000000D0A5363616E6E69CA
:10A168006E67204D6F646275732044657669636518
:10A17800732E2E2E0D0A00003D3D3D3D3D3D3D44D4
:10A1880043204D6F746F7220636F6E74726F6C3DF5
:10A198003D3D3D3D3D3D0D0A312E2052756E20441A
:10A1A80043204D6F746F720D0A322E2053746F70F6
:10A1B800204443204D6F746F720D0A332E20506F68
:10A1C80077646572204D6F746F7220524947485406
:10A1D8000D0A342E20506F77646572204D6F746FAE
:10A1E80072204C4546540D0A352E20506F77646511
:10A1F80072204D6F746F722053544F500D0A302ED9
:10A20800204261636B0D0A3D3D3D3D3D3D3D3D3D79
:10A218003D3D3D3D3D3D3D3D3D3D3D3D3D3D3D3D66
:10A228003D3D3D3D3D0D0A456E74657220796F7563
:10A23800722063686F6963653A2000000D0A4D6FEC
:10A24800746F7220537461727465642E0D0A000075
:10A258000D0A4D6F746F722053746F707065642EA1
:10A268000D0A00000D0A5B55415254345D20436FBE
:10A278006D6D616E64206D6F64652E205479706514
:10A28800206120636F6D6D616E6420616E64207063
:10A298007265737320456E74657220746F207365E0
:10A2A8006E64206974206F6E2055415254343B20EF
:10A2B800746865207265706C7920697320707269A2
:10A2C8006E746564206261636B2E0D0A2020202065
:10A2D800202020205479706520276578697427200C
:10A2E800746F2072657475726E20746F207468655F
:10A2F800206D656E752E0D0A000000000D0A55418F
:10A308005254343E20000000657869740000000053
:10A3180045584954000000005B55415254345D20B3
:10A328004C656176696E6720636F6D6D616E642040
:10A338006D6F64652E0D0A005B55415254345D20E3
:10A3480053656E743A2025730D0A00005B5541521F
:10A3580054345D205265706C793A20000D0A000073
:10A368000D0A3D3D3D3D3D3D3D504E45554D415409
:10A37800494320434F4E54524F4C533D3D3D3D3D84
:10A388003D3D0D0A312E20506E65756D617469630F
:10A3980020310D0A322E20506E65756D6174696327
:10A3A80020320D0A332E20506E65756D6174696315
:10A3B80020330D0A342E20506E65756D6174696303
:10A3C80020340D0A352E20506E65756D61746963F1
:10A3D80020350D0A362E20526F626F74204772693D
:10A3E800707065720D0A372E204C6971756964208A
:10A3F800506572697374616C7469632050756D700F
:10A408000D0A382E20436C65617661676520536FAD
:10A418006C76656E74204D6F746F7220310D0A3939
:10A428002E20436C65617661676520536F6C766595
:10A438006E74204D6F746F7220320D0A31302E20E9
:10A44800436C65617661676520536F6C76656E74E1
:10A45800204D6F746F7220330D0A31312E20436CFA
:10A4680065617661676520536F6C76656E74204D03
:10A478006F746F7220340D0A302E204261636B0DA9
:10A488000A3D3D3D3D3D3D3D3D3D3D3D3D3D3D3D27
:10A498003D3D3D3D3D3D3D3D3D3D3D3D3D3D3D3DE4
:10A4A8003D0D0A456E74657220796F757220636878
:10A4B8006F6963653A200000506E65756D61746957
:10A4C80063203100506E65756D61746963203200D8
:10A4D800506E65756D61746963203300506E6575E3
:10A4E8006D61746963203400506E65756D617469BF
:10A4F80063203500526F626F74204772697070650F
:10A50800720000004C697175696420506572697346
:10A5180074616C7469632050756D7000436C65617B
:10A528007661676520536F6C76656E74204D6F7425
:10A538006F72203100000000436C656176616765C9
:10A5480020536F6C76656E74204D6F746F72203275
:10A5580000000000436C65617661676520536F6C8D
:10A5680076656E74204D6F746F72203300000000A2
:10A57800436C65617661676520536F6C76656E74B0
:10A58800204D6F746F722034000000000D0A25738F
:10A59800203A2031203D204F4E2C2030203D204FA6
:10A5A80046462E20456E7465722063686F69636540
:10A5B8003A2000002573206973204F4E0D0A0000D1
:10A5C8002573206973204F46460D0A000D0A3D3D4C
:10A5D8003D3D3D3D3D434C454156414745204D4F4E
:10A5E80044554C453D3D3D3D3D3D3D0D0A312E20F8
:10A5F80052756E20436C656176616765204D6F64A6
:10A60800756C650D0A302E204261636B0D0A3D3D65
:10A618003D3D3D3D3D3D3D3D3D3D3D3D3D3D3D3D62
:10A628003D3D3D3D3D3D3D3D3D3D3D0D0A456E7445
:10A63800657220796F75722063686F6963653A2067
:10A64800000000000D0A436C656176616765204D66
:10A658006F64756C652066696E69736865642E0D34
:10A668000A0000000D0A436C656176616765204D3C
:10A678006F64756C652041424F525445442E0D0A53
:10A6880000000000484F4D45000000004C4951555E
:10A6980049440000534F4C4944000000564F4C4178
:10A6A80054494C4500000000535449520000000032
:10A6B800445241494E000000434C45415645000074
:10A6C8005041524B0000000020092C0000000000FF
:10A6D8002D0000002573256C642E2530366C64002F
:10A6E8002573256C642E2530336C64000D0A436F86
:10A6F8006E6E656374656420746F205553415254BF
:10A70800362028313932303020384E31290D0A00B0
:10A718003336354155090934363041550909544510
:10A728004D500D0A0000000047410D0A00000000CE
:10A73800436F756C64206E6F742070617273653A34
:10A748002025730D0A000000257309257309257358
:10A758000D0A0000556E6578706563746564207233
:10A768006573706F6E73653A2025730D0A000000DB
:10A778000D0A3D3D3D205553415254362054455213
:10A788004D494E414C2028313932303020384E3135
:10A7980029203D3D3D0D0A54797065206120636F85
:10A7A8006D6D616E6420616E6420707265737320D4
:10A7B800456E746572202D2D2043522B4C4620691E
:10A7C8007320616464656420666F7220796F752EEA
:10A7D8000D0A22474122206973207468652072653A
:10A7E8006164696E6720636F6D6D616E642E2054BD
:10A7F8007970652022657869742220746F206C65F1
:10A808006176652E0D0A00000D0A555341525436E3
:10A818003E20000065786974000000007175697455
:10A82800000000005B464D4F435D204C6561766932
:10A838006E6720746865207465726D696E616C2E30
:10A848000D0A00000D0A00005B54585D2025730DA9
:10A858000A5B52585D200000256300003C25303219
:10A86800583E0000286E6F207265706C7920696E02
:10A8780020256C75206D7329000000000D0A5B52BD
:10A88800585D20256C7520627974652873292E0D12
:10A898000A0000000D0A5B464D4F435D205472616B
:10A8A8006E736D697474696E6720636F6E74696E18
:10A8B800756F75736C79206F6E20555341525436FD
:10A8C8002028504731342920666F7220256C752066
:10A8D80073202D2D20746865206D6F64756C652755
:10A8E80073205458204C4544206D757374206C694E
:10A8F80067687420757020736F6C69642E0D0A0088
:10A908005B464D4F435D2053656E7420256C752062
:10A91800626C6F636B287329206F6620257520622F
:10A92800797465732C20256C75206661696C656483
:10A938002E204C6173742048414C207374617475E7
:10A94800732025642E0D0A005B464D4F435D20554C
:10A958005341525436205245465553454420746F4E
:10A96800207472616E736D6974202D2D2074686572
:10A97800206661756C74206973206F6E2074686539
:10A98800204D435520736964652C206E6F742074C4
:10A99800686520776972696E672E0D0A00000000ED
:10A9A8005B464D4F435D20555341525436207472D7
:10A9B800616E736D69747465642066696E652E20B6
:10A9C800496620746865205458204C4544207374A7
:10A9D80061796564206461726B2C205047313420A2
:10A9E8006973206E6F7420636F6E6E65637465643F
:10A9F80020746F20746865207472616E7363656972
:10AA080076657227732054544C20696E70757420D3
:10AA1800286F7220746861742068656164657220AB
:10AA280070696E20697320746865206D6F64756C39
:10AA3800652773206F75747075742C206E6F742081
:10AA480069747320696E707574292E0D0A000000F0
:10AA58000D0A5B464D4F435D2054616B696E67205C
:10AA6800504739206F66662055534152543620624C
:10AA7800726965666C7920746F20736565207768E4
:10AA8800657468657220616E797468696E6720699B
:10AA9800732064726976696E672069742E2E2E0D94
:10AAA8000A00000048494748000000004C4F570082
:10AAB8005B464D4F435D20504739207769746820C5
:10AAC80070756C6C2D646F776E3A2025732C207727
:10AAD8006974682070756C6C2D75703A2025730D3B
:10AAE8000A0000005B464D4F435D202D3E20445236
:10AAF8004956454E20484947482E2041206C6976E2
:10AB080065207472616E73636569766572206F750E
:10AB180074707574206973206F6E205047392C202B
:10AB28007768696368206973207768617420616E4B
:10AB38002069646C65205253323332206C696E652B
:10AB48002073686F756C64206C6F6F6B206C696B19
:10AB5800652E2054686520776972696E6720494EB2
:10AB6800544F20746865204D435520697320676FE2
:10AB78006F642E0D0A0000005B464D4F435D202D8B
:10AB88003E20464C4F4154494E472E2050473920CD
:10AB98006A75737420666F6C6C6F77732077686959
:10ABA80063686576657220696E7465726E616C2083
:10ABB8007265736973746F72206973206F6E2C20CD
:10ABC800736F204E4F5448494E4720697320636F76
:10ABD8006E6E656374656420746F2069743A206EC4
:10ABE8006F20776972652C207468652077726F6EA4
:10ABF800672070696E206F6E20746865205350332B
:10AC080032333245422C206F722074686174206D93
:10AC18006F64756C6520686173206E6F20706F7744
:10AC280065722E20546865206761726261676520CD
:10AC3800277265706C696573272061726520746876
:10AC480069732070696E207069636B696E6720751F
:10AC580070206E6F6973652E0D0A00005B464D4FBC
:10AC6800435D202D3E2044524956454E204C4F57B7
:10AC78002E20536F6D657468696E67206973206153
:10AC880063746976656C7920686F6C64696E672097
:10AC9800504739206C6F77202D2D20746865206F00
:10ACA80070706F73697465206F6620616E206964C7
:10ACB8006C65205253323332206C696E652E2050F9
:10ACC80047392069732070726F6261626C79206FF6
:10ACD8006E207468652077726F6E672070696E20C9
:10ACE8006F6620746865206D6F64756C652E0D0A3B
:10ACF800000000005B464D4F435D20436F756C6458
:10AD0800206E6F742072652D6F70656E20555341EB
:10AD180052543620617420256C7520626175642E4A
:10AD28000D0A00000D0A3D3D3D2055534152543651
:10AD38002042415544205357454550203D3D3D0D47
:10AD48000A53656E64696E672022474122202B20D2
:10AD58004352204C4620617420656163682072610B
:10AD6800746520616E642064756D70696E67207407
:10AD78006865207265706C792E0D0A5468652072BA
:10AD880061746520746861742072657475726E737D
:10AD9800205245414441424C45205445585420696D
:10ADA8007320746865206465746563746F722773B3
:10ADB8002E0D0A000D0A25366C7520626175642017
:10ADC8003A2000002E000000286E6F7468696E67D4
:10ADD800290000000D0A20202020202020202025E6
:10ADE8006C7520627974652873292C20256C752070
:10ADF8007072696E7461626C650D0A000D0A3D3DE2
:10AE08003D20737765657020646F6E652C205553FF
:10AE180041525436206261636B20617420313932AB
:10AE2800303020384E31203D3D3D0D0A416C6C20BC
:10AE38007261746573206A756E6B2C20776974680B
:10AE480020746865206279746520636F756E74205C
:10AE580076617279696E6720656163682074696DCF
:10AE6800653F205468656E206974206973204E4FD1
:10AE7800542062617564202D2D20636865636B2002
:10AE880074686520636F6D6D6F6E2067726F756E85
:10AE98006420746F204442392070696E20352E0D6D
:10AEA8000A0000000D0A3D3D3D20555341525436DD
:10AEB800204D4F4E49544F522028313932303020DE
:10AEC800384E3129203D3D3D0D0A5072696E746936
:10AED8006E672065766572797468696E6720746834
:10AEE800617420617272697665732E204E6F746882
:10AEF800696E672069732073656E742E0D0A52653A
:10AF08007365742074686520626F61726420746F61
:10AF18002073746F702E0D0A0D0A00006170704D59
:10AF280061696E5461736B0064656661756C745415
:10AF380061736B0030AF0208A937000800000000F9
:10AF480000000000000400000000000000000000F5
:10AF5800504859204C494E4B2055500D0A000000CE
:10AF6800504859206C696E6B206E6F742075702084
:10AF78006166746572203573202D2D20636F6E74A1
:10AF8800696E75696E6720616E797761790D0A005F
:10AF98004C57495020696E697420646F6E650D0ABC
:10AFA80000000000434845434B504F494E543A2057
:10AFB8004170704D61696E5461736B20776169747B
:10AFC800696E6720666F72205349475F5245414456
:10AFD800592E2E2E0D0A0000434845434B504F4929
:10AFE8004E543A204170704D61696E5461736B2004
:10AFF80074696D6564206F75742077616974696E12
:10B008006720666F72205349475F52454144592073
:10B01800286E6574776F726B2F4C574950206E6F8E
:10B028007420757029202D2D207374617274696ED7
:10B0380067206D656E7520616E797761790D0A00FC
:10B04800434845434B504F494E543A204170704D48
:10B0580061696E5461736B20676F74205349475F51
:10B0680052454144592C207374617274696E67208B
:10B078006D656E750D0A00000D0A3D3D3D3D3D3D77
:10B088003D3D3D3D204C4F414443454C4C205445AB
:10B098005354203D3D3D3D3D3D3D3D3D3D0D0A0068
:10B0A8005458203A20000000253032582000000073
:10B0B8000D0A000057616974696E6720666F722017
:10B0C8007265706C792E2E2E0D0A000052585B2581
:10B0D800645D203D20253032580D0A0054696D65A5
:10B0E8006F757420617420627974652025640D0A77
:10B0F800000000005541525420495352203D203051
:10B10800782530386C580D0A00000000436F6D70C8
:10B118006C657465204672616D65203A20000000F8
:10B12800435243204641494C45440D0A0000000063
:10B1380052656769737465722056616C7565203D48
:10B148002025752028307825303458290D0A00002C
:10B158003D3D3D3D3D3D3D3D3D3D20544553542005
:10B16800504153534544203D3D3D3D3D3D3D3D3DD2
:10B178003D0D0A000D0A4C494E45203720626F6F7D
:10B18800743A207065726970686572616C732075B5
:10B19800702C207374617274696E672052544F5317
:10B1A8002E2E2E0D0A0000005B534552564F20529A
:10B1B800585D20676F742025642F25643A200000AD
:10B1C80025303258200000000D0A00004352432069
:10B1D8004572726F720D0A00526561642054696D80
:10B1E800656F75742F435243204661696C65640D21
:10B1F8000A0000004D6F64627573204578636570BE
:10B2080074696F6E203A20253032580D0A0000000C
:10B218004865616465722056616C69646174696F20
:10B228006E204661696C65640D0A000052656164B0
:10B238003136204661696C65640D0A0052656164A7
:10B248003332204661696C65640D0A0041434B2026
:10B2580054696D656F75740D0A00000041434B20F9
:10B2680056616C69646174696F6E204661696C65CA
:10B27800640D0A00526561646261636B204661690E
:10B288006C65640D0A000000496E697469616C2080
:10B29800506F736974696F6E2052656164204661EE
:10B2A800696C65640D0A00004D6F74696F6E204308
:10B2B8006F6D706C6574650D0A0000004D6F7469E0
:10B2C8006F6E2054696D656F75740D0A000000007B
:10B2D8005265616374696F6E203A20696E6974699A
:10B2E800616C20706F736974696F6E207265616438
:10B2F800206661696C65640D0A000000526561632F
:10B3080074696F6E203A207368616674206E657682
:10B3180065722073746172746564206D6F76696EEE
:10B32800670D0A005265616374696F6E203A2043A5
:10B3380079636C6520256420202573206469642066
:10B348006E6F7420636F6D706C6574650D0A000014
:10B358005265616374696F6E203A207377696E670E
:10B36800203D203020646567202D2D206E6F746885
:10B37800696E6720746F207377696E672C2061622D
:10B388006F7274696E672E0D0A0000004F464653AF
:10B39800455400005265616374696F6E203A2070ED
:10B3A80072696D696E6720252B6420646567207457
:10B3B8006F20746865207377696E6720657874728A
:10B3C800656D650D0A0000005052494D45000000AA
:10B3D8005265616374696F6E203A204379636C65C6
:10B3E800202564202052494748542028252B6420D2
:10B3F800646567290D0A0000524947485400000057
:10B408005265616374696F6E203A204379636C6595
:10B4180020256420204C454654202028252B6420D4
:10B42800646567290D0A00004C4546540000000079
:10B438005265616374696F6E203A20726563656E48
:10B448007472696E6720252B64206465670D0A0095
:10B45800524543454E545245000000005265616311
:10B4680074696F6E203A202573202D2D2073746126
:10B47800727420706F736974696F6E20726561648D
:10B48800206661696C65640D0A000000526561639D
:10B4980074696F6E203A204379636C6520256420B7
:10B4A8002025732073746F707065642073686F72E1
:10B4B80074202D2D20256C64206F6620256C642057
:10B4C800636F756E74730D0A000000005265616346
:10B4D80074696F6E203A204379636C652025642077
:10B4E8002025732054494D454F5554202D2D207744
:10B4F800616E74656420256C6420636F756E747367
:10B508000D0A00005265616374696F6E28436F6E9F
:10B5180074696E756F757329203A20737065656458
:10B528002025752070617374207468652025642057
:10B53800636C696666202D2D2063617070696E6783
:10B548002E0D0A005265616374696F6E28436F6E31
:10B5580074696E756F757329203A20737065656418
:10B568002025752C207377696E6720256420646513
:10B57800672C202564206379636C65730D0A0000CD
:10B58800526561636865640D0A0000004469737060
:10B59800656E73696E67204D6F76652054696D65B9
:10B5A8006F75740D0A0000000D0A3D3D3D3D3D3D9F
:10B5B8003D3D3D3D3D3D3D3D3D3D3D3D3D3D3D3DB3
:10B5C8003D3D3D3D3D3D3D3D3D3D3D3D3D3D3D0DD3
:10B5D8000A0000002020202020204D4F44425553CF
:10B5E80020444556494345205343414E0D0A000027
:10B5F8003D3D3D3D3D3D3D3D3D3D3D3D3D3D3D3D73
:10B608003D3D3D3D3D3D3D3D3D3D3D3D3D3D3D3D62
:10B618003D3D3D3D3D0D0A00436865636B696E67BE
:10B628002049442025642E2E2E200000464F554EDA
:10B63800442020506F736974696F6E203D20256C1B
:10B64800640D0A004E6F20526573706F6E73650D3E
:10B658000A0000000D0A5363616E20436F6D706C21
:10B668006574652E0D0A0000546872656F6E6F6C04
:10B67800000000004379737465696E65000000007E
:10B68800546872656F6E696E650000004C79736965
:10B698006E6500004474726170746F63000000008E
:10B6A8005068656E616D696E65000000442D5068D4
:10B6B800656E616D696E6500536C6F742D3800009E
:10B6C80044434D00534F436C32000000444D460044
:10B6D8003230252050697065726964696E652F443F
:10B6E8004D4600004D654F48000000004449504554
:10B6F80041000000484154550000000054464100F4
:10B70800454454005449530048324F00486F6D6512
:10B71800204669786564203A20706F736974696F90
:10B728006E2072656164206661696C6564202875A5
:10B7380073696E672030290D0A000000486F6D6537
:10B74800204669786564203A206C61746368656492
:10B7580020617420636F756E7420256C64203D2011
:10B7680030206465670D0A0044697370656E7365FF
:10B7780072203A202573202D2D20616C726561643A
:10B7880079206174202564206465670D0A00000033
:10B7980044697370656E736572203A202573202D95
:10B7A8002D2025642064656720746F20256420643B
:10B7B800656720286D6F7665202564290D0A0000CD
:10B7C800416D696E6F20536C6F74203A20696E76F4
:10B7D800616C696420736C6F742025640D0A000025
:10B7E800416D696E6F20536C6F74203A2025732069
:10B7F8006D617070656420746F20736C6F742025A0
:10B80800752C20706C617465206861732025640D47
:10B818000A0000005761736820536C6F74203A2047
:10B82800696E76616C696420736C6F742025640D91
:10B838000A0000005761736820536C6F74203A2027
:10B848002573206D617070656420746F20736C6F50
:10B85800742025752C20706C6174652068617320D4
:10B8680025640D0A000000003F0000005265616376
:10B8780074696F6E20486F6D65203A20706F736928
:10B8880074696F6E2072656164206661696C6564B5
:10B89800202D2D207061726B20736B697070656448
:10B8A8000D0A00005265616374696F6E20486F6D00
:10B8B80065203A20256C64202D3E20256C6420707C
:10B8C800756C736573202864656C746120256C64DD
:10B8D800290D0A005265616374696F6E20486F6DA7
:10B8E80065203A20616C7265616479207061726BC1
:10B8F80065640D0A000000005265616374696F6E2B
:10B9080020486F6D65203A206D6F74696F6E205402
:10B91800494D454F55540D0A0000000052656163BA
:10B9280074696F6E20486F6D65203A206172726984
:10B9380076616C2072656164206661696C65640D6E
:10B948000A0000005265616374696F6E20486F6D6C
:10B9580065203A204D4953534544202D2D206174CC
:10B9680020256C642C2077616E74656420256C64D6
:10B9780020286F666620627920256C64290D0A00EC
:10B988005265616374696F6E20486F6D65203A2057
:10B998007061726B656420617420256C6420707519
:10B9A8006C7365730D0A000044697370656E736586
:10B9B8007220486F6D65203A20706F736974696FE3
:10B9C8006E2072656164206661696C6564202D2D46
:10B9D800207061726B20736B69707065640D0A006A
:10B9E80044697370656E73657220486F6D65203A9F
:10B9F80020256C64202D3E20256C642070756C73A6
:10BA08006573202864656C746120256C64290D0AAF
:10BA18000000000044697370656E73657220486F9A
:10BA28006D65203A20616C7265616479207061727D
:10BA38006B65640D0A00000044697370656E736578
:10BA48007220486F6D65203A206D6F74696F6E20A3
:10BA580054494D454F55540D0A0000004469737010
:10BA6800656E73657220486F6D65203A2061727249
:10BA78006976616C2072656164206661696C6564D1
:10BA88000D0A000044697370656E73657220486F13
:10BA98006D65203A204D4953534544202D2D206192
:10BAA8007420256C642C2077616E74656420256C85
:10BAB8006420286F666620627920256C64290D0A47
:10BAC8000000000044697370656E73657220486FEA
:10BAD8006D65203A207061726B6564206174202561
:10BAE8006C642070756C7365730D0A00446973701B
:10BAF800656E73657220486F6D65203A206E6F74AD
:10BB080020796574206C617463686564202D2D202C
:10BB18006465636C6172696E67207468652063751B
:10BB28007272656E7420706F736974696F6E2061CC
:10BB38007320686F6D650D0A00000000446973701A
:10BB4800656E73657220486F6D65203A2062616387
:10BB58006B20617420746865206C61746368656427
:10BB680020686F6D652028256C642070756C73657E
:10BB780073292C20616E676C6520747261636B6534
:10BB8800722072652D646174756D656420746F2010
:10BB980030206465670D0A005B5354455050455288
:10BBA8005D2054494D37206D6F76652074696D6549
:10BBB80064206F75742E0D0A000000005B53544515
:10BBC80050504552325D2054494D3130206D6F76CA
:10BBD800652074696D6564206F75742E0D0A000008
:10BBE8000D0A5B50524F585D20417070726F61634F
:10BBF80068207374657073206D7573742062652096
:10BC08003E3D20312028676F74202564292E20416D
:10BC1800626F7274696E672E0D0A00000D0A5B5020
:10BC2800524F585D20446F7365207374657073209C
:10BC38006D757374206265203E3D20312028676F42
:10BC480074202564292E2041626F7274696E672EF4
:10BC58000D0A00000D0A5B50524F585D204469726E
:10BC6800656374696F6E206D75737420626520302A
:10BC7800206F7220312028676F74202564292E20B8
:10BC880041626F7274696E672E0D0A000D0A5B506F
:10BC9800524F585D205370656564206D757374202C
:10BCA8006265203E3D20312028676F742025642975
:10BCB8002E2041626F7274696E672E0D0A000000B3
:10BCC8000D0A5B50524F585D2053706565642025FE
:10BCD800642073656C6563747320746865206D698E
:10BCE8006C6C697365636F6E64207061746820287A
:10BCF8007E256C75206D7320706572207374657075
:10BD0800202D2D2074686973206973207768617409
:10BD1800206D61646520746865207363616E2063BB
:10BD28007261776C292E0D0A000000005B50524F9B
:10BD3800585D2052616973696E67207363616E2074
:10BD48007370656564202564202D3E2025642028B5
:10BD580074696D65722070617468292E0D0A00007F
:10BD680048494748202877696C6C206D6F766529AB
:10BD7800000000004C4F57202877696C6C204E4F0C
:10BD880054206D6F766529005B50524F585D2050E6
:10BD9800726F78696D6974792070696E2072656157
:10BDA80064732025730D0A005B50524F585D204E76
:10BDB8004F54453A20737065656420256420697383
:10BDC8002061626F7665207468652025642063654C
:10BDD800696C696E672E207374657070657254693A
:10BDE8006D657252756E282920666C6F6F727320AC
:10BDF800746865207375622D73746174652070654D
:10BE080072696F642061742032302075732C20733E
:10BE18006F20616E797468696E6720706173742031
:10BE280025642072756E73206174207468652073B0
:10BE3800616D652072617465202D2D206E6F7420F0
:10BE48006661737465722E0D0A0000005B50524FD4
:10BE5800585D205363616E207370656564202564A6
:10BE6800202D3E20256C752075732F737465702CFA
:10BE7800206368756E6B203D20256C752073746592
:10BE8800707320287E2564206D73206F66206D6F87
:10BE980074696F6E206265747765656E2073656E70
:10BEA800736F72207265616473292E0D0A00000099
:10BEB8005B50524F585D20416C7265616479204C2B
:10BEC8004F57202D2D20736B697070696E67207035
:10BED8006861736520312E0D0A20204966206E6F37
:10BEE8007468696E6720697320696E2066726F6E68
:10BEF80074206F66207468652073656E736F722C8A
:10BF08002074686520706F6C617269747920697338
:10BF18000D0A2020696E7665727465643A2063683C
:10BF2800616E67652050524F585F52554E5F4C45C1
:10BF380056454C206F722050524F585F50554C4C0C
:10BF48002C206F7220636865636B0D0A2020776868
:10BF58006574686572207468652073656E736F72A6
:10BF680020697320746175676874204E4320696E78
:10BF78007374656164206F66204E4F2E0D0A0000B1
:10BF88005B50524F585D20506861736520313A20EC
:10BF9800726F746174696E6720756E74696C207055
:10BFA800726F78696D69747920676F6573204C4F7B
:10BFB8005720286361702025642073746570732985
:10BFC8002E2E2E0D0A0000005B50524F585D205057
:10BFD80068617365203120656E64656420616674EC
:10BFE800657220256C75206F662025642073746542
:10BFF80070732E0D0A0000005B50524F585D2050A0
:10C008006861736520323A20646F73696E67202512
:10C01800642073746570732061742073706565643F
:10C028002025642E0D0A0000456E74657220537435
:10C03800657073206F66204D6F746F723A20000030
:10C04800456E74657220646972656374696F6E20E9
:10C058006F66204D6F746F723A200000456E7465EC
:10C0680072207370656564206F66204D6F746F72FF
:10C078003A2000004849474820286E6F74206174B0
:10C08800206C696D6974202D3E2077696C6C206D79
:10C098006F766529000000004C4F572028616C72AC
:10C0A80065616479206174206C696D6974202D3E26
:10C0B8002077696C6C204E4F54206D6F766529008F
:10C0C8005B535445505045525D204C696D6974204E
:10C0D80070696E2072656164732025730D0A000013
:10C0E8005B535445505045525D20416C7265616404
:10C0F80079206174206C696D6974202D2D206E6F14
:10C10800206D6F7665206E65656465642E0D0A2066
:10C1180020496620746865206178697320697320F6
:10C128004E4F542061637475616C6C792061742082
:10C13800746865206C696D69742C20746865207357
:10C1480077697463680D0A2020706F6C6172697476
:10C158007920697320696E7665727465643A207314
:10C16800657420535445505045525F4C494D4954CD
:10C178005F5553455F50554C4C555020746F2030D7
:10C188002C0D0A20206F7220696E766572742074F7
:10C19800686520636F6D70617269736F6E20696E78
:10C1A80020746869732066756E6374696F6E2E0DEE
:10C1B8000A0000005B535445505045525D20486FBB
:10C1C8006D696E6720746F207570706572206C6978
:10C1D8006D6974202873706565642025642C20645B
:10C1E8006972202564292E2E2E0D0A005B535445B2
:10C1F800505045525D204C494D49542054494D45B5
:10C208004F555420616674657220256C75207374CF
:10C218006570732E0D0A20204D6F746F722074752F
:10C22800726E696E672062757420737769746368CB
:10C23800206E6576657220636C6F736564202D3E91
:10C2480020636865636B2073776974636820776916
:10C2580072696E672E0D0A20204D6F746F72204E22
:10C268004F54207475726E696E672020202020203C
:10C278002020202020202020202020202020202DA9
:10C288003E20726169736520535445505045525F92
:10C298004C494D49545F53504545442E0D0A2020C2
:10C2A8004D6F746F72207475726E696E6720746852
:10C2B800652057524F4E47205741592020202020B3
:10C2C8002020202020202D3E2073657420535445C3
:10C2D800505045525F4C494D49545F44495220746F
:10C2E8006F20302E0D0A00005B53544550504552C4
:10C2F8005D20486F6D6564206174206C696D697498
:10C3080020616674657220256C752073746570737E
:10C318002E0D0A00307800000D0A00000D0A0D0AE3
:10C328002A2A2A2048415244204641554C54202D5F
:10C338002D204350552068616C746564202A2A2A90
:10C348000D0A0000202050432020203D200000003E
:10C3580020204C522020203D200000002020505357
:10C368005220203D20000000202052302020203D77
:10C3780020000000202052332020203D2000000013
:10C38800202043465352203D2000000020204846EC
:10C398005352203D20000000202042464152203DBB
:10C3A8002000000020204D4D4641523D2000000055
:10C3B80020202D3E206C6F6F6B207570205043201D
:10C3C800696E204C696E65375F7065707469646565
:10C3D8002E6C69737420746F2066696E64207468AB
:10C3E800652066756E6374696F6E2E0D0A00000015
:10C3F8000D0A0000657272636F64653A0000000000
:10C408006E6F7420696E204155544F4D4154494315
:10C41800206D6F64652C206F7220616E20616374DB
:10C42800697665206661756C74202F20452D7374BC
:10C438006F700000656E61626C652F6D6F74696F57
:10C448006E2072656675736564202D2D2066617592
:10C458006C74206F7220452D73746F702073746133
:10C4680074650000494E56414C4944205441524796
:10C478004554202D2D206A6F696E74206F757420C5
:10C488006F662072616E6765202F20706F7365205C
:10C49800756E726561636861626C65202F206A6FD2
:10C4A800696E747320646F206E6F74206D6174639D
:10C4B80068207468652063617274657369616E20B1
:10C4C8002D3E20434845434B2054484520434F4F79
:10C4D8005244494E41544553000000004D6F766563
:10C4E8004A2072656A6563746564202D2D20746F17
:10C4F8006F6C2F757365722F636F6F7264206D692F
:10C50800736D61746368206F722062616420746166
:10C518007267657400000000636F6D6D616E642062
:10C5280072656A656374656420627920636F6E74EE
:10C53800726F6C6C657200004E45544946206E6FF0
:10C54800742075700D0A00004E6F204950206173E9
:10C558007369676E65640D0A000000000D0A3D3DB1
:10C568003D3D3D3D3D3D3D3D204E4554574F524B91
:10C5780020494E464F203D3D3D3D3D3D3D3D3D3DE5
:10C588000D0A000053544D333220495020203A20E0
:10C5980025730D0A000000004E45544D41534B20B1
:10C5A80020203A2025730D0A000000004741544519
:10C5B8005741592020203A2025730D0A0000000019
:10C5C8003D3D3D3D3D3D3D3D3D3D3D3D3D3D3D3D93
:10C5D8003D3D3D3D3D3D3D3D3D3D3D3D3D3D3D3D83
:10C5E8003D3D0D0A00000000526F626F7420736FAA
:10C5F800636B657420637265617465206661696C3C
:10C60800206572726E6F3D25640D0A003139322E35
:10C618003136382E35382E3200000000436F6E6EEA
:10C62800656374696E6720526F626F742025733A70
:10C638002564202E2E2E0D0A00000000526F626F16
:10C648007420636F6E6E656374206661696C206523
:10C6580072726E6F3D25640D0A000000526F626FA2
:10C668007420436F6E6E65637465642053756363ED
:10C6780065737366756C6C790D0A00000D0A5B5260
:10C688004F424F545D2064697361626C696E672024
:10C698002B2072657475726E696E6720746F206DD9
:10C6A800616E75616C2E2E2E0D0A0000526F626F3E
:10C6B80074456E61626C6528302900004D6F6465B1
:10C6C80028312900526F626F742064697361626C4B
:10C6D8006564202B20646973636F6E6E656374658F
:10C6E800640D0A002F662F62494949256449494962
:10C6F8002564494949256449494925734949492FC8
:10C70800622F66005B545820636D642025645D20A9
:10C7180025730D0A0000000053656E64206572726F
:10C728006F7220256420286672616D653A20257332
:10C73800290D0A005B525820636D642025645D2032
:10C748003C6E6F207265706C792C20726563763D43
:10C7580025643E0D0A0000005B525820636D64207A
:10C7680025645D2025730D0A000000000D0A5B5248
:10C778004F424F545D20696E69742F656E61626C1B
:10C78800652E2E2E0D0A00004D6F64652830290095
:10C798005365744572725374617465486F6C64456F
:10C7A8006E61626C6528312900000000526F626F6B
:10C7B80074456E61626C65283129000053657453B5
:10C7C800706565642832352900000000536574439C
:10C7D80075737453706565644D616E75616C546FE3
:10C7E8004175746F28312C31303029005365744FEE
:10C7F8006163635363616C6528323529000000006A
:10C808005365744D61784361727456656C41636316
:10C81800283939392C323939392900005B524F42CD
:10C828004F545D20696E697420646F6E65202D2DEC
:10C83800206D6F6465202B20656E61626C65204FEA
:10C848004B2C20726561647920746F206D6F76655A
:10C858002E0D0A004F4B000052454A4543544544AB
:10C86800000000000D0A2A2A2A20524F424F542065
:10C878004E4F5420524541445920284D6F64653D20
:10C8880025732020456E61626C653D257329202A39
:10C898002A2A0D0A54686520465231302072656A8A
:10C8A8006563746564207468657365202D2D20693F
:10C8B80074206973204E4F5420696E204155544F9F
:10C8C8004D41544943206D6F6465206F7220686143
:10C8D8007320610D0A6661756C742E204F6E20748A
:10C8E80068652046414952494E4F2057656241705C
:10C8F8007020286F70656E20687474703A2F2F2529
:10C908007320696E20612062726F77736572293AAD
:10C918000D0A2020312E20436C6561722F52455339
:10C92800455420616C6C206661756C74732F616C62
:10C9380061726D732E0D0A2020322E205377697490
:10C94800636820746F204155544F4D41544943202A
:10C958006D6F6465202028656E642D656666656365
:10C96800746F72204C4544206D7573742062652085
:10C97800424C5545292E0D0A2020332E2052656C35
:10C98800656173652074686520452D73746F703B0D
:10C99800206D616B65207375726520647261672F05
:10C9A8007465616368206D6F6465206973204F4604
:10C9B800462E0D0A5468656E2072652D72756E20BC
:10C9C8006D656E752030202D3E20332E20204E6F51
:10C9D8002072652D666C617368206E656564656498
:10C9E8002E0D0A00476574526F626F744D6F74693B
:10C9F8006F6E5374617475732829000053746174E1
:10CA080075732071756572792072656A65637465DE
:10CA1800642028657272636F64653A256429202D45
:10CA28002D20726F626F74206E6F742072756E6E37
:10CA3800696E672C2061626F7274696E672E0D0AC9
:10CA480000000000526F626F74206D6F74696F6E22
:10CA58002074696D656F75740D0A00004D6F7469F7
:10CA68006F6E20636F6D706C6574650D0A00000051
:10CA78000D0A5B524F424F545D204D6F76654A2038
:10CA88002D3E2025730D0A000D0A2A2A2A204D6FF3
:10CA980076654A2052454A454354454420627920E8
:10CAA800636F6E74726F6C6C657220286572726346
:10CAB8006F64653A256429202A2A2A0D0A20204C09
:10CAC800696B656C792063617573653A2025730D10
:10CAD8000A2020466978206F6E2074686520726F7E
:10CAE800626F742028576562417070206874747092
:10CAF8003A2F2F257329207468656E207265747229
:10CB080079202D2D206E6F2072652D666C617368FB
:10CB18002E0D0A00526F626F74204D6F76654A20A1
:10CB280073656E64206661696C0D0A004D6F7665E9
:10CB38004A2825732C25732900000000496E766168
:10CB48006C696420506F736974696F6E2025640D79
:10CB58000A000000504F5320256400000D0A456E5E
:10CB6800746572207475726E7320282B20666F723C
:10CB780077617264202F202D207265766572736547
:10CB880029203A20000000004D6F76696E672072F8
:10CB980061696C202564207475726E2873292E2EA5
:10CBA8002E0D0A005261696C206D6F766520636FE7
:10CBB8006D706C6574652E0D0A0000005261696C19
:10CBC800206D6F7665206661696C6564202F20741E
:10CBD800696D656F75742E0D0A00000050494E4747
:10CBE800206F6B20286D6F74696F6E2D737461747C
:10CBF800757320627974653D27256327290D0A001E
:10CC080050494E47204641494C45440D0A00000012
:10CC18004D6F64652830292073656E74202861750E
:10CC2800746F290D0A0000004D6F646520736574E8
:10CC3800204641494C45440D0A000000526F626F7E
:10CC480074456E61626C652831292073656E7420A5
:10CC580028636C65617273202B20656E61626C6558
:10CC680073290D0A00000000456E61626C6520465C
:10CC780041494C45440D0A002D332E3031332C2DBB
:10CC880039312E3938372C3135352E3539312C2D6F
:10CC98003234342E3234322C2D38392E3234382C6A
:10CCA80039342E3133342C2D3334382E3932322C5A
:10CCB8002D3134322E3234352C3436392E38343343
:10CCC8002C38312E3231332C38352E3832362C2D43
:10CCD8003130312E303236002D39382E3630352C61
:10CCE800202D38372E3137392C203134392E313335
:10CCF800362C202D3234322E3432392C202D393630
:10CD08002E3436322C2039342E3134362C202D381E
:10CD1800332E3432352C203433312E3636372C200E
:10CD28003437362E3831372C2038332E3630362CDF
:10CD38002038352E3737342C203135382E353536D6
:10CD4800000000002D39382E3631312C202D353792
:10CD58002E38322C203133342E3231362C202D32DD
:10CD680034382E3231322C202D3130352E303135B9
:10CD78002C2039342E3134362C202D33352E3939A8
:10CD8800382C203634302E3831392C203330312E9F
:10CD98003137332C203136352E3830332C2038318A
:10CDA8002E3834372C202D3132382E3130390000CE
:10CDB800484F4D4500000000504F57444552203120
:10CDC80000000000504F5744455220320000000038
:10CDD8002D38352E3134322C202D38392E32393633
:10CDE8002C203135322E3036362C202D3234342E4C
:10CDF8003132382C202D39322E3932332C20393427
:10CE08002E3133352C202D3138352E3231352C202A
:10CE18003336352E3439352C203437352E333637E2
:10CE28002C2037322E3130332C2038352E353832FD
:10CE38002C203136342E3038370000002D38392E6A
:10CE48003337382C202D34372E3834372C203133D3
:10CE5800342E3838362C202D3236312E3839322CB3
:10CE6800202D38362E3533382C2039342E31342CB9
:10CE7800202D3137322E3037362C203631332E38AC
:10CE880032362C203231372E3737392C203133398E
:10CE98002E3138392C2038332E3230362C202D3193
:10CEA80032362E39303900002D38392E3336332CAE
:10CEB800202D34372E3833392C203132382E39365C
:10CEC800332C202D3235342E3732332C202D383662
:10CED8002E3331392C2039342E3134322C202D3157
:10CEE80037332E3332392C203637362E3231372C21
:10CEF800203232312E3339392C203134342E363425
:10CF0800392C2038322E3135392C202D3132312E22
:10CF1800323634002D38392E3831312C202D343624
:10CF28002E3835362C203132332E3232392C202D02
:10CF38003234392E3637342C202D38342E39332CD0
:10CF48002039342E3134372C202D3137302E3738D4
:10CF5800362C203733342E3334392C203232322ECB
:10CF68003134372C203134342E3735332C203831B6
:10CF78002E3832312C202D3132302E323200000042
:10CF88002D38362E3434332C202D34342E33363786
:10CF98002C203132392E3639392C202D3236322E8A
:10CFA8003137362C202D39342E3936372C20393468
:10CFB8002E3135372C202D3139302E3436392C206E
:10CFC8003634392E3235322C203139332E34333839
:10CFD8002C203132392E3033382C2038352E303051
:10CFE800362C202D3134322E343837002D38362E59
:10CFF8003434382C202D34322E39332C2031323031
:10D008002E3530372C202D3235352E3537392C201A
:10D018002D39342E3937362C2039342E3135382CE9
:10D02800202D3139352E3836352C203733372E33ED
:10D0380038392C203139342E3734342C20313136DC
:10D048002E3536372C2038352E3534372C202D31D7
:10D0580035342E39323700005354495220310000FC
:10D06800535449522032000053544952203300008F
:10D07800535449522034000053544952350000009B
:10D08800535449523400000039302E3531302C2D9C
:10D0980039382E3437312C3135332E3135372C2D64
:10D0A8003233332E3032352C2D332E3037372C2D6A
:10D0B80039342E3139302C3230332E3339382C2D47
:10D0C8003137322E3234342C3335312E3834372C34
:10D0D80039322E3031382C2D38372E3436372C381B
:10D0E800352E343139000000302C20302C203130DE
:10D0F800302E302C203130302E302C203130302E54
:10D10800302C20302E302C20302E302C20302C206B
:10D11800302C302C302C302C302C302C302C302C27
:10D12800302C30002D322E3839352C202D37342E26
:10D138003430352C203133342E3335392C202D32F0
:10D1480033342E3937382C202D38382E3536392CB3
:10D158002039342E3133382C202D3630342E3431CA
:10D16800342C202D3133312E3238392C20343531BE
:10D178002E3432392C203133392E3435382C20389E
:10D18800332E3435382C202D34322E3137390000E7
:10D198002D322E3030332C202D35332E3436392C89
:10D1A8002039362E3434382C202D3232372E393867
:10D1B800322C202D38342E3436332C2039342E316D
:10D1C80034352C202D3934352E3930312C202D3161
:10D1D80033362E3235372C203436352E3733382C2B
:10D1E8002033362E3234322C2038332E3832332C3A
:10D1F800202D3134302E3034340000002D322E30C2
:10D2080032352C202D35332E3436342C2039312E1E
:10D218003433372C202D3231362E3233362C202D14
:10D2280038352E3039392C2039342E3134322C20EF
:10D238002D3939332E3031352C202D3133332E30E2
:10D2480034372C203439322E3632392C20313131D2
:10D258002E3938352C2038352E3337342C202D36BE
:10D26800352E3139390000000D0A3D3D3D3D3D2048
:10D27800434C454156414745204D4F44554C452068
:10D288003A2072656163746F722076657373656C9A
:10D29800207069636B202620706C616365203D3DBA
:10D2A8003D3D3D0D0A0000005B434C45415641475A
:10D2B800455D20526F626F74206E6F7420636F6ECD
:10D2C8006E6563746564202D2D2061626F727469C8
:10D2D8006E672E0D0A0000005B434C4541564147DE
:10D2E800455D20526F626F74204E4F542052454165
:10D2F8004459202D2D2061626F7274696E67206217
:10D3080065666F726520616E79206D6F74696F6EE6
:10D318002E0D0A202020436C656172206661756CB1
:10D328007473202B2073776974636820746F2041AD
:10D3380055544F4D41544943206F6E207468652001
:10D3480070656E64616E742F5765624170702C2031
:10D358007468656E2072657472792E0D0A0000007B
:10D368000D0A5B434C4541564147455D202D2D2D07
:10D378002D20506F736974696F6E202564206F6665
:10D38800202564202D2D2D2D0D0A00005B434C45D2
:10D3980041564147455D20506F736974696F6E202F
:10D3A8002564204641494C4544202D2D2073657144
:10D3B80075656E63652041424F525445442E0D0AEF
:10D3C800000000000D0A5B434C4541564147455D4E
:10D3D8002053657175656E636520434F4D504C450C
:10D3E8005445202D2D2076657373656C2072657405
:10D3F80075726E656420746F20636C656176616711
:10D4080065206D6F64756C652E0D0A002D37322E00
:10D418003938382C202D39312E3838332C203135F5
:10D42800372E3830382C202D3234342E3231392CE6
:10D43800202D38392E3239332C2039342E313335DA
:10D448002C202D3234382E3439342C203236342ED8
:10D458003234382C203435352E3339352C203131BF
:10D46800322E3332392C2038352E3530382C202DB9
:10D478003134302E303135002D37322E3937312CBA
:10D48800202D34372E3731372C203134322E333596
:10D49800312C202D3234342E3139332C202D38398B
:10D4A8002E3332382C2039342E3134332C202D337E
:10D4B80032302E3935352C203530302E3731342C5A
:10D4C800203135382E3338332C203137322E333350
:10D4D800322C2035392E3235372C202D38312E304C
:10D4E800393500002D37322E3531382C202D333484
:10D4F8002E3230322C203131372E3736392C202D30
:10D508003235382E3435392C202D39352E303232FB
:10D518002C2038392E3137392C202D3337312E3005
:10D5280039332C203637392E3833372C2039352EDD
:10D538003331372C202D3136362E3033342C2038E9
:10D54800342E3735362C202D36332E353337000020
:10D55800506F733100000000506F733200000000FC
:10D56800506F73332028504F555229000D0A3D3D06
:10D578003D3D3D204C49515549442044495350456F
:10D588004E534552204D4F44554C45203A20484F64
:10D598004D45202D3E20506F73312E2E506F73361F
:10D5A800202D3E20484F4D45203D3D3D3D3D0D0A37
:10D5B800000000005B4C49515549445D20526F62A0
:10D5C8006F74206E6F7420636F6E6E65637465642C
:10D5D800202D2D2061626F7274696E672E0D0A000E
:10D5E8005B4C49515549445D20526F626F74204E1F
:10D5F8004F54205245414459202D2D2061626F72AD
:10D6080074696E67206265666F726520616E792045
:10D618006D6F74696F6E2E0D0A202020436C656152
:10D6280072206661756C7473202B2073776974633C
:10D638006820746F204155544F4D41544943206F21
:10D648006E207468652070656E64616E742F57650E
:10D65800624170702C207468656E207265747279EE
:10D668002E0D0A000D0A5B4C49515549445D202D89
:10D678002D2D2D2025732028737465702025642096
:10D688006F6620256429202D2D2D2D0D0A00000000
:10D698005B4C49515549445D202573204641494C0E
:10D6A8004544202D2D2073657175656E6365204195
:10D6B800424F525445442E0D0A0000000D0A5B4C9F
:10D6C80049515549445D2053657175656E63652000
:10D6D800434F4D504C4554452E0D0A000D0A3D3D13
:10D6E8003D3D3D204C495155494420415050524FF1
:10D6F800414348203A20686F6D65202D3E20706FA9
:10D708007332202D3E20706F7333202873746F702E
:10D7180020617420706F757229203D3D3D3D3D0D9F
:10D728000A0000000D0A5B4C49515549445D202D03
:10D738002D2D2D2025732028617070726F6163680C
:10D748002073746570202564206F66202564292065
:10D758002D2D2D2D0D0A00005B4C49515549445D76
:10D76800202573204641494C4544202D2D206170C9
:10D7780070726F6163682041424F525445442E0DC8
:10D788000A0000000D0A5B4C49515549445D20418F
:10D798007420706F757220706F7365202D2D20684E
:10D7A8006F6C64696E6720666F7220746865206CA0
:10D7B80069717569642E0D0A000000000D0A3D3D6F
:10D7C8003D3D3D204C495155494420524554524114
:10D7D8004354203A20706F7333202D3E20706F73AE
:10D7E80032202D3E20686F6D65203D3D3D3D3D0D4D
:10D7F8000A0000000D0A5B4C49515549445D202D33
:10D808002D2D2D2025732028726574726163742074
:10D8180073746570202564206F6620256429202D87
:10D828002D2D2D0D0A0000005B4C49515549445DD2
:10D83800202573204641494C4544202D2D207265F2
:10D8480074726163742041424F525445442E0D0A4C
:10D85800000000000D0A5B4C49515549445D2052B7
:10D86800657472616374656420746F20484F4D4518
:10D878002E0D0A00526F626F74205261696C20434A
:10D888006F6E66696720537563636573730D0A006D
:10D89800526F626F74205261696C20436F6E6669C3
:10D8A80067204661696C65640D0A00005261696C05
:10D8B80020636F6E66696775726174696F6E206642
:10D8C80061696C65640D0A005261696C20666F7548
:10D8D8006E642E20506F733D256C640D0A000000A5
:10D8E8005261696C206E6F7420726573706F6E641C
:10D8F800696E670D0A0000005261696C20746172DC
:10D90800676574203A20256C642070756C736573A4
:10D9180020282564207475726E73290D0A00000092
:10D928005261696C20726561636865640D0A000064
:10D938005261696C206D6F74696F6E2074696D65D2
:10D948006F75740D0A0000005261696C2073746F62
:10D95800702041434B206661696C65640D0A0000C4
:10D968005261696C20686F6D652041434B20666188
:10D97800696C65640D0A00005261696C20686F6DFE
:10D9880065640D0A000000005261696C20686F6DC3
:10D99800652074696D656F75740D0A005261696C54
:10D9A800207365742D686F6D652041434B20666157
:10D9B800696C65640D0A00005B484F4D455D207237
:10D9C8006F626F74206E6F7420636F6E6E65637420
:10D9D8006564202D2D2061626F7274696E672E0D4B
:10D9E8000A0000005B484F4D455D20726F626F74FE
:10D9F800204E4F5420524541445920286E6F7420C0
:10DA0800696E204155544F4D41544943202F20669B
:10DA180061756C74656429202D2D2061626F7274A4
:10DA2800696E672E0D0A00005B484F4D455D206DFD
:10DA38006F7665204641494C45442028736565202A
:10DA48006D6573736167652061626F7665292E0D58
:10DA58000A000000526561636865642025730D0A39
:10DA6800000000000D0A5B524F424F545D20526582
:10DA780073657420746F20686F6D650D0A0000006F
:10DA88005B524F424F545D20696E76616C69642029
:10DA980073746174696F6E2025640D0A00000000BC
:10DAA8000D0A5B524F424F545D207472616E737061
:10DAB8006F7274202564202D3E2025640D0A000015
:10DAC8005B524F424F545D206174207374617469D6
:10DAD8006F6E2025640D0A005261696C20706F73A7
:10DAE8006974696F6E2072656164206661696C652E
:10DAF80064202D2D2063616E6E6F742072657475BD
:10DB0800726E20686F6D650D0A0000005261696CC5
:10DB180020697320256C642070756C7365732028E8
:10DB28002564207475726E73292066726F6D206883
:10DB38006F6D652E2052657475726E696E672E2E34
:10DB48002E0D0A00416C7265616479206174206849
:10DB58006F6D652E0D0A00005261696C2072656157
:10DB680064206661696C65640D0A0000416C726529
:10DB780061647920617420686F6D650D0A0000008A
:10DB88005261696C20256C64202D3E20686F6D659C
:10DB9800202564202864656C746120256C64290D37
:10DBA8000A0000005261696C20617420686F6D651D
:10DBB8000D0A00005261696C20686F6D65206D6FF9
:10DBC80076652074696D656F75740D0A0000000034
:10DBD8000D0A3D3D3D3D3D20504F574445522044A0
:10DBE800495350454E534552204D4F44554C4520BE
:10DBF8003A20686F6D65202D3E2050312E2E50340E
:10DC0800202D3E20686F6D65203D3D3D3D3D0D0A50
:10DC1800000000005B504F574445525D20526F6230
:10DC28006F74206E6F7420636F6E6E6563746564C5
:10DC3800202D2D2061626F7274696E672E0D0A00A7
:10DC48005B504F574445525D20526F626F74204EAF
:10DC58004F54205245414459202D2D2061626F7246
:10DC680074696E67206265666F726520616E7920DF
:10DC78006D6F74696F6E2E0D0A202020436C6561EC
:10DC880072206661756C7473202B207377697463D6
:10DC98006820746F204155544F4D41544943206FBB
:10DCA8006E207468652070656E64616E742F5765A8
:10DCB800624170702C207468656E20726574727988
:10DCC8002E0D0A000D0A5B504F574445525D202D1A
:10DCD8002D2D2D2025732028737465702025642030
:10DCE8006F6620256429202D2D2D2D0D0A0000009A
:10DCF8005B504F574445525D202573204641494C9F
:10DD08004544202D2D2073657175656E636520412E
:10DD1800424F525445442E0D0A0000000D0A5B5034
:10DD28004F574445525D2053657175656E63652094
:10DD3800434F4D504C4554452E0D0A000D0A3D3DAC
:10DD48003D3D3D205245414354494F4E205354498F
:10DD580052204D4F44554C45203A20686F6D652040
:10DD68002D3E2053544952312E2E34202D3E20680A
:10DD78006F6D65203D3D3D3D3D0D0A005B535449A7
:10DD8800525D2047726970706572204F4E202B20BB
:10DD9800706572697374616C7469632070756D70F5
:10DDA800204F46462028696E697469616C20737437
:10DDB800617465292E0D0A005B535449525D205247
:10DDC8006F626F74206E6F7420636F6E6E6563741C
:10DDD8006564202D2D2061626F7274696E672E0D47
:10DDE8000A0000005B535449525D20526F626F7401
:10DDF800204E4F54205245414459202D2D20616218
:10DE08006F7274696E67206265666F726520616EF5
:10DE180079206D6F74696F6E2E0D0A202020436C77
:10DE2800656172206661756C7473202B2073776945
:10DE380074636820746F204155544F4D41544943D1
:10DE4800206F6E207468652070656E64616E742F33
:10DE58005765624170702C207468656E2072657415
:10DE680072792E0D0A0000005B535449525D20421E
:10DE780065666F72652053544952343A2067726957
:10DE880070706572204F4646202B2070756D70208B
:10DE98004F4E2C2077616974203320732E2E2E0D5F
:10DEA8000A0000000D0A5B535449525D202D2D2DA8
:10DEB8002D202573202873746570202564206F66D3
:10DEC80020256429202D2D2D2D0D0A005B53544942
:10DED800525D202573204641494C4544202D2D2074
:10DEE80073657175656E63652041424F52544544B0
:10DEF8002E0D0A005B535449525D2041742053543F
:10DF08004952343A2070756D70204F46462C206473
:10DF180077656C6C203520732E2E2E0D0A000000BC
:10DF28005B535449525D20535449523820726561FD
:10DF380063686564202D2D206C61756E6368696E59
:10DF48006720706172616C6C656C207265616374C6
:10DF5800696F6E2E0D0A00005B535449525D2057BD
:10DF6800616974696E6720666F72207468652070D5
:10DF78006172616C6C656C207265616374696F6E47
:10DF8800202831206D696E2920746F2066696E69BA
:10DF98007368206265666F72652052655374697292
:10DFA8002E2E2E0D0A0000000D0A5B535449525DB7
:10DFB8002053657175656E636520434F4D504C4520
:10DFC80054452E0D0A0000000D0A3D3D3D3D3D2003
:10DFD8005245504F53545552452053544952204DA1
:10DFE8004F44554C45202852455354495229203D09
:10DFF8003D3D3D3D0D0A00005B5245535449525D7D
:10E00800204772697070657220534554202B207028
:10E01800756D702052455345542028696E6974699E
:10E02800616C207374617465292E0D0A000000006C
:10E038005B5245535449525D20526F626F74206E93
:10E048006F7420636F6E6E6563746564202D2D2078
:10E0580061626F7274696E672E0D0A005B524553D8
:10E068005449525D20526F626F74204E4F542052B3
:10E0780045414459202D2D2061626F7274696E6785
:10E08800206265666F726520616E79206D6F7469B4
:10E098006F6E2E0D0A0000000D0A5B52455354495D
:10E0A800525D202D2D2D2D20257320287374657029
:10E0B800202564206F6620256429202D2D2D2D0D07
:10E0C8000A0000005B5245535449525D20257320D5
:10E0D8004641494C4544202D2D2073657175656E68
:10E0E80063652041424F525445442E0D0A000000FA
:10E0F8005B5245535449525D204174205265537414
:10E108006972353A20677269707065722053455498
:10E11800202B2070756D702052455345542C206873
:10E128006F6C64696E67202575206D732E2E2E0D19
:10E138000A0000000D0A5B5245535449525D2053B2
:10E14800657175656E636520434F4D504C45544568
:10E158002E0D0A005B52454143545D20436F756C98
:10E1680064206E6F742072656164206D69786572D1
:10E1780020706F736974696F6E202D2D20736B6921
:10E1880070207061726B2E0D0A0000005B524541D1
:10E1980043545D204D69786572202D3E20256C64BE
:10E1A8002070756C736573202863757220256C6404
:10E1B8002C2064656C746120256C64292E2E2E0D2C
:10E1C8000A0000005B52454143545D204D69786563
:10E1D8007220616C7265616479207061726B65642C
:10E1E8002E0D0A005B52454143545D204D69786508
:10E1F80072207061726B6564206174207E256C6486
:10E208002070756C7365732E0D0A00000D0A5B5241
:10E21800454143545D20506172616C6C656C2052BD
:10E2280065616374696F6E4D6F7665205354415212
:10E238005420286F66667365742025642C207377D4
:10E24800696E672025642C206379636C65732025CB
:10E25800642C2064656C6179202564206D73292005
:10E26800666F7220256C75206D732E2E2E0D0A0098
:10E278005B52454143545D20506172616C6C656C22
:10E28800205265616374696F6E4D6F766520444FE7
:10E298004E45202831206D696E20656C617073656C
:10E2A80064292E0D0A0000005B52454143545D204D
:10E2B800416C72656164792072756E6E696E672053
:10E2C8002D2D206E6F74207374617274696E6720CF
:10E2D800616761696E2E0D0A000000007265616356
:10E2E80074696F6E5461736B000000005B524541A6
:10E2F80043545D20436F756C64206E6F7420737493
:10E30800617274207265616374696F6E20746173E1
:10E318006B2E0D0A000000004F4444004556454E40
:10E32800000000000D0A5B444F53455D203D3D3D14
:10E338003D3D20537972696E6765202564206F66BC
:10E348002025642028257320736C6F7429203D3D97
:10E358003D3D3D0D0A0000005B444F53455D205391
:10E3680074657070657220616C7265616479206192
:10E3780074206C696D6974202D2D20706C756E6722
:10E38800696E67206469726563746C792E0D0A0082
:10E398005B444F53455D2053746570706572206E01
:10E3A8006F74206174206C696D6974202D2D20684C
:10E3B8006F6D696E672066697273742E2E2E0D0A52
:10E3C800000000005B444F53455D20537465707036
:10E3D8006572206174206C696D69742E20576169BB
:10E3E80074696E6720666F722074686520706F7735
:10E3F8006465722073746167652E2E2E0D0A000005
:10E408005B444F53455D20506F7764657220737489
:10E41800616765206E65766572207369676E616CE9
:10E428006C6564202D2D2061626F7274696E672E91
:10E438000D0A00005B444F53455D205374657070AE
:10E448006572204E4F54206174206C696D69742088
:10E458006265666F7265202D3336202D2D20686F1A
:10E468006D696E672066697273742E2E2E0D0A0010
:10E478005B444F53455D205374657070657220612D
:10E4880074206C696D6974202D2D20696E6465781F
:10E49800696E67206361726F7573656C20256420EF
:10E4A8006465672028737972696E67652025642919
:10E4B8002E2E2E0D0A0000005B444F53455D204F61
:10E4C800646420736C6F74202D3E20706C756E67C9
:10E4D8006520256420737465707320402025642CA2
:10E4E800207468656E206E6F726D616C20646F7346
:10E4F800652E0D0A000000005B444F53455D204423
:10E508006F73696E6720737972696E676520256419
:10E51800202D3E2025752E257520672E2E2E0D0ABE
:10E52800000000005B444F53455D20446F73652035
:10E538004641494C45442E0D0A00000048494748C9
:10E54800000000004C4F57005B444F53455D20547A
:10E5580061726765742077656967687420636F6C9A
:10E568006C65637465642E20466565646261636BDF
:10E578002070696E203D2025730D0A005B444F53BF
:10E58800455D203E3E3E2057454947485420524568
:10E598004144592028737972696E6765202564297A
:10E5A8002E0D0A005B444F53455D20526F626F7415
:10E5B800206E65766572207369676E616C6C656440
:10E5C800207265616479202D2D2076616C76652036
:10E5D8004E4F54206F70656E65642E0D0A00000062
:10E5E8005B444F53455D20526F626F742061742005
:10E5F8006C69717569642073746174696F6E202D1C
:10E608002D204F50454E494E4720647261696E2057
:10E6180076616C76652E0D0A000000005B444F534E
:10E62800455D2056616C7665206F70656E20666F5B
:10E6380072202575206D73202877656967687420B6
:10E64800706F6C6C696E672064697361626C656475
:10E65800292E2E2E0D0A00005B444F53455D204C99
:10E66800697175696420636F6C6C65637465642097
:10E6780028737972696E6765202564292E0D0A0052
:10E688005B444F53455D20445241494E2054494D07
:10E69800454F55542028737972696E676520256443
:10E6A80029202D2D2076616C766520636C6F73654B
:10E6B800642E0D0A000000005B444F53455D205353
:10E6C800746570706572202D3E20757070657220BB
:10E6D8006C696D697420287061726B2C207061728E
:10E6E800616C6C656C292E2E2E0D0A005B5345510A
:10E6F8005D202573202D2D2061626F7274696E670D
:10E708002E0D0A000D0A2323232323232323232347
:10E718002046554C4C2053455155454E43452053B2
:10E72800544152542028256420737972696E6765B4
:10E73800732920232323232323232323230D0A00A0
:10E748005B5345515D20526F626F74206772697028
:10E75800706572204F4E202868656C64207468725A
:10E768006F75676820706F77646572202B206C69FD
:10E7780071756964292E0D0A0000000064697370C0
:10E78800656E73655461736B000000005B534551FF
:10E798005D20436F756C64206E6F742073746172B2
:10E7A800742064697370656E7365207461736B207F
:10E7B8002D2D2061626F7274696E672E0D0A00003C
:10E7C8005B5345515D2044697370656E73652074B1
:10E7D80061736B207374617274656420286C6F6F49
:10E7E800707320616C6C20256420737972696E6780
:10E7F8006573292E0D0A00000D0A232323232320E5
:10E8080053455155454E43453A20737972696E67B1
:10E8180065202564206F6620256420232323232375
:10E828000D0A00005B5345515D205261696C202D33
:10E838003E20706F776465722073746174696F6EBF
:10E8480020282564207475726E73292E2E2E0D0AC9
:10E85800000000005261696C206D6F766520746F4E
:10E8680020706F77646572204641494C454400002A
:10E87800506F776465722064697370656E73652084
:10E888004641494C454400005B5345515D203E3E9E
:10E898003E20504F57444552205354414745204449
:10E8A8004F4E452028737972696E67652025642963
:10E8B800202D2D207374617274696E6720746865E9
:10E8C80020646F73652E0D0A000000005B534551EC
:10E8D8005D204D6F76696E6720726F626F74207469
:10E8E8006F2074686520706F757220706F73652073
:10E8F80028646F73652072756E7320696E2070616D
:10E9080072616C6C656C292E2E2E0D0A00000000B9
:10E918004C697175696420617070726F61636820F9
:10E928004641494C454400005B5345515D204174C4
:10E9380020706F757220706F7365202D2D207761A0
:10E948006974696E6720666F722057454947485455
:10E958002052454144592E2E2E0D0A0054696D65EA
:10E9680064206F75742077616974696E6720666FBB
:10E97800722074686520646F736500005B534551AD
:10E988005D203E3E3E20524F424F54205245414466
:10E99800592028617420706F757220706F73652C10
:10E9A8002077656967687420636F6C6C656374654C
:10E9B80064292E0D0A00000054696D6564206F7586
:10E9C800742077616974696E6720666F72206C695C
:10E9D8007175696420636F6C6C656374696F6E0030
:10E9E800446F73652F636F6C6C6563742072657018
:10E9F8006F72746564204641494C555245000000C9
:10EA08005B5345515D204C697175696420636F6C77
:10EA18006C6563746564202D2D2072657472616362
:10EA280074696E67207468652061726D2E0D0A0026
:10EA38004C697175696420726574726163742046EB
:10EA480041494C45440000005B5345515D205261EB
:10EA5800696C202D3E207374697220737461746927
:10EA68006F6E20282564207475726E73292E2E2EE1
:10EA78000D0A00005261696C206D6F766520746F15
:10EA88002073746972204641494C454400000000D7
:10EA980053746972204641494C4544005265537489
:10EAA8006972204641494C45440000005B5345517A
:10EAB8005D2052657475726E696E67207261696C4B
:10EAC80020746F20686F6D652E2E2E0D0A000000D1
:10EAD8000D0A232323232323232323232046554CB2
:10EAE8004C2053455155454E434520434F4D504CBE
:10EAF8004554452028256420737972696E676573CB
:10EB08002920232323232323232323230D0A00003F
:10EB18005B5345515D204361726F7573656C20616D
:10EB28006C726561647920696E20706C6163652020
:10EB3800282573292E0D0A005B5345515D2043613A
:10EB4800726F7573656C20252B64206465672028B7
:10EB5800617420252B642C202573292E2E2E0D0A56
:10EB6800000000005B5345515D205261696C2061D3
:10EB78006C726561647920696E20746865202573FC
:10EB8800206C616E652028252B64207475726E7365
:10EB980029202D2D2025732E0D0A00005B53455189
:10EBA8005D205261696C202D3E202573206C616EBA
:10EBB800653A20252B64207475726E732028617461
:10EBC80020252B642C2074617267657420252B64C2
:10EBD80029202D2D2025732E2E2E0D0A0000000031
:10EBE8005B5345515D205261696C206D6F766520DD
:10EBF800746F20746865202573206C616E652046EB
:10EC080041494C454420282573292E0D0A0000004F
:10EC18006C69717569642F706F77646572000000A4
:10EC280073746972000000005B5345515D204361B5
:10EC3800726F7573656C202D3E20736C6F74202580
:10EC48006C752028257329202D2D2025732E0D0A5B
:10EC5800000000005B5345515D204361726F75737E
:10EC6800656C206162736F6C75746520256420641F
:10EC78006567202D3E20736C6F7420256C752028E5
:10EC8800257329202D2D2025732E0D0A0000000044
:10EC98005B41444F53455D20537465707065722025
:10ECA800616C7265616479206174206C696D697446
:10ECB80020282573292E0D0A000000005B41444FCF
:10ECC80053455D2053746570706572204E4F542013
:10ECD8006174206C696D6974202D2D20686F6D69D1
:10ECE8006E6720666972737420282573292E2E2E6C
:10ECF8000D0A00000D0A5B41444F53455D203D3D20
:10ED08003D3D3D20536C6F7420256C75206F662047
:10ED180025642028257320736C6F7429202D2D20DD
:10ED28002573203D3D3D3D3D0D0A00005B41444FAC
:10ED380053455D204F646420736C6F74202D3E2012
:10ED4800706C756E67652025642073746570732018
:10ED5800402025642C207468656E206E6F726D618A
:10ED68006C20646F73652E0D0A0000005B41444FF0
:10ED780053455D204576656E20736C6F74202D3E7B
:10ED8800206E6F726D616C20646F7365206F6E6C9E
:10ED98007920286E6F206661737420706C756E67B9
:10EDA80065292E0D0A0000005B41444F53455D2044
:10EDB800446F73696E6720746F2025752E25752042
:10EDC800672E2E2E0D0A00005B5345515D204472BC
:10EDD80061696E696E6720282573292E2E2E0D0A0B
:10EDE800000000005B5345515D2053746972204652
:10EDF80041494C454420282573292E0D0A0000005E
:10EE08005B5345515D2052655374697220464149F0
:10EE18004C454420282573292E0D0A005B53455183
:10EE28005D204361726F7573656C202D3E206162B1
:10EE3800736F6C757465202564206465672028618C
:10EE48007420252B642C2064656C746120252B6448
:10EE580029202D2D2025732E2E2E0D0A00000000AE
:10EE68005B5345515D204361726F7573656C20611A
:10EE78006C72656164792061742074686520736CB4
:10EE88006F742D3120646174756D20282573292EC7
:10EE98000D0A00005B5345515D204361726F757325
:10EEA800656C202D3E20736C6F742D312064617465
:10EEB800756D3A20756E77696E64696E6720252BCB
:10EEC800642064656720282573292E2E2E0D0A00DC
:10EED8000D0A3D3D3D3D3D2057415348203D3D3DB8
:10EEE8003D3D0D0A0000000077617368207374616E
:10EEF8007274000077617368207061737320310049
:10EF08007761736820706173732032005B574153D7
:10EF1800485D204C697175696420646F73652F7052
:10EF28006F757220232564204641494C45442E0DB7
:10EF38000A0000000D0A5B574153485D20436F6D7E
:10EF4800706C6574652E0D0A0000000025730000C2
:10EF58005B5741534853454C5D204E6F20696E7096
:10EF68007574207265636569766564202D2D20743B
:10EF7800727920616761696E2E0D0A005B574153F3
:10EF88004853454C5D2027257327206973206E6FF1
:10EF9800742061206E756D626572202D2D20646964
:10EFA80067697473206F6E6C792C206E6F206465AE
:10EFB80063696D616C20706F696E742028652E67B7
:10EFC8002E20313520666F7220312E352067292E8C
:10EFD8000D0A00005B5741534853454C5D204E6F66
:10EFE8002076616C6964206E756D62657220616659
:10EFF80074657220256420617474656D7074732E55
:10F008000D0A00000D0A2020417661696C61626C6E
:10F0180065207761736820736F6C76656E74733AD8
:10F028000D0A000020202020253264292025730D98
:10F038000A0000002020536F6C76656E7420286EDD
:10F04800756D626572206F72206E616D6529203A58
:10F05800200000005B5741534853454C5D20256C08
:10F0680075206973206F7574206F662072616E67F2
:10F07800652028312E2E2564292E0D0A0000000057
:10F088005B5741534853454C5D202725732720691A
:10F0980073206E6F742061206B6E6F776E20736FB4
:10F0A8006C76656E742E0D0A000000005B574153A4
:10F0B8004853454C5D20546F6F206D616E79206216
:10F0C800616420656E7472696573202D2D206162FC
:10F0D8006F7274696E672E0D0A0000005B5741530A
:10F0E8004853454C5D202573203A204443206D6FDA
:10F0F800746F72204F4E2E0D0A0000005B5741536B
:10F108004853454C5D202573203A2072756E6E6910
:10F118006E6720666F7220256C75206D732E2E2EFB
:10F128000D0A00005B5741534853454C5D20257339
:10F13800203A204443206D6F746F72204F46462E4C
:10F148000D0A00000D0A3D3D3D3D3D205741534805
:10F1580020534F4C56454E542053454C4543544933
:10F168004F4E203D3D3D3D3D0D0A0000486F772044
:10F178006D616E79207761736820736F6C76656E48
:10F18800747320646F20796F752077616E742074B2
:10F198006F207573653F203A200000005B5741538C
:10F1A8004853454C5D2041626F727465642E0D0AA8
:10F1B800000000005B5741534853454C5D204E6F9B
:10F1C8007468696E6720746F20646F2E0D0A0000E2
:10F1D8005B5741534853454C5D204E6F74653A2048
:10F1E800256C752073656C656374696F6E73207226
:10F1F800657175657374656420627574206F6E6CD3
:10F208007920256420736F6C76656E747320657839
:10F21800697374202D2D2072657065617473206187
:10F228006C6C6F7765642E0D0A0000005B574153C4
:10F238004853454C5D2052756E6E696E6720256C8B
:10F24800752073656C656374696F6E2873292E0D5C
:10F258000A0000000D0A2D2D2D2D2D20536F6C76E0
:10F26800656E7420256C75206F6620256C75202DC1
:10F278002D2D2D2D0D0A00002020416D6F756E7407
:10F2880020746F20616464202874656E746873202C
:10F298006F662061206772616D2C20652E672E20B5
:10F2A8003130203D20312E30206729203A200000BF
:10F2B8005B5741534853454C5D2053656C656374F7
:10F2C80065642025732C20616D6F756E7420256C24
:10F2D800752028256C752E256C752067292E0D0A3A
:10F2E800000000005B5741534853454C5D2044697A
:10F2F8007370656E73657220736572766F202D3E2C
:10F3080020686F6D65206265666F72652025732EB3
:10F318002E2E0D0A000000005B5741534853454C00
:10F328005D2044697370656E73657220686F6D65E2
:10F33800204641494C4544206265666F7265202528
:10F3480073202D2D20736B697070696E6720746847
:10F35800652070756D7020666F72207468697320FF
:10F36800736F6C76656E742E0D0A00005B574153FF
:10F378004853454C5D204361726F7573656C206D11
:10F388006F766520746F202573204641494C4544AB
:10F39800202D2D20736B697070696E672074686505
:10F3A8002070756D7020666F7220746869732073A1
:10F3B8006F6C76656E742E0D0A0000005B57415322
:10F3C8004853454C5D204361726F7573656C2061CD
:10F3D800742025732028256420646567292E0D0A6A
:10F3E800000000005B5741534853454C5D2025738E
:10F3F80020636F6D706C6574652E0D0A0000000047
:10F408004578697420746865207761736820736F24
:10F418006C76656E74206D656E753F2028792F6E49
:10F4280029203A20000000005B5741534853454CBF
:10F438005D2045786974696E67206561726C792012
:10F44800617420746865207573657227732072650E
:10F4580071756573742028256C75206F6620256C7E
:10F468007520646F6E65292E0D0A00000D0A5B5722
:10F4780041534853454C5D20416C6C20256C7520E8
:10F4880073656C656374696F6E28732920636F6D8B
:10F49800706C657465202D2D2065786974696E67B8
:10F4A8002E0D0A0054686572696E6F6C202020204A
:10F4B8002D20466D6F632D54687228744275292D6E
:10F4C8006F6C00004379737465696E652020202095
:10F4D8002D20466D6F632D43797328547274292D3E
:10F4E8004F480000546865726F6E696E6520202071
:10F4F8002D20466D6F632D54687228744275292D2E
:10F508004F4800004C7973696E6520202020202028
:10F518002D20466D6F632D4C797328426F63292D1A
:10F528004F4800004454726170746F63202020209B
:10F538002D20466D6F632D442D54727028426F63E1
:10F54800292D4F48000000005068656E616D696E96
:10F55800652020202D20466D6F632D5068652D4F46
:10F5680048000000445068656E616D696E65202032
:10F578002D20466D6F632D442D5068652D4F480032
:10F58800536C6F742D382020202020202D202838FF
:10F59800746820737972696E67652C206E616D6579
:10F5A800206E6F7420737570706C69656429000033
:10F5B8000D0A2020417661696C61626C6520616D7D
:10F5C800696E6F2061636964733A0D0A0000000078
:10F5D800202020202564292025730D0A0000000022
:10F5E8002020416D696E6F206163696420286E7503
:10F5F8006D626572206F72206E616D6529203A20F8
:10F60800000000005B414153454C5D204E6F20696E
:10F618006E707574207265636569766564202D2D3A
:10F628002074727920616761696E2E0D0A000000EE
:10F638005B414153454C5D20256C75206973206FF3
:10F648007574206F662072616E67652028312E2ED2
:10F658002564292E0D0A00005B414153454C5D206D
:10F6680027257327206973206E6F742061206B6EC5
:10F678006F776E20616D696E6F20616369642E0D0E
:10F688000A0000005B414153454C5D20546F6F20D8
:10F698006D616E792062616420656E74726965734C
:10F6A800202D2D2061626F7274696E672E0D0A001D
:10F6B8000D0A3D3D3D3D3D20414D494E4F204143C2
:10F6C80049442053454C454354494F4E203D3D3D08
:10F6D8003D3D0D0A000000002020576569676874E9
:10F6E80020746F2064697370656E73652028746573
:10F6F8006E746873206F662061206772616D2C20BC
:10F70800652E672E203530203D20352E3020672984
:10F71800203A20005B414153454C5D2041626F72A5
:10F728007465642E0D0A00005B414153454C5D2011
:10F738005A65726F20776569676874202D2D206E71
:10F748006F7468696E6720746F2064697370656E82
:10F7580073652E0D0A0000005B414153454C5D2046
:10F76800256C7520697320746F6F206C61726765F2
:10F77800202D2D206D617820363535333520726186
:10F78800772028363535332E352067292E0D0A0087
:10F798005B414153454C5D2053656C6563746564FA
:10F7A8002025732C2077656967687420256C75207F
:10F7B80028256C752E256C752067292E0D0A0000EA
:10F7C8005B414153454C5D2044697370656E7365B8
:10F7D8007220736572766F202D3E20686F6D6520EC
:10F7E8006265666F72652025732E2E2E0D0A000045
:10F7F8005B414153454C5D2044697370656E736588
:10F808007220686F6D65204641494C454420626509
:10F81800666F72652025732E0D0A00005B41415307
:10F82800454C5D204361726F7573656C206D6F7612
:10F838006520746F202573204641494C45442E0DA0
:10F848000A0000005B414153454C5D204361726FE3
:10F858007573656C206174202573202825642064E5
:10F868006567292C20736C6F7420256C75202825FA
:10F8780073292E0D0A0000005B414153454C5D2061
:10F88800446F73652F706F7572204641494C45442B
:10F8980020666F722025732E0D0A00005B414153CC
:10F8A800454C5D2025732064697370656E7365200F
:10F8B8002B20706F757220636F6D706C6574652E88
:10F8C8000D0A0000616D696E6F20646F736500003A
:10F8D8005B41444F53455D20446F73652046414961
:10F8E8004C45442E0D0A00005B41444F53455D20B2
:10F8F8003E3E3E20574549474854205245414459C9
:10F908002E0D0A005B41444F53455D20526F626FD4
:10F9180074206E65766572207369676E616C6C65BC
:10F9280064207265616479202D2D2076616C76657E
:10F93800204E4F54206F70656E65642E0D0A0000CE
:10F948005B41444F53455D20526F626F7420617470
:10F9580020706F757220706F7365202D2D204F50A9
:10F96800454E494E4720647261696E2076616C7617
:10F97800652E0D0A000000005B41444F53455D2091
:10F9880056616C7665206F70656E20666F722025F3
:10F9980075206D73202877656967687420706F6CAF
:10F9A8006C696E672064697361626C6564292E2EC8
:10F9B8002E0D0A005B41444F53455D204C6971751B
:10F9C800696420636F6C6C65637465642E0D0A004E
:10F9D8005B41444F53455D20445241494E205449B0
:10F9E8004D454F5554202D2D2076616C766520634A
:10F9F8006C6F7365642E0D0A000000005B41444F74
:10FA080053455D2053746570706572202D3E2075D6
:10FA180070706572206C696D697420287061726BF2
:10FA28002C20706172616C6C656C292E2E2E0D0A6B
:10FA3800000000005B5345515D20446F73652B70D7
:10FA48006F75723A202573202825752E2575206735
:10FA5800292E2E2E0D0A00005B5345515D20507251
:10FA68006576696F757320616D696E6F20646F7359
:10FA780065207461736B206E657665722066696EA9
:10FA8800697368656420282573292E0D0A00000013
:10FA9800616D696E6F446F73655461736B0000002C
:10FAA8005B5345515D20436F756C64206E6F742005
:10FAB800737461727420616D696E6F20646F736511
:10FAC800207461736B20282573292E0D0A0000000D
:10FAD8005B5345515D204C69717569642061707094
:10FAE800726F616368204641494C4544202825735C
:10FAF800292E0D0A000000005B5345515D2041741A
:10FB080020706F757220706F7365202D2D207761BE
:10FB18006974696E6720666F722057454947485473
:10FB280020524541445920282573292E2E2E0D0A8E
:10FB3800000000005B5345515D2054696D656420E9
:10FB48006F75742077616974696E6720666F7220BB
:10FB580074686520646F736520282573292E0D0A43
:10FB6800000000005B5345515D203E3E3E20524F51
:10FB7800424F5420524541445920282573292E0DBF
:10FB88000A0000005B5345515D2054696D6564208F
:10FB98006F75742077616974696E6720666F72206B
:10FBA8006C697175696420636F6C6C656374696FE7
:10FBB8006E20282573292E0D0A0000005B5345513D
:10FBC8005D20446F73652F636F6C6C65637420727E
:10FBD80065706F72746564204641494C55524520E2
:10FBE800282573292E0D0A005B5345515D204C6969
:10FBF8007175696420726574726163742046414945
:10FC08004C454420282573292E0D0A000D0A23236C
:10FC1800232323232323232320414D494E4F2041CF
:10FC2800434944204144444954494F4E2053455187
:10FC380055454E43452053544152542023232323F2
:10FC48002323232323230D0A000000005B5345517F
:10FC58005D20526F626F74206772697070657220E0
:10FC68004F4E202868656C6420666F722074686542
:10FC78002072756E292E0D0A0000000072756E2024
:10FC880073746172740000005B5345515D20486FC6
:10FC98006D696E67207374657070657220746F206B
:10FCA800697473207570706572206C696D69742051
:10FCB8006265666F7265207468652072756E207360
:10FCC80074617274732E2E2E0D0A00005B53455119
:10FCD8005D205261696C202D3E2068617264636FFB
:10FCE80064656420686F6D65202865737461626C53
:10FCF800697368696E67207468652072756E206420
:10FD08006174756D292E2E2E0D0A00005261696CE2
:10FD180020686F6D65204641494C45442028636141
:10FD28006E6E6F742065737461626C6973682064A9
:10FD38006174756D29000000506F776465722061E9
:10FD480064646974696F6E204641494C45440000FB
:10FD58005261696C206D6F766520746F20746865D8
:10FD6800206C6971756964206C616E652046414933
:10FD78004C45440054686572696E6F6C28466D6F17
:10FD8800632D54687228744275292D6F6C2920419F
:10FD980064646974696F6E200000000054686572BD
:10FDA800696E6F6C206164646974696F6E20464186
:10FDB800494C45442028737972696E67652031295A
:10FDC80000000000616674657220737972696E675D
:10FDD80065203100537469722F647261696E204620
:10FDE80041494C45442028616674657220737972D4
:10FDF800696E676520312900536F636C3220736F19
:10FE08006C76656E742C20317374000044434D2069
:10FE18005761736820736F6C76656E742C20326E30
:10FE28006464000070726F74656374696F6E207328
:10FE38006F6C76656E7400004C6971756964206436
:10FE48006F73652F706F7572204641494C45442089
:10FE58002870726F74656374696F6E20736F6C7647
:10FE6800656E742900000000616674657220347440
:10FE780068202D333620696E646578005374697282
:10FE88002F647261696E204641494C4544202861BF
:10FE98006674657220347468202D333620696E6468
:10FEA80065782900357468202D333620696E6465BD
:10FEB800782C206E6F20646F73650000616674652E
:10FEC8007220357468202D333620696E6465780099
:10FED800537469722F647261696E204641494C45BA
:10FEE800442028616674657220357468202D333685
:10FEF80020696E6465782900576173682023312072
:10FF08004641494C4544000061667465722077613A
:10FF18007368202331000000537469722F64726182
:10FF2800696E204641494C454420286166746572D3
:10FF380020776173682023312900000057617368B6
:10FF4800202332204641494C4544000061667465CF
:10FF5800722077617368202332000000537469723D
:10FF68002F647261696E204641494C4544202861DE
:10FF78006674657220776173682023322900000057
:10FF8800646570726F74656374696F6E20736F6CEB
:10FF980076656E740000000061667465722066699B
:10FFA8006E616C206C697175696420646973706531
:10FFB8006E736500537469722F647261696E2046AE
:10FFC80041494C4544202861667465722066696E13
:10FFD800616C206C69717569642064697370656E01
:10FFE8007365290057617368202333204641494CC3
:08FFF8004544000061667465D8
:020000040803EF
:100000007220776173682023330000005374697293
:100010002F647261696E204641494C454420286135
:1000200066746572207761736820233329000000AD
:1000300057617368202334204641494C45440000F1
:100040006166746572207761736820233400000054
:10005000537469722F647261696E204641494C4540
:1000600044202861667465722077617368202334A8
:100070002900000072756E20656E64000D0A23234E
:10008000232323232323232320414D494E4F204163
:10009000434944204144444954494F4E205345511B
:1000A00055454E434520434F4D504C455445202324
:1000B0002323232323232323230D0A005B4F4354AD
:1000C0005D204D69786572202D3E207265616374F4
:1000D000696F6E20686F6D65202825642070756CCF
:1000E00073657329206265666F7265207374697227
:1000F00020282573292E2E2E0D0A00005B4F435415
:100100005D204D6978657220686F6D6520464149B4
:100110004C454420282573292E0D0A005B4F43547B
:100120005D2053746972204641494C45442028257E
:1001300073292E0D0A0000005B4F43545D20526569
:1001400053746972204641494C454420282573293F
:100150002E0D0A006F63746572746F696465207296
:10016000756E2073746172742028706172616C6C9A
:10017000656C29005B4F43545D2053746570706556
:100180007220686F6D696E6720616C726561647959
:1001900020696E2070726F67726573732E0D0A008E
:1001A0005B4F43545D2053746570706572202D3E23
:1001B000207570706572206C696D69742C20696E91
:1001C00020504152414C4C454C2077697468207452
:1001D00068652061726D2E2E2E0D0A006F637453B8
:1001E0007465707065725461736B00005B4F4354AB
:1001F0005D20436F756C64206E6F74207374617240
:100200007420746865207374657070657220746101
:10021000736B202D2D20686F6D696E6720696E6C81
:10022000696E652E0D0A00006F63746572746F69E4
:1002300064652072756E2073746172742028696E13
:100240006C696E652066616C6C6261636B2900008D
:100250005B4F43545D205374657070657220686F06
:100260006D696E6720646964206E6F742066696EC4
:100270006973682077697468696E20256C75206DD4
:10028000732E0D0A000000005B4F43545D20537431
:10029000657070657220686F6D696E67206A6F693E
:1002A0006E6564202D2D20706C756E6765722063FD
:1002B0006C6561722E0D0A005B4F43545D20436FE5
:1002C0006E6E656374696E6720746F20726F626F03
:1002D000742E2E2E0D0A00005B4F43545D20526F8A
:1002E000626F7420636F6E6E656374696F6E204613
:1002F00041494C45442E0D0A000000005B4F435419
:100300005D20526F626F7420636F6E6E65637465FB
:10031000642E0D0A000000005B4F43545D20526FB5
:10032000626F7420616C726561647920636F6E6EB8
:1003300065637465642E0D0A000000005B4F435432
:100340005D20496E697469616C697A696E672072B3
:100350006F626F742E2E2E0D0A0000005B4F435407
:100360005D20526F626F7420696E697469616C6997
:100370007A6174696F6E204641494C4544202D2DA9
:1003800020736565206D6573736167652061626FB9
:1003900076652E0D0A0000005B4F43545D20526FBE
:1003A000626F7420696E697469616C697A617469DD
:1003B0006F6E20636F6D706C6574652E0D0A0000A2
:1003C0005B4F43545D204465636C6172696E6720C6
:1003D0007468652064697370656E73657227732035
:1003E000737461727420706F736974696F6E2061C9
:1003F0007320686F6D652E2E2E0D0A005B4F4354DF
:100400005D2044697370656E736572202D3E2072A5
:10041000756E20686F6D65202D2D2025732E2E2E74
:100420000D0A00005B4F43545D2044697370656E94
:1004300073657220686F6D65204641494C454420C4
:10044000282573292E0D0A000D0A5B4F43545D20A9
:100450003D3D3D3D3D20506F77646572202B2077F8
:1004600061736820737461676520232564203A20D6
:10047000686F6D65202D3E205031202D3E2050327A
:10048000202D3E20776173682073656C6563746905
:100490006F6E202D3E205031202D3E20686F6D65FF
:1004A000203D3D3D3D3D0D0A000000006265666F48
:1004B000726520706F77646572202B207761736896
:1004C0002073656C656374696F6E00005B4F435405
:1004D0005D205261696C206D6F766520746F2074A9
:1004E000686520706F77646572206C616E65204668
:1004F00041494C4544202873746167652023256475
:10050000292E0D0A000000005B4F43545D20526FFE
:10051000626F74206E6F7420636F6E6E65637465B6
:1005200064202D2D20706F7764657220737461676D
:1005300065202325642061626F727465642E0D0A44
:10054000000000005B4F43545D20526F626F7420C7
:100550004E4F54205245414459202D2D20706F7725
:10056000646572207374616765202325642061626D
:100570006F72746564206265666F726520616E7962
:10058000206D6F74696F6E2E0D0A202020436C65FC
:100590006172206661756C7473202B2073776974A7
:1005A000636820746F204155544F4D415449432096
:1005B0006F6E207468652070656E64616E742F576D
:1005C00065624170702C207468656E20726574726B
:1005D000792E0D0A000000000D0A5B4F43545D2088
:1005E0002D2D2D2D202573202D2D2D2D0D0A0000B4
:1005F0005B4F43545D202573204641494C454420C0
:100600002D2D20706F77646572207374616765208B
:100610002325642041424F525445442E0D0A0000C8
:100620000D0A5B4F43545D20417420504F574445A1
:10063000522032202D2D2072756E6E696E672077E4
:1006400061736820736F6C76656E742073656C657A
:100650006374696F6E20232564202861726D2068A1
:100660006F6C6473207468697320706F7365292ED2
:100670002E2E0D0A000000005B4F43545D20576191
:1006800073682073656C656374696F6E20232564DD
:100690002066696E6973686564202D2D206F7574FE
:1006A00070757473206F66662C2061726D206D61A9
:1006B00079206C6561766520504F57444552203251
:1006C0002E0D0A005B4F43545D2057617368207301
:1006D0006F6C76656E742073656C656374696F6E9C
:1006E00020232564204641494C4544202861726DF1
:1006F0002072657475726E656420686F6D65292E51
:100700000D0A00000D0A5B4F43545D20506F776463
:100710006572202B20776173682073746167652090
:1007200023256420434F4D504C4554452E0D0A005F
:100730000D0A23232323232323232323204F43543E
:100740004552544F4944452053455155454E434524
:100750002053544152542023232323232323232390
:10076000230D0A00526F626F74206272696E672DEA
:100770007570204641494C45440000005B4F43548E
:100780005D20526F626F74206772697070657220AD
:100790004F4E202868656C6420666F72207468650F
:1007A0002072756E292E0D0A000000006F637465BB
:1007B00072746F6964652072756E207374617274EF
:1007C000000000005B4F43545D205261696C202D96
:1007D0003E2068617264636F64656420686F6D6554
:1007E000202865737461626C697368696E67207430
:1007F00068652072756E20646174756D292E2E2EC9
:100800000D0A00000D0A5B4F43545D203D3D3D3D08
:100810003D205374657020313A207261696C202D3F
:100820003E20706F776465722073746174696F6EB7
:100830002C207468656E20706F77646572206D6F10
:1008400064756C65203D3D3D3D3D0D0A0000000096
:100850006265666F726520706F7764657200000074
:100860005261696C206D6F766520746F20746865C5
:1008700020706F776465722073746174696F6E2085
:100880004641494C45440000506F776465722064CE
:10089000697370656E736572206D6F64756C652029
:1008A0004641494C454400005B4F43545D20486F2E
:1008B0006C64696E672061742074686520706F775E
:1008C0006465722073746174696F6E20666F722044
:1008D000256C75206D732E2E2E0D0A000D0A5B4FB0
:1008E00043545D20323020676D20726573696E203D
:1008F000706F776465722069732067657474696EC0
:10090000672064697370656E7365642E0D0A00005C
:100910005374657070657220686F6D696E672064CE
:100920006964206E6F742066696E69736820287030
:100930006C756E676572206E6F7420636C65617292
:1009400029000000506F77646572202B2077617357
:1009500068207374616765202331204641494C4506
:1009600044000000616674657220706F7764657280
:100970002F7761736820233100000000537469727F
:100980002F726573746972202331204641494C45AA
:1009900044000000506F77646572202B20776173EC
:1009A00068207374616765202332204641494C45B5
:1009B00044000000616674657220706F7764657230
:1009C0002F7761736820233200000000537469722E
:1009D0002F726573746972202332204641494C4559
:1009E000440000000D0A5B4F43545D203D3D3D3DFA
:1009F0003D205374657020363A20616D696E6F201A
:100A0000616369642073656C656374696F6E202B24
:100A100020646F7365203D3D3D3D3D0D0A000000A3
:100A2000416D696E6F20616369642073656C6563F5
:100A300074696F6E2F646F7365204641494C45445D
:100A40002028626C6F636B2031290000506F77643F
:100A50006572202B2077617368207374616765204D
:100A60002333204641494C454400000061667465CB
:100A70007220706F776465722F77617368202333FB
:100A800000000000537469722F72657374697220DC
:100A90002333204641494C4544000000506F7764A1
:100AA0006572202B207761736820737461676520FD
:100AB0002334204641494C4544000000616674657A
:100AC0007220706F776465722F77617368202334AA
:100AD00000000000537469722F726573746972208C
:100AE0002334204641494C4544000000506F776450
:100AF0006572202B207761736820737461676520AD
:100B00002335204641494C45440000006166746528
:100B10007220706F776465722F7761736820233558
:100B200000000000537469722F726573746972203B
:100B30002335204641494C4544000000506F7764FE
:100B40006572202B2077617368207374616765205C
:100B50002336204641494C45440000000D0A23231A
:100B600023232320424C4F434B2032202D2D204362
:100B700059434C45202564206F662025642023239B
:100B80002323230D0A0000005B4F43545D20416D79
:100B9000696E6F20616369642073656C6563746955
:100BA0006F6E2F646F7365204641494C4544202881
:100BB000626C6F636B20322C206379636C65202537
:100BC00064292E0D0A000000416D696E6F2061637B
:100BD00069642073656C656374696F6E2F646F73ED
:100BE00065204641494C45442028626C6F636B2068
:100BF00032290000506F77646572202B2077617373
:100C000068207374616765204641494C454420283B
:100C1000626C6F636B20322900000000626C6F63AE
:100C20006B20322C206669727374207374697200B1
:100C3000537469722F726573746972204641494C0E
:100C400045442028626C6F636B20322C20666972E9
:100C500073742900626C6F636B20322C20736563A0
:100C60006F6E6420737469720000000053746972BF
:100C70002F726573746972204641494C454420289F
:100C8000626C6F636B20322C207365636F6E642916
:100C9000000000000D0A232323232320424C4F434E
:100CA0004B2032202D2D204359434C4520256420D4
:100CB0006F6620256420434F4D504C4554452023FA
:100CC000232323230D0A00005B4F43545D2052650C
:100CD0007475726E696E67207261696C20746F2022
:100CE000686F6D652E2E2E0D0A0000000D0A23235D
:100CF0002323232323232323204F43544552544F9C
:100D00004944452053455155454E434520434F4D99
:100D1000504C4554452023232323232323232323DB
:100D20000D0A000054464100506E65756D6174698E
:100D300063203100536F6C76656E74206D6F746F35
:100D40007220320045445400506E65756D617469BF
:100D500063203200536F6C76656E74206D6F746F14
:100D60007220340054495300506E65756D6174698A
:100D700063203400536F6C76656E74206D6F746FF2
:100D80007220310048324F00506E65756D61746994
:100D900063203500536F6C76656E74206D6F746FD1
:100DA000722033000D0A2020417661696C61626C0B
:100DB0006520636C65617661676520736F6C76652D
:100DC0006E74733A0D0A000020202020256429202B
:100DD000252D34732020282573290D0A00000000DA
:100DE0005B434C454156455D204E6F20696E7075E2
:100DF00074207265636569766564202D2D20747298
:100E00007920616761696E2E0D0A00005B434C45D5
:100E10004156455D20256C75206973206F757420DF
:100E20006F662072616E67652028312E2E25642939
:100E30002E0D0A005B434C454156455D2027257326
:100E400027206973206E6F74206120636C65617662
:100E500061676520736F6C76656E742E0D0A0000F5
:100E60005B434C454156455D20546F6F206D616E6C
:100E7000792062616420656E7472696573202D2D1E
:100E80002061626F7274696E672E0D0A00000000A7
:100E90005B434C454156455D202573203A20257320
:100EA000204F4E2E0D0A000020202573206973204C
:100EB0004F4E202D2D207479706520276F66662790
:100EC00020746F20737769746368206974206F667B
:100ED00066203A20000000000D0A5B434C45415655
:100EE000455D204E6F20696E707574202D2D207326
:100EF0007769746368696E67202573206F66662062
:100F0000666F72207361666574792E0D0A000000A9
:100F10006F666600300000005B434C454156455DFE
:100F20002027257327206973206E6F7420276F6632
:100F30006627202D2D202573207374617973204F2F
:100F40004E2E0D0A000000005B434C454156455DA6
:100F5000202573203A202573204F46462E0D0A0087
:100F60005B434C454156455D202573203A2025734F
:100F7000204F4E202B202573204F4E2E0D0A0000AF
:100F80002020257320282573202B202573292069F4
:100F900073204F4E202D2D207479706520276F66A9
:100FA000662720746F2073746F70203A2000000051
:100FB0000D0A5B434C454156455D204E6F20696EDE
:100FC000707574202D2D20737769746368696E675E
:100FD00020257320616E64202573206F666620666D
:100FE0006F72207361666574792E0D0A000000002F
:100FF0005B434C454156455D202725732720697387
:10100000206E6F7420276F666627202D2D20626F5B
:1010100074682073746179204F4E2E0D0A00000011
:101020005B434C454156455D202573203A2025738E
:10103000204F4646202B202573204F46462E0D0A72
:10104000000000005B434C454156455D20446F6FF6
:10105000722025733A2025642073746570732C20E8
:101060006469722025642C20737065656420256492
:101070002E2E2E0D0A0000005B434C454156455D67
:1010800020446F6F722025733A20646F6E652E0DB9
:101090000A0000004F50454E00000000434C4F53E3
:1010A000450000000D0A3D3D3D3D3D20434C45417E
:1010B00056414745204D4F44554C45203D3D3D3D13
:1010C0003D0D0A005B434C454156455D20506E6521
:1010D000756D617469632033204F4E2E2E2E0D0ADC
:1010E000000000005B434C454156455D20506E6555
:1010F000756D617469632033204F464620616674C4
:10110000657220256C75206D732E0D0A000000009D
:10111000486F77206D616E7920636C6561766167D9
:101120006520736F6C76656E747320646F20796FC1
:10113000752077616E7420746F206164643F203A7B
:10114000200000005B434C454156455D2041626FE5
:10115000727465642E0D0A005B434C454156455D33
:10116000204E6F7468696E6720746F206164642E0E
:101170000D0A00005B434C454156455D204E6F749F
:10118000653A20256C752073656C656374696F6EB4
:10119000732072657175657374656420627574205F
:1011A0006F6E6C7920256420736F6C76656E747336
:1011B000206578697374202D2D20726570656174C7
:1011C0007320616C6C6F7765642E0D0A000000005F
:1011D0000D0A2D2D2D2D2D20436C656176616765DF
:1011E00020736F6C76656E7420256C75206F662099
:1011F000256C75202D2D2D2D2D0D0A005B434C45A2
:101200004156455D20257320636C6F7365642077BC
:101210006974686F757420616E20276F6666272079
:101220002D2D20636F6E74696E75696E6720776906
:10123000746820746865206E6578742073656C65C9
:101240006374696F6E2E0D0A000000000D0A5B4387
:101250004C454156455D20416C6C20256C752073D2
:10126000656C656374696F6E28732920636F6D7098
:101270006C6574652E0D0A005B434C454156455D17
:101280002045786974696E672E0D0A004F4E20283C
:10129000686F6F6B290000004F4646202872656C0E
:1012A00065617365290000005B434C454156455D0F
:1012B00020526F626F7420677269707065722025AA
:1012C000732E0D0A000000005B434C454156455DFE
:1012D00020506E65756D617469632033204F4646FA
:1012E0002028736F6C76656E742073657175656EFA
:1012F00063652066696E6973686564292E0D0A004E
:101300005B434C454156455D2041726D202D3E208A
:10131000686F6D65206265666F7265207468652010
:10132000646F6F7220636C6F7365732E2E2E0D0ABF
:10133000000000005B434C454156455D2041726D05
:1013400020686F6D65206D6F7665204641494C457C
:1013500044202D2D20444F4F52204E4F5420434CBB
:101360004F5345442E0D0A2020436C6F73696E67FE
:10137000206974206E6F7720776F756C64207368B6
:101380007574206F6E746F207468652061726D2EA5
:1013900020436C656172207468652061726D206203
:1013A000792068616E642C207468656E20636C6FB0
:1013B00073652074686520646F6F722066726F6D4C
:1013C00020746865206D656E752E0D0A00000000A2
:1013D0005B434C454156455D2025732073746F7007
:1013E00070656420776974686F757420616E20275A
:1013F0006F6666272E0D0A000D0A3D3D3D3D3D20DE
:10140000434C454156414745204D4F44554C45209E
:101410002866756C6C2073657175656E636529202F
:101420003D3D3D3D3D0D0A005B434C454156455D0C
:1014300020526F626F74206E6F7420636F6E6E65E2
:1014400063746564202D2D2061626F7274696E670C
:101450002E0D0A005B434C454156455D20526F629C
:101460006F74204E4F54205245414459202D2D2059
:1014700061626F7274696E67206265666F72652063
:10148000616E79206D6F74696F6E2E0D0A202020B9
:10149000436C656172206661756C7473202B2073D8
:1014A000776974636820746F204155544F4D4154DF
:1014B0004943206F6E207468652070656E64616EAC
:1014C000742C207468656E2072657472792E0D0A12
:1014D000000000005B434C454156455D2041726D64
:1014E000202D3E20686F6D652E2E2E0D0A00000007
:1014F0005B434C454156455D2041726D20646964F3
:10150000206E6F7420726561636820686F6D65205E
:101510002D2D2061626F7274696E672E0D0A0000B6
:101520005B434C454156455D205261696C202D3E20
:1015300020686F6D652E2E2E0D0A00005B434C4512
:101540004156455D205261696C20646964206E6F6C
:101550007420726561636820686F6D65202D2D2091
:1015600061626F7274696E672E0D0A000D0A5B432B
:101570004C454156455D202D2D2D2D20506F736912
:1015800074696F6E202564206F66202564202D2DE0
:101590002D2D0D0A000000005B434C454156455D72
:1015A00020506F736974696F6E202564204641492D
:1015B0004C4544202D2D2073657175656E63652043
:1015C00041424F525445442E0D0A00000D0A5B4320
:1015D0004C454156455D20506F7365203320726540
:1015E00061636865643A20506E65756D6174696306
:1015F0002033204F4E202B20677269707065722057
:101600004F46462E0D0A00005B434C454156455D52
:1016100020506E65756D6174696320332073746149
:101620007973204F4E20756E74696C207468652044
:10163000736F6C76656E742073657175656E636526
:101640002066696E69736865732E0D0A00000000DC
:101650005B434C454156455D2053657175656E632E
:101660006520434F4D504C4554452E0D0A00000057
:101670004574684C696E6B00701603084D2C0108A8
:10168000FFFF00000000000000020000000000005A
:1016900000000000457468496600000094160308C5
:1016A0003129010803000000000000005E01000075
:1016B0000000000000000000524D49495F5761746E
:1016C0006368646F67000000B8160308652E0108A0
:1016D0000300000000000000000100000000000006
:1016E000000000002E2E2F4C5749502F5461726776
:1016F00065742F65746865726E657469662E630023
:101700006E6574696620213D204E554C4C000000EA
:10171000417373657274696F6E202225732220668F
:1017200061696C6564206174206C696E6520256454
:1017300020696E2025730A0049444C4500000000D2
:101740002E2E2F4D6964646C6577617265732F541A
:10175000686972645F50617274792F4C7749502FB9
:101760007372632F6170692F6170695F6C69622E9B
:101770006300000066726565696E6720636F6E6E58
:1017800020776974686F75742066726565696E6725
:101790002070636200000000417373657274696FAA
:1017A0006E2022257322206661696C656420617455
:1017B000206C696E6520256420696E2025730A00FF
:1017C000636F6E6E20686173206E6F207265637642
:1017D0006D626F7800000000636F6E6E2D3E616376
:1017E000636570746D626F782073686F756C646E7A
:1017F000277420657869737400000000636F6E6E53
:1018000020686173206E6F206F705F636F6D706C06
:1018100065746564000000006E6574636F6E6E5FD2
:10182000676574616464723A20696E76616C69649C
:1018300020636F6E6E0000006E6574636F6E6E5F86
:10184000676574616464723A20696E76616C69647C
:1018500020616464720000006E6574636F6E6E5F79
:10186000676574616464723A20696E76616C69645C
:1018700020706F72740000006E6574636F6E6E5F2F
:1018800062696E643A20696E76616C696420636F88
:101890006E6E00006E6574636F6E6E5F62696E647B
:1018A0005F69663A20696E76616C696420636F6E69
:1018B0006E0000006E6574636F6E6E5F636F6E6EB8
:1018C0006563743A20696E76616C696420636F6E3B
:1018D0006E0000006E6574636F6E6E5F64697363A3
:1018E0006F6E6E6563743A20696E76616C69642010
:1018F000636F6E6E000000006E6574636F6E6E5FE6
:101900006C697374656E3A20696E76616C696420E7
:10191000636F6E6E000000006E6574636F6E6E5FC5
:101920006163636570743A20696E76616C696420E6
:10193000706F696E746572006E6574636F6E6E5F52
:101940006163636570743A20696E76616C696420C6
:10195000636F6E6E000000006E6574636F6E6E5F85
:10196000726563763A20696E76616C696420706F87
:10197000696E7465720000006E6574636F6E6E5FF1
:10198000726563763A20696E76616C696420636F74
:101990006E6E000062756620213D204E554C4C0055
:1019A0006E6574636F6E6E5F726563765F7463708D
:1019B0005F706275663A20696E76616C6964206357
:1019C0006F6E6E006E6574636F6E6E5F72656376C8
:1019D0005F7564705F7261775F6E65746275663A99
:1019E00020696E76616C696420636F6E6E00000022
:1019F0007020213D204E554C4C0000006E657463F4
:101A00006F6E6E5F73656E643A20696E76616C69A5
:101A10006420636F6E6E00006E6574636F6E6E5F40
:101A200077726974653A20696E76616C69642063C7
:101A30006F6E6E006E6574636F6E6E5F7772697441
:101A4000653A20696E76616C696420636F6E6E2DF5
:101A50003E74797065000000646F5F777269746529
:101A6000206661696C656420746F207772697465A3
:101A700020616C6C20627974657300006E6574631C
:101A80006F6E6E5F636C6F73653A20696E76616C22
:101A9000696420636F6E6E002E2E2F4D6964646C36
:101AA0006577617265732F54686972645F50617203
:101AB00074792F4C7749502F7372632F6170692F9F
:101AC0006170695F6D73672E63000000756E6861F9
:101AD0006E646C6564206572726F72004173736529
:101AE0007274696F6E2022257322206661696C65AD
:101AF00064206174206C696E6520256420696E2005
:101B000025730A0065727220213D204E554C4C0011
:101B1000726563765F756470206D7573742068619B
:101B2000766520612070636220617267756D656EF5
:101B300074000000726563765F756470206D757364
:101B400074206861766520616E20617267756D65CD
:101B50006E740000726563765F7564703A2072651A
:101B6000637620666F722077726F6E672070636293
:101B700021000000726563765F746370206D757379
:101B800074206861766520612070636220617267ED
:101B9000756D656E74000000726563765F746370C6
:101BA000206D757374206861766520616E206172A6
:101BB00067756D656E74000065727220213D204569
:101BC00052525F4F4B20756E68616E646C656400A5
:101BD000726563765F7463703A207265637620661F
:101BE0006F722077726F6E67207063622100000051
:101BF000636F6E6E20213D204E554C4C000000005E
:101C0000636F6E6E2D3E63757272656E745F6D7379
:101C10006720213D204E554C4C000000696E6176D6
:101C20006C6964206F705F636F6D706C6574656460
:101C30005F73656D00000000636F6E6E2D3E63750F
:101C40007272656E745F6D7367203D3D204E554C1A
:101C50004C000000657870656374206E6577706372
:101C600062203D3D204E554C4C206F7220657272B3
:101C7000203D3D204552525F4F4B00007063625F34
:101C80006E65773A2070636220616C726561647979
:101C900020616C6C6F636174656400006E657463D1
:101CA0006F6E6E5F616C6C6F633A20756E64656613
:101CB000696E6564206E6574636F6E6E5F747970B3
:101CC00065000000504342206D75737420626520EA
:101CD0006465616C6C6F6361746564206F757473A7
:101CE00069646520746869732066756E6374696FD2
:101CF0006E000000726563766D626F78206D75739B
:101D000074206265206465616C6C6F6361746564E6
:101D1000206265666F72652063616C6C696E672016
:101D2000746869732066756E6374696F6E00000075
:101D30006163636570746D626F78206D7573742074
:101D40006265206465616C6C6F63617465642062B8
:101D500065666F72652063616C6C696E672074687C
:101D600069732066756E6374696F6E00696E766163
:101D70006C696420636F6E6E0000000074686973A4
:101D800020697320666F7220746370206E657463BF
:101D90006F6E6E73206F6E6C79000000636F6E6EF5
:101DA000206D75737420626520696E207374617490
:101DB00065204E4554434F4E4E5F434C4F534500B4
:101DC00070636220616C726561647920636C6F730B
:101DD00065640000436C6F73696E672061206C69F5
:101DE0007374656E20706362206D6179206E6F740C
:101DF000206661696C21000065727220213D2045DA
:101E000052525F4F4B0000006E6574636F6E6E2020
:101E10007374617465206572726F7200626C6F63B7
:101E20006B696E6720636F6E6E65637420696E20E8
:101E300070726F677265737300000000616C726589
:101E40006164792077726974696E67206F722063AC
:101E50006C6F73696E6700007374617465210000B4
:101E6000636F6E6E2D3E7374617465203D3D204E30
:101E70004554434F4E4E5F434F4E4E454354000032
:101E800028636F6E6E2D3E63757272656E745F6D42
:101E9000736720213D204E554C4C29207C7C2063CB
:101EA0006F6E6E2D3E696E5F6E6F6E5F626C6F63FC
:101EB0006B696E675F636F6E6E6563740000000030
:101EC000626C6F636B696E6720636F6E6E656374BF
:101ED000207374617465206572726F720000000077
:101EE000496E76616C6964206E6574636F6E6E20F6
:101EF0007479706500000000636F6E6E2D3E737420
:101F0000617465203D3D204E4554434F4E4E5F5712
:101F10005249544500000000636F6E6E2D3E7063A1
:101F2000622E74637020213D204E554C4C00000001
:101F3000636F6E6E2D3E63757272656E745F6D7346
:101F4000672D3E6D73672E772E6F666673657420FE
:101F50003C20636F6E6E2D3E63757272656E745FAA
:101F60006D73672D3E6D73672E772E6C656E000066
:101F7000636F6E6E2D3E63757272656E745F6D7306
:101F8000672D3E6D73672E772E766563746F725F73
:101F9000636E74203E2030006C7769705F6E6574EC
:101FA000636F6E6E5F646F5F77726974656D6F7279
:101FB000653A20696E76616C6964206C656E677441
:101FC000682100006D73672D3E6D73672E772E6C50
:101FD000656E20213D203000696E76616C69642059
:101FE0006E6574636F6E6E5F7479706500000000DB
:101FF0002E2E2F4D6964646C6577617265732F5462
:10200000686972645F50617274792F4C7749502F00
:102010007372632F6170692F6E65746275662E63CB
:10202000000000006E65746275665F616C6C6F63C2
:102030003A20696E76616C69642062756600000002
:10204000417373657274696F6E2022257322206656
:1020500061696C6564206174206C696E652025641B
:1020600020696E2025730A00636865636B207468BD
:102070006174206669727374207062756620636192
:102080006E20686F6C642073697A65006E65746297
:1020900075665F667265653A20696E76616C696423
:1020A00020627566000000006E65746275665F727E
:1020B00065663A20696E76616C69642062756600B7
:1020C0006E65746275665F636861696E3A20696EF9
:1020D00076616C6964206865616400006E65746295
:1020E00075665F636861696E3A20696E76616C69D6
:1020F00064207461696C00006E65746275665F646B
:102100006174613A20696E76616C696420627566FB
:10211000000000006E65746275665F646174613A08
:1021200020696E76616C6964206461746170747298
:10213000000000006E65746275665F646174613AE8
:1021400020696E76616C6964206C656E0000000029
:102150006E65746275665F6E6578743A20696E7636
:10216000616C696420627566000000006E657462CF
:1021700075665F66697273743A20696E76616C6920
:1021800064206275660000002E2E2F4D6964646C19
:102190006577617265732F54686972645F5061720C
:1021A00074792F4C7749502F7372632F6170692FA8
:1021B000736F636B6574732E63000000736F636BE2
:1021C0006574735B695D2E73656C6563745F7761BD
:1021D0006974696E67203D3D20300000417373656E
:1021E0007274696F6E2022257322206661696C65A6
:1021F00064206174206C696E6520256420696E20FE
:1022000025730A006E6577636F6E6E20213D204E48
:10221000554C4C00696E76616C696420736F636B1A
:10222000657420696E646578000000006C776970E1
:102230005F62696E643A20696E76616C69642061E0
:102240006464726573730000736F636B2D3E6C6121
:10225000737464617461203D3D204E554C4C000008
:102260006C7769705F636F6E6E6563743A20696E38
:1022700076616C6964206164647265737300000048
:102280006E6F20736F636B657420676976656E008F
:10229000746869732073686F756C6420626520636D
:1022A0006865636B656420696E7465726E616C6CE1
:1022B000790000007020213D204E554C4C0000005C
:1022C000696E76616C696420636F70796C656E2CE1
:1022D000206C656E20776F756C6420756E64657216
:1022E000666C6F7700000000696E76616C6964202F
:1022F000636F70796C656E0066726F6D6164647295
:1023000020213D204E554C4C0000000066726F6D40
:1023100020213D204E554C4C0000000066726F6D30
:102320006C656E20213D204E554C4C006C776970D9
:102330005F7265637666726F6D5F7564705F726100
:10234000773A20696E76616C696420617267756D99
:10235000656E74730000000062756620213D204E9A
:10236000554C4C006C7769705F7265637666726F6E
:102370006D0000006C7769705F726563766D7367DE
:102380003A20696E76616C6964206D65737361676C
:102390006520706F696E7465720000006C776970FB
:1023A0005F726563766D73673A20756E73757070D2
:1023B0006F7274656420666C616773006C77697016
:1023C0005F73656E646D73673A20696E76616C69E0
:1023D00064206D7367686472000000006C77697038
:1023E0005F73656E646D73673A20696E76616C69C0
:1023F00064206D736768647220696F760000000066
:102400006C7769705F73656E646D73673A206D6198
:1024100078696D756D20696F767320657863656581
:10242000646564006C7769705F73656E646D736773
:102430003A20756E737570706F7274656420666C87
:10244000616773006C7769705F73656E646D736745
:102450003A20696E76616C6964206D736768647296
:10246000206E616D650000006C7769705F73656E4A
:1024700064746F3A20696E76616C6964206164648B
:10248000726573730000000073656C6563745F634D
:10249000622D3E70726576203D3D204E554C4C00BD
:1024A00073656C6563745F63622D3E707265762040
:1024B000213D204E554C4C006E7265616479203E82
:1024C0003D203000736F636B2D3E73656C656374E4
:1024D0005F77616974696E67203E203000000000FC
:1024E0006C7769705F706F6C6C3A20696E76616CA6
:1024F000696420666473000074696D656F7574208B
:102500003E203000756E6B6E6F776E206576656E5F
:1025100074000000556E6B6E6F776E20736F636B87
:102520006574206F7074696F6E000000556E68618D
:102530006E646C6564206E6574636F6E6E20747972
:10254000706520696E20534F5F42494E44544F449A
:1025500045564943450000002E2E2F4D6964646C9A
:102560006577617265732F54686972645F50617238
:1025700074792F4C7749502F7372632F6170692FD4
:1025800074637069702E630074637069705F74683F
:10259000726561643A20696E76616C6964206D656C
:1025A0007373616765000000417373657274696FCE
:1025B0006E2022257322206661696C656420617437
:1025C000206C696E6520256420696E2025730A00E1
:1025D000496E76616C6964206D626F78000000005E
:1025E0006661696C656420746F20637265617465EF
:1025F0002074637069705F746872656164206D62D5
:102600006F7800006661696C656420746F20637286
:1026100065617465206C6F636B5F74637069705F74
:10262000636F72650000000074637069705F7468A6
:1026300072656164000000002E2E2F4D6964646C89
:102640006577617265732F54686972645F50617257
:1026500074792F4C7749502F7372632F636F7265B3
:102660002F6D656D2E630000706C75675F686F6C11
:1026700065733A206D656D203E3D2072616D0000EE
:10268000417373657274696F6E2022257322206610
:1026900061696C6564206174206C696E65202564D5
:1026A00020696E2025730A00706C75675F686F6C17
:1026B00065733A206D656D203C2072616D5F656EBB
:1026C00064000000706C75675F686F6C65733A201A
:1026D0006D656D2D3E75736564203D3D20300000B5
:1026E000706C75675F686F6C65733A206D656D2DF2
:1026F0003E6E657874203C3D204D454D5F53495AF0
:10270000455F414C49474E45440000006661696C95
:10271000656420746F20637265617465206D656DFA
:102720005F6D7574657800006D656D5F66726565D7
:102730003A2073616E69747920636865636B206108
:102740006C69676E6D656E74000000006D656D5F8D
:10275000667265653A20696C6C6567616C206D65B1
:102760006D6F7279000000006D656D5F6672656562
:102770003A20696C6C6567616C206D656D6F72796C
:102780003A20646F75626C652066726565000000B2
:102790006D656D5F667265653A20696C6C65676131
:1027A0006C206D656D6F72793A206E6F6E2D6C695D
:1027B0006E6B65643A20646F75626C652066726545
:1027C000650000006D656D5F7472696D3A206C651F
:1027D00067616C206D656D6F727900006D656D5F6E
:1027E0007472696D2063616E206F6E6C79207368FE
:1027F00072696E6B206D656D6F727900696E7661BE
:102800006C6964206E65787420707472000000003A
:102810006D656D5F6D616C6C6F633A20216C6672E3
:1028200065652D3E75736564000000006D656D5F24
:102830006D616C6C6F633A20616C6C6F6361746581
:1028400064206D656D6F7279206E6F742061626FA8
:1028500076652072616D5F656E642E006D656D5FDB
:102860006D616C6C6F633A20616C6C6F6361746551
:1028700064206D656D6F72792070726F7065726C17
:102880007920616C69676E65642E00006D656D5F0F
:102890006D616C6C6F633A2073616E69747920634B
:1028A0006865636B20616C69676E6D656E740000AE
:1028B0002E2E2F4D6964646C6577617265732F5499
:1028C000686972645F50617274792F4C7749502F38
:1028D0007372632F636F72652F6D656D702E630069
:1028E0006D656D705F6D616C6C6F633A206D656DC9
:1028F000702070726F7065726C7920616C69676EA0
:1029000065640000417373657274696F6E202225DF
:102910007322206661696C6564206174206C696E45
:102920006520256420696E2025730A00696E766132
:102930006C696420706F6F6C2064657363000000C5
:102940006D656D705F6D616C6C6F633A207479704A
:1029500065203C204D454D505F4D41580000000022
:102960006D656D705F667265653A206D656D20708E
:10297000726F7065726C7920616C69676E65640056
:102980006D656D705F667265653A2074797065205B
:102990003C204D454D505F4D415800002E2E2F4D8F
:1029A0006964646C6577617265732F5468697264D9
:1029B0005F50617274792F4C7749502F7372632F77
:1029C000636F72652F6E657469662E630000000088
:1029D0006E657469665F696E7075743A20696E76AB
:1029E000616C6964207062756600000041737365F4
:1029F0007274696F6E2022257322206661696C658E
:102A000064206174206C696E6520256420696E20E5
:102A100025730A006E657469665F696E7075743A35
:102A200020696E76616C6964206E65746966000069
:102A30006E657469665F6164643A20696E76616C84
:102A40006964206E65746966000000006E657469D3
:102A5000665F6164643A204E6F20696E6974206617
:102A6000756E6374696F6E20676976656E0000002D
:102A70006E6574696620616C726561647920616459
:102A800064656400746F6F206D616E79206E65748B
:102A90006966732C206D61782E20737570706F726B
:102AA000746564206E756D626572206973203235BD
:102AB00035000000696E76616C696420706F696E24
:102AC000746572006E657469665F7365745F6970C2
:102AD000616464723A20696E76616C6964206E6527
:102AE000746966006E657469665F7365745F6E65B0
:102AF000746D61736B3A20696E76616C6964206EE7
:102B000065746966000000006E657469665F7365D0
:102B1000745F67773A20696E76616C6964206E65D0
:102B2000746966006E657469665F7365745F75705D
:102B30003A20696E76616C6964206E65746966001E
:102B40006E657469665F69737375655F7265706FD2
:102B50007274733A20696E76616C6964206E657474
:102B6000696600006E657469665F7365745F646FA3
:102B7000776E3A20696E76616C6964206E6574695F
:102B8000660000006E657469665F7365745F6C69EA
:102B90006E6B5F75703A20696E76616C6964206E49
:102BA00065746966000000006E657469665F736530
:102BB000745F6C696E6B5F646F776E3A20696E76D6
:102BC000616C6964206E6574696600002E2E2F4D5D
:102BD0006964646C6577617265732F5468697264A7
:102BE0005F50617274792F4C7749502F7372632F45
:102BF000636F72652F706275662E63007062756612
:102C00005F616C6C6F633A207062756620712D3E57
:102C10007061796C6F61642070726F7065726C792D
:102C200020616C69676E6564000000004173736524
:102C30007274696F6E2022257322206661696C654B
:102C400064206174206C696E6520256420696E20A3
:102C500025730A00504255465F504F4F4C5F425516
:102C60004653495A45206D75737420626520626928
:102C700067676572207468616E204D454D5F414CF9
:102C800049474E4D454E5400706275665F616C6CED
:102C90006F633A20706275662D3E7061796C6F616A
:102CA000642070726F7065726C7920616C69676EF8
:102CB00065640000706275665F616C6C6F633A20DA
:102CC0006572726F6E656F75732074797065000040
:102CD000696E76616C696420706275665F74797084
:102CE00065000000706275665F7265616C6C6F6391
:102CF0003A207020213D204E554C4C007062756684
:102D00005F7265616C6C6F633A207120213D204ECB
:102D1000554C4C006D656D5F7472696D2072657401
:102D200075726E65642071203D3D204E554C4C00FF
:102D30007020213D204E554C4C000000696E63729E
:102D4000656D656E745F6D61676E6974756465202D
:102D50003C3D20702D3E6C656E0000007062756613
:102D60005F667265653A20702D3E726566203E2072
:102D70003000000070632D3E637573746F6D5F6685
:102D80007265655F66756E6374696F6E20213D20A4
:102D90004E554C4C00000000696E76616C696420F1
:102DA00070627566207479706500000070627566E7
:102DB00020726566206F766572666C6F7700000022
:102DC000286820213D204E554C4C292026262028BD
:102DD0007420213D204E554C4C29202870726F677D
:102DE00072616D6D65722076696F6C6174657320B8
:102DF0004150492900000000702D3E746F745F6CD3
:102E0000656E203D3D20702D3E6C656E20286F66FE
:102E1000206C617374207062756620696E2063682F
:102E200061696E2900000000702D3E6E6578742087
:102E30003D3D204E554C4C00702D3E746F745F6CC0
:102E4000656E203D3D20702D3E6C656E202B2071FF
:102E50002D3E746F745F6C656E000000702D3E74C3
:102E60006F745F6C656E203D3D20702D3E6C656E0D
:102E700000000000706275665F636F70793A2074BD
:102E80006172676574206E6F742062696720656E79
:102E90006F75676820746F20686F6C6420736F753E
:102EA000726365006F66667365745F746F203C3D86
:102EB00020705F746F2D3E6C656E00006F666673E8
:102EC00065745F66726F6D203C3D20705F66726F47
:102ED0006D2D3E6C656E0000705F746F20213D208B
:102EE0004E554C4C00000000706275665F636F7059
:102EF00079282920646F6573206E6F7420616C6C73
:102F00006F77207061636B6574207175657565738B
:102F100021000000706275665F636F70795F706199
:102F2000727469616C3A20696E76616C69642062C2
:102F300075660000706275665F636F70795F7061BF
:102F4000727469616C3A20696E76616C69642064A0
:102F50006174617074720000706275665F67657499
:102F60005F636F6E746967756F75733A20696E760B
:102F7000616C6964206275660000000070627566AD
:102F80005F6765745F636F6E746967756F75733AB9
:102F900020696E76616C696420646174617074721A
:102FA00000000000706275665F74616B653A2069AD
:102FB0006E76616C69642062756600007062756689
:102FC0005F74616B653A20696E76616C6964206438
:102FD0006174617074720000706275665F74616B19
:102FE000653A20627566206E6F74206C6172676549
:102FF00020656E6F75676800706275665F74616BDF
:10300000653A20696E76616C69642070627566004D
:10301000646964206E6F7420636F707920616C6CDA
:103020002064617461000000636865636B207062F6
:1030300075665F736B697020726573756C740000E0
:10304000706275665F636F7079206661696C656434
:1030500000000000434C4F53454400004C4953547A
:10306000454E000053594E5F53454E54000000003A
:1030700053594E5F5243564400000000455354419B
:10308000424C49534845440046494E5F57414954D4
:103090005F31000046494E5F574149545F3200009E
:1030A000434C4F53455F574149540000434C4F53E5
:1030B000494E47004C4153545F41434B00000000D0
:1030C00054494D455F574149540000002E2E2F4D65
:1030D0006964646C6577617265732F5468697264A2
:1030E0005F50617274792F4C7749502F7372632F40
:1030F000636F72652F7463702E6300007463705F7A
:10310000667265653A204C495354454E00000000F4
:10311000417373657274696F6E2022257322206675
:1031200061696C6564206174206C696E652025643A
:1031300020696E2025730A007463705F667265658E
:103140005F6C697374656E3A20214C495354454E47
:10315000000000007463705F72656D6F76655F6C70
:10316000697374656E65723A20696E76616C696424
:10317000206C697374656E65720000007063622074
:10318000213D204E554C4C007063622D3E7374619E
:103190007465203D3D204C495354454E00000000CD
:1031A0007463705F636C6F73655F73687574646F6D
:1031B000776E3A20696E76616C6964207063620094
:1031C0007063622D3E666C61677320262054465FF3
:1031D0005258434C4F534544000000007463705FE5
:1031E000636C6F73653A20696E76616C69642070F8
:1031F000636200007463705F73687574646F776EE8
:103200003A20696E76616C69642070636200000028
:103210007463705F6162616E646F6E3A20696E768E
:10322000616C69642070636200000000646F6E2747
:10323000742063616C6C207463705F61626F727480
:103240002F7463705F6162616E646F6E20666F726F
:10325000206C697374656E2D7063627300000000EA
:103260007463705F62696E643A20696E76616C693E
:1032700064207063620000007463705F62696E6452
:103280003A2063616E206F6E6C792062696E6420F3
:10329000696E20737461746520434C4F534544003C
:1032A0007463705F6163636570745F6E756C6C3AB4
:1032B00020696E76616C69642070636200000000B2
:1032C0007463705F6C697374656E5F776974685F4F
:1032D0006261636B6C6F675F616E645F6572723AA7
:1032E00020696E76616C6964207063620000000082
:1032F0007463705F6C697374656E5F776974685F1F
:103300006261636B6C6F675F616E645F6572723A76
:103310002070636220616C726561647920636F6EF6
:103320006E656374656400007463705F75706461DA
:1033300074655F7263765F616E6E5F776E643A206C
:10334000696E76616C696420706362006E65775F98
:103350007263765F616E6E5F776E64203C3D2030F5
:1033600078666666660000007463705F72656376F7
:1033700065643A20696E76616C69642070636200EE
:10338000646F6E27742063616C6C207463705F726D
:10339000656376656420666F72206C697374656E10
:1033A0002D706362730000007463705F636F6E6EF4
:1033B0006563743A20696E76616C6964207063623B
:1033C000000000007463705F636F6E6E6563743A33
:1033D00020696E76616C6964206970616464720052
:1033E0007463705F636F6E6E6563743A2063616EC1
:1033F000206F6E6C7920636F6E6E656374206672E9
:103400006F6D20737461746520434C4F53454400C5
:103410007463705F736C6F77746D723A206163745C
:10342000697665207063622D3E7374617465202136
:103430003D20434C4F5345440A0000007463705FC5
:10344000736C6F77746D723A20616374697665206E
:103450007063622D3E737461746520213D204C4978
:103460005354454E0A0000007463705F736C6F77AD
:10347000746D723A20616374697665207063622DA1
:103480003E737461746520213D2054494D452D578C
:103490004149540A000000007463705F736C6F77D9
:1034A00074696D723A2070657273697374207469FF
:1034B000636B696E67207769746820696E2D666C2E
:1034C0006967687420646174610000007463705FF0
:1034D000736C6F7774696D723A207065727369737B
:1034E00074207469636B696E6720776974682065FE
:1034F0006D7074792073656E64206275666665729E
:10350000000000007463705F736C6F77746D723AC3
:10351000206D6964646C652074637020213D2074A3
:1035200063705F6163746976655F706362730000E6
:103530007463705F736C6F77746D723A2066697232
:10354000737420706362203D3D207463705F61631B
:10355000746976655F706362730000007463705F06
:10356000736C6F77746D723A2054494D452D5741F5
:103570004954207063622D3E7374617465203D3D33
:103580002054494D452D5741495400007463705FE4
:10359000736C6F77746D723A206D6964646C65202A
:1035A00074637020213D207463705F74775F706373
:1035B000627300007463705F736C6F77746D723A3E
:1035C00020666972737420706362203D3D207463CD
:1035D000705F74775F706362730000007463705F84
:1035E00070726F636573735F726566757365645F30
:1035F000646174613A20696E76616C6964207063FD
:10360000620000007463705F7365747072696F3A72
:1036100020696E76616C696420706362000000004E
:103620007463705F7365675F636F70793A20696E6A
:1036300076616C6964207365670000007463705F75
:10364000726563765F6E756C6C3A20696E76616C3C
:103650006964207063620000696E76616C69642041
:103660007374617465000000696E76616C69642032
:10367000736F636B657420737461746520666F7219
:1036800020726563762063616C6C6261636B00001D
:10369000696E76616C696420736F636B6574207307
:1036A0007461746520666F722073656E7420636147
:1036B0006C6C6261636B0000696E76616C6964209A
:1036C000736F636B657420737461746520666F72C9
:1036D000206572722063616C6C6261636B00000034
:1036E0007463705F706F6C6C3A20696E76616C69A0
:1036F0006420706362000000696E76616C6964200A
:10370000736F636B657420737461746520666F7288
:1037100020706F6C6C0000007463705F7063625F98
:1037200070757267653A20696E76616C69642070A5
:10373000636200007463705F7063625F72656D6FD7
:1037400076653A20696E76616C6964207063620008
:103750007463705F7063625F72656D6F76653A2047
:10376000696E76616C6964207063626C6973740061
:10377000756E73656E74207365676D656E74732006
:103780006C65616B696E6700756E61636B65642063
:103790007365676D656E7473206C65616B696E67C8
:1037A000000000006F6F736571207365676D656E53
:1037B0007473206C65616B696E6700007463705F81
:1037C0006E6578745F6973733A20696E76616C69AF
:1037D00064207063620000007463705F6566665FFA
:1037E00073656E645F6D73735F6E657469663A20AE
:1037F000696E76616C6964206473745F697000003F
:103800007463705F6E657469665F69705F6164643C
:10381000725F6368616E6765645F7063626C697331
:10382000743A20696E76616C6964206F6C645F61C4
:10383000646472002E2E2F4D6964646C657761722A
:1038400065732F54686972645F50617274792F4C8C
:103850007749502F7372632F636F72652F74637093
:103860005F696E2E630000007463705F696E70752F
:10387000743A20696E76616C6964207062756600C6
:10388000417373657274696F6E20222573222066FE
:1038900061696C6564206174206C696E65202564C3
:1038A00020696E2025730A00702D3E6E65787420A5
:1038B000213D204E554C4C00702D3E6C656E203DD8
:1038C0003D203000702D3E746F745F6C656E203D3E
:1038D0003D20702D3E6E6578742D3E746F745F6C64
:1038E000656E00007463705F696E7075743A206174
:1038F0006374697665207063622D3E7374617465CC
:1039000020213D20434C4F53454400007463705FB9
:10391000696E7075743A20616374697665207063AE
:10392000622D3E737461746520213D2054494D45DC
:103930002D574149540000007463705F696E7075C3
:10394000743A20616374697665207063622D3E73FA
:103950007461746520213D204C495354454E00004C
:103960007463705F696E7075743A207063622D3E87
:103970006E65787420213D20706362202862656640
:103980006F72652063616368652900007463705F0E
:10399000696E7075743A207063622D3E6E6578743E
:1039A00020213D2070636220286166746572206367
:1039B00061636865290000007463705F696E7075EB
:1039C000743A2054494D452D574149542070636243
:1039D0002D3E7374617465203D3D2054494D452D45
:1039E00057414954000000007063622D3E726566C5
:1039F000757365645F64617461203D3D204E554C74
:103A00004C0000007463705F696E7075745F64656C
:103A10006C617965645F636C6F73653A20696E767B
:103A2000616C696420706362000000007463705F01
:103A30006C697374656E5F696E7075743A20696E37
:103A400076616C6964207063620000007463705F6B
:103A500074696D65776169745F696E7075743A2019
:103A6000696E76616C696420706362007463705F74
:103A700070726F636573733A20696E76616C696406
:103A800020706362000000007463705F696E70757F
:103A9000743A207063622D3E737461746520213D19
:103AA00020434C4F534544007063622D3E736E6457
:103AB0005F71756575656C656E203E203000000095
:103AC0006E6F207365676D656E7420746F2066720B
:103AD000656500007063622D3E6C697374656E6588
:103AE000722D3E61636365707420213D204E554CFC
:103AF0004C0000007463705F6F6F735F696E736575
:103B000072745F7365676D656E743A20696E766175
:103B10006C69642063736567000000007063622D48
:103B20003E736E645F71756575656C656E203E3DB4
:103B300020706275665F636C656E286E6578742DA3
:103B40003E7029007463705F726563656976653ADB
:103B50002076616C6964207175657565206C656E91
:103B6000677468007463705F726563656976653A4F
:103B700020696E76616C69642070636200000000E9
:103B80007463705F726563656976653A2077726FFA
:103B90006E6720737461746500000000756E616368
:103BA0006B656400756E73656E740000696E736595
:103BB000672E7020213D204E554C4C00696E73617C
:103BC0006E65206F666673657421000070627566AD
:103BD00020746F6F2073686F727421007463705F5C
:103BE000726563656976653A207365676D656E74A5
:103BF000206E6F74207472696D6D656420636F72DE
:103C0000726563746C7920746F207263765F776E6F
:103C1000640A00007463705F726563656976653A73
:103C2000207365676D656E74206E6F7420747269A1
:103C30006D6D656420636F72726563746C79207456
:103C40006F206F6F7365712071756575650A00006F
:103C50007463705F726563656976653A207463703A
:103C60006C656E203E207263765F776E640A00009A
:103C70007463705F726563656976653A206F6F7310
:103C80006571207463706C656E203E207263765F90
:103C9000776E640A000000007463705F7061727375
:103CA000656F70743A20696E76616C696420706328
:103CB000620000002E2E2F4D6964646C657761727E
:103CC00065732F54686972645F50617274792F4C08
:103CD0007749502F7372632F636F72652F7463700F
:103CE0005F6F75742E6300007463705F637265614B
:103CF00074655F7365676D656E743A20696E766191
:103D00006C69642070636200417373657274696FDB
:103D10006E2022257322206661696C6564206174BF
:103D2000206C696E6520256420696E2025730A0069
:103D30007463705F6372656174655F7365676D65F9
:103D40006E743A20696E76616C6964207062756683
:103D500000000000702D3E746F745F6C656E203E35
:103D60003D206F70746C656E000000007463705FBE
:103D7000706275665F707265616C6C6F633A206922
:103D80006E76616C6964206F76657273697A65001E
:103D90007463705F706275665F707265616C6C6F82
:103DA000633A20696E76616C69642070636200001A
:103DB0006E65656420756E636861696E6564207008
:103DC000627566007463705F77726974655F6368BB
:103DD00065636B733A20696E76616C696420706309
:103DE000620000007463705F77726974653A2070D6
:103DF00062756673206F6E207175657565203D3E36
:103E0000206174206C65617374206F6E652071751C
:103E1000657565206E6F6E2D656D7074790000009C
:103E20007463705F77726974653A206E6F20706298
:103E3000756673206F6E207175657565203D3E2037
:103E4000626F74682071756575657320656D707437
:103E5000790000007463705F77726974653A206955
:103E60006E76616C69642070636200007463705FD9
:103E700077726974653A20617267203D3D204E5526
:103E80004C4C202870726F6772616D6D6572207680
:103E9000696F6C617465732041504929000000000E
:103EA0006D73735F6C6F63616C20697320746F6FE7
:103EB00020736D616C6C0000696E636F6E73697363
:103EC00074656E74206F76657273697A6520767397
:103ED0002E20737061636500696E636F6E73697322
:103EE00074656E74206F76657273697A6520767377
:103EF0002E206C656E0000007463705F77726974C9
:103F0000653A20524F4D2070627566732063616E72
:103F10006E6F74206265206F76657273697A65646E
:103F200000000000756E73656E745F6F7665727366
:103F3000697A65206D69736D6174636820287063A8
:103F4000622D3E756E73656E74206973204E554CFC
:103F50004C2900007463705F77726974653A20635E
:103F60006865636B2074686174206669727374207D
:103F7000706275662063616E20686F6C642074687F
:103F80006520636F6D706C657465207365676C6523
:103F90006E0000006F76657273697A65203D3D2082
:103FA00030000000707265765F73656720213D20E8
:103FB0004E554C4C000000007463705F777269745A
:103FC000653A2063616E6E6F7420636F6E63617417
:103FD000656E617465207768656E207063622D3E42
:103FE000756E73656E7420697320656D70747900E9
:103FF0007463705F77726974653A20657874656E72
:1040000073696F6E206F66207265666572656E6398
:104010006520726571756972657320726566657277
:10402000656E6365000000007463705F7772697489
:10403000653A2076616C6964207175657565206CE0
:10404000656E6774680000007463705F73706C69FC
:10405000745F756E73656E745F7365673A20696E21
:1040600076616C69642070636200000043616E27B2
:10407000742073706C6974207365676D656E74204D
:10408000696E746F206C656E677468203000000084
:1040900073706C6974203C3D206D737300000000E8
:1040A000757365672D3E6C656E203E203000000004
:1040B000736567203D3D204E554C4C007463705F26
:1040C00073656E645F66696E3A20696E76616C69CD
:1040D00064207063620000007463705F656E7175C8
:1040E0006575655F666C6167733A206E656564200F
:1040F000656974686572205443505F53594E206F50
:1041000072205443505F46494E20696E20666C61B0
:104110006773202870726F6772616D6D65722076AB
:10412000696F6C617465732041504929000000007B
:104130007463705F656E71756575655F666C6167E8
:10414000733A20696E76616C696420706362000066
:104150007463705F656E71756575655F666C6167C8
:10416000733A20636865636B2074686174206669C4
:1041700072737420706275662063616E20686F6C64
:1041800064206F70746C656E000000007365672DAD
:104190003E746370686472206E6F7420616C69672E
:1041A0006E6564007463705F656E71756575655FDB
:1041B000666C6167733A20696E76616C696420731E
:1041C00065676D656E74206C656E677468000000CD
:1041D0007463705F656E71756575655F666C616748
:1041E000733A20696E76616C6964207175657565D6
:1041F000206C656E677468007463705F6F757470AF
:1042000075743A20696E76616C696420706362002F
:10421000646F6E27742063616C6C207463705F6FD1
:10422000757470757420666F72206C697374656E36
:104230002D70636273000000525354206E6F74201F
:104240006578706563746564206865726521000037
:104250007463705F6F75747075745F7365676D6597
:104260006E745F627573793A20696E76616C696409
:1042700020736567000000007463705F6F75747071
:1042800075745F7365676D656E743A20696E7661EB
:104290006C696420736567007463705F6F75747018
:1042A00075745F7365676D656E743A20696E7661CB
:1042B0006C696420706362007463705F6F75747002
:1042C00075745F7365676D656E743A20696E7661AB
:1042D0006C6964206E657469660000006F707469B3
:1042E0006F6E73206E6F742066696C6C656400007D
:1042F0007463705F7265786D69745F72746F5F70FC
:104300007265706172653A20696E76616C696420CD
:10431000706362007463705F7265786D69745F7258
:10432000746F5F636F6D6D69743A20696E76616C4E
:1043300069642070636200007463705F7265786DF9
:1043400069745F72746F3A20696E76616C6964207B
:10435000706362007463705F7265786D69743A208F
:10436000696E76616C696420706362007463705F6B
:104370007265786D69745F666173743A20696E76F0
:10438000616C6964207063620000000063686563AB
:104390006B20746861742066697273742070627532
:1043A000662063616E20686F6C642073747275633D
:1043B00074207463705F6864720000007463705FDF
:1043C0006F75747075745F616C6C6F635F68656145
:1043D0006465723A20696E76616C6964207063620C
:1043E000000000007463705F6F75747075745F66B1
:1043F000696C6C5F6F7074696F6E733A20696E766A
:10440000616C696420706275660000007463705F9F
:104410006F75747075745F636F6E74726F6C5F73B9
:1044200065676D656E743A20696E76616C696420AB
:1044300070627566000000007463705F7273743A96
:1044400020696E76616C6964206C6F63616C5F6972
:10445000700000007463705F7273743A20696E7646
:10446000616C69642072656D6F74655F69700000CE
:104470007463705F73656E645F656D7074795F619E
:10448000636B3A20696E76616C69642070636200C8
:104490007463705F6B656570616C6976653A2069FD
:1044A0006E76616C69642070636200007463705F93
:1044B0007A65726F5F77696E646F775F70726F6233
:1044C000653A20696E76616C6964207063620000F1
:1044D0002E2E2F4D6964646C6577617265732F545D
:1044E000686972645F50617274792F4C7749502FFC
:1044F0007372632F636F72652F74696D656F757466
:10450000732E63007379735F74696D656F75743AA8
:104510002074696D656F757420213D204E554C4C9B
:104520002C20706F6F6C204D454D505F5359535F79
:1045300054494D454F555420697320656D70747909
:1045400000000000417373657274696F6E2022254C
:104550007322206661696C6564206174206C696EE9
:104560006520256420696E2025730A0054696D65F5
:104570006F75742074696D6520746F6F206C6F6E39
:10458000672C206D6178206973204C5749505F5526
:10459000494E5433325F4D41582F34206D7365635B
:1045A00073000000696E76616C696420736C6565E8
:1045B0007074696D650000002E2E2F4D6964646C67
:1045C0006577617265732F54686972645F506172B8
:1045D00074792F4C7749502F7372632F636F726514
:1045E0002F7564702E6300007564705F696E70755E
:1045F000745F6C6F63616C5F6D617463683A2069AE
:104600006E76616C6964207063620000417373654B
:104610007274696F6E2022257322206661696C6551
:1046200064206174206C696E6520256420696E20A9
:1046300025730A007564705F696E7075745F6C6FC6
:1046400063616C5F6D617463683A20696E76616C5A
:104650006964206E65746966000000007564705FAF
:10466000696E7075743A20696E76616C6964207049
:10467000627566007564705F696E7075743A206962
:104680006E76616C6964206E657469660000000076
:10469000706275665F72656D6F76655F686561648F
:1046A0006572206661696C65640A00007564705FFC
:1046B00073656E643A20696E76616C69642070631C
:1046C000620000007564705F73656E643A20696E05
:1046D00076616C6964207062756600007564705F55
:1046E00073656E64746F3A20696E76616C696420DC
:1046F000706362007564705F73656E64746F3A20F6
:10470000696E76616C6964207062756600000000F5
:104710007564705F73656E64746F3A20696E76615C
:104720006C6964206473745F697000007564705F05
:1047300073656E64746F5F69663A20696E76616C4A
:1047400069642070636200007564705F73656E64F5
:10475000746F5F69663A20696E76616C6964207077
:10476000627566007564705F73656E64746F5F690F
:10477000663A20696E76616C6964206473745F695F
:10478000700000007564705F73656E64746F5F69BC
:10479000663A20696E76616C6964206E657469663C
:1047A000000000007564705F73656E64746F5F690C
:1047B000665F7372633A20696E76616C696420701B
:1047C000636200007564705F73656E64746F5F6927
:1047D000665F7372633A20696E76616C69642070FB
:1047E000627566007564705F73656E64746F5F698F
:1047F000665F7372633A20696E76616C69642064E7
:1048000073745F69700000007564705F73656E6437
:10481000746F5F69665F7372633A20696E76616C6C
:104820006964207372635F69700000007564705F73
:1048300073656E64746F5F69665F7372633A206953
:104840006E76616C6964206E6574696600000000B4
:10485000636865636B207468617420666972737441
:1048600020706275662063616E20686F6C642073CF
:104870007472756374207564705F68647200000000
:104880007564705F62696E643A20696E76616C6906
:1048900064207063620000007564705F636F6E6E09
:1048A0006563743A20696E76616C69642070636236
:1048B000000000007564705F636F6E6E6563743A2C
:1048C00020696E76616C696420697061646472004D
:1048D0007564705F646973636F6E6E6563743A20AC
:1048E000696E76616C696420706362007564705FE4
:1048F000726563763A20696E76616C6964207063D4
:10490000620000007564705F72656D6F76653A20B5
:10491000696E76616C696420706362002E2E2F4D83
:104920006964646C6577617265732F546869726439
:104930005F50617274792F4C7749502F7372632FD7
:10494000636F72652F697076342F65746861727059
:104950002E6300007374617465203D3D204554480A
:104960004152505F53544154455F50454E44494E67
:1049700047207C7C207374617465203E3D20455443
:10498000484152505F53544154455F535441424C47
:1049900045000000417373657274696F6E202225B3
:1049A0007322206661696C6564206174206C696E95
:1049B0006520256420696E2025730A006172705F8E
:1049C0007461626C655B695D2E71203D3D204E55C2
:1049D0004C4C000069203C204152505F5441424CF5
:1049E000455F53495A4500006172705F7461626CA3
:1049F000655B695D2E7374617465203D3D2045548F
:104A0000484152505F53544154455F454D505459AD
:104A1000000000006E657469662D3E68776164640D
:104A2000725F6C656E203D3D204554485F4857419C
:104A30004444525F4C454E006574685F7265742053
:104A4000213D204E554C4C2026262069705F726512
:104A50007420213D204E554C4C000000697061646B
:104A6000647220213D204E554C4C00006E657469E7
:104A70006620213D204E554C4C0000006574685F57
:104A800072657420213D204E554C4C006172705F60
:104A90007461626C655B6172705F6964785D2E73CE
:104AA00074617465203E3D204554484152505F5327
:104AB000544154455F535441424C45007120213DBF
:104AC000204E554C4C00000074797065206F76655F
:104AD00072666C6F770000006172705F7461626C67
:104AE000655B695D2E7374617465203D3D205045A2
:104AF0004E44494E47206F7220535441424C45006A
:104B00006E6F207061636B65742071756575657378
:104B100020616C6C6F7765642100000063686563D9
:104B20006B2074686174206669727374207062759A
:104B3000662063616E20686F6C64207374727563A5
:104B400074206574686172705F68647200000000B0
:104B50006E657469662D3E6877616464725F6C652A
:104B60006E206D75737420626520746865207361B2
:104B70006D65206173204554485F48574144445255
:104B80005F4C454E20666F722065746861727021BB
:104B9000000000002E2E2F4D6964646C65776172F1
:104BA00065732F54686972645F50617274792F4C19
:104BB0007749502F7372632F636F72652F69707618
:104BC000342F69636D702E630000000069636D709F
:104BD0005F696E7075743A206D6F76696E672072CA
:104BE0002D3E7061796C6F616420746F2069636D14
:104BF0007020686561646572206661696C65640A2D
:104C000000000000417373657274696F6E20222585
:104C10007322206661696C6564206174206C696E22
:104C20006520256420696E2025730A0069636D7014
:104C30005F696E7075743A20726573746F72696E15
:104C400067206F726967696E616C20702D3E7061BC
:104C5000796C6F6164206661696C65640A000000AC
:104C6000636865636B20746861742066697273742D
:104C700020706275662063616E20686F6C642069C5
:104C8000636D70206D657373616765002E2E2F4D07
:104C90006964646C6577617265732F5468697264C6
:104CA0005F50617274792F4C7749502F7372632F64
:104CB000636F72652F697076342F6970342E6300CC
:104CC000702D3E726566203D3D2031004173736555
:104CD0007274696F6E2022257322206661696C658B
:104CE00064206174206C696E6520256420696E20E3
:104CF00025730A00636865636B20746861742066BD
:104D00006972737420706275662063616E20686FCB
:104D10006C64207374727563742069705F68647268
:104D2000000000002E2E2F4D6964646C657761725F
:104D300065732F54686972645F50617274792F4C87
:104D40007749502F7372632F636F72652F69707686
:104D5000342F6970345F616464722E630000000058
:104D6000756E68616E646C65640000004173736504
:104D70007274696F6E2022257322206661696C65EA
:104D800064206174206C696E6520256420696E2042
:104D900025730A002E2E2F4D6964646C657761724D
:104DA00065732F54686972645F50617274792F4C17
:104DB0007749502F7372632F636F72652F69707616
:104DC000342F6970345F667261672E6300000000E3
:104DD0007072657620213D206970720041737365A1
:104DE0007274696F6E2022257322206661696C657A
:104DF00064206174206C696E6520256420696E20D2
:104E000025730A00707265762D3E6E657874203DBC
:104E10003D2069707200000070627566735F667293
:104E2000656564202B20636C656E203C3D203078E6
:104E3000666666660000000069705F726561737384
:104E40005F70627566636F756E74203E3D207062A0
:104E50007566735F667265656400000073616E69F4
:104E6000747920636865636B206C696E6B65642080
:104E70006C69737400000000636865636B20667280
:104E800061676D656E747320646F6E2774206F7632
:104E900065726C61700000006E6F207072657669DB
:104EA0006F757320667261676D656E742C2074680F
:104EB0006973206D7573742062652074686520665F
:104EC0006972737420667261676D656E742100008B
:104ED00073616E69747920636865636B000000001C
:104EE00076616C69646174655F6461746167726145
:104EF0006D3A6E6578745F70627566213D4E554CF3
:104F00004C00000069705F72656173735F70627559
:104F100066636F756E74203E3D20636C656E0000A5
:104F200069707220213D204E554C4C006E6F7420EC
:104F30006669727374616C74686F756768206A75EE
:104F4000737420656E717565756564007020213D10
:104F5000204E554C4C00000070637220213D204EC5
:104F6000554C4C00706372203D3D207000000000E5
:104F70006970345F6672616728293A2070627566CD
:104F800020746F6F2073686F7274000074686973A7
:104F9000206E656564732061207062756620696E9D
:104FA000206F6E652070696563652100702D3E6C11
:104FB000656E203E3D20706F666600002E2E2F4DE0
:104FC0006964646C6577617265732F546869726493
:104FD0005F50617274792F4C7749502F7372632F31
:104FE0006E657469662F65746865726E65742E638C
:104FF000000000006E657469662D3E687761646428
:10500000725F6C656E206D7573742062652036204A
:10501000666F722065746865726E65745F6F757413
:105020007075742100000000417373657274696FBC
:105030006E2022257322206661696C65642061748C
:10504000206C696E6520256420696E2025730A0036
:105050000000000000000000000000000000000050
:10506000000000000000000001000000000000003F
:10507000010000000000000000000000000000002F
:105080000000000000000000000000000000000020
:105090000000000000000000000000000000000010
:1050A000000020410000204100002041000020417C
:1050B000000020410000204100002041000020416C
:1050C000000020410000204100000000000000001E
:1050D000000070410000704100007041000070410C
:1050E00000007041000070410000704100007041FC
:1050F0005555555555555555555555555555555560
:10510000555555555555555555555555555555554F
:10511000555555555555555555555555555555553F
:10512000555555555555555555555555555555552F
:105130000000000060090000C0120000802500008F
:10514000004B00000096000000E1000000C20100DA
:10515000000102030405060770B602087CB60208C7
:1051600088B6020894B602089CB60208A8B60208DF
:10517000B4B60208C0B6020800010203040506071F
:1051800008090A00C8B60208CCB60208D4B602085C
:10519000D8B60208ECB60208F4B60208FCB602085B
:1051A00004B7020808B702080CB7020810B70208D3
:1051B00001000001010000000101000000010000E9
:1051C00000010100000001000000010100000001D9
:1051D00000000100000000000001000100010001CA
:1051E00000010101010101010100010101000100B3
:1051F00000000001000001010000010000010100A9
:105200000001000001010000010000000100000198
:1052100030313233343536373839414243444546EC
:105220000000000000000000000000000102030474
:105230000607080900000000010203040000000046
:105240000100000002000000020000000100000058
:10525000000000000000000001000000020000004B
:10526000030000000400000005000000040000002E
:105270000300000002000000010000000000000028
:105280000000000001000000020000000300000018
:105290000300000002000000010000000000000008
:1052A0003200E600A000BE00D200A000E600A00090
:1052B000ACF40208CCF40208ECF402080CF5020885
:1052C0002CF5020850F502086CF5020888F5020872
:1052D000240D0308280D03080000024040000000D0
:1052E000340D03080000024020000000440D0308B4
:1052F000480D03080004024020000000540D03087C
:10530000000C024008000000640D0308680D03084B
:105310000014024000800000740D030800000240E9
:1053200010000000840D0308880D030800180240D7
:1053300020000000940D03080000024000800000DF
:105340006D6F7665526F626F74546F486F6D655004
:105350006F736974696F6E00000000000100000047
:105360000200000001000000000000009019012070
:1053700020060C000CD000209C1901200000000029
:10538000000000000C000000690000000B0000009D
:105390007100000073000000160000000B00000008
:1053A00062000000720000006A0000006B00000054
:1053B000FFFFFFFF67000000680000006B000000B7
:1053C00005000000409D012020000400BC9C01203D
:1053D0004C9D012060A001209C000500509D0120F3
:1053E0006CA0012054A101201C00080070A0012025
:1053F00060A1012068A301201000200064A1012009
:1054000074A301201CA401202000050078A3012022
:1054100028A4012098A5012018000F002CA4012029
:10542000A4A50120CCA5012010000200A8A5012000
:10543000D8A5012080A6012028000400DCA50120B9
:105440008CA6012014A701201000080090A60120BE
:1054500020A70120A8A701201000080024A70120F0
:10546000B4A70120ECA7012010000300B8A7012079
:10547000F8A7012000A9012010001000FCA70120BE
:105480000CA90120143902200006180010A90120DF
:1054900020390220C4530308D4530308E4530308FB
:1054A000F453030804540308145403082454030851
:1054B0003454030844540308545403086454030840
:1054C0007454030884540308010203040506070703
:1054D000070707070700000003060C183060780074
:1054E000343A0220303A0220383A02203C3A022074
:1054F000FA000000FDC20108E8030000795002082C
:10550000E8030000FD33020800000000FFFFFFFF7A
:10551000FFFF00000000000000000000000000008D
:10552000000000005245454E54206D616C6C6F6365
:1055300020737563636565646564002F6275696CCB
:10554000642F676E752D746F6F6C732D666F722D7F
:1055500073746D33325F31342E332E72656C312E9D
:1055600032303235313032372D303730302F7372A0
:10557000632F6E65776C69622F6E65776C69622F39
:105580006C6962632F7374646C69622F72616E64FC
:105590002E63002F6275696C642F676E752D746FB2
:1055A0006F6C732D666F722D73746D33325F31348F
:1055B0002E332E72656C312E323032353130323727
:1055C0002D303730302F7372632F6E65776C6962C0
:1055D0002F6E65776C69622F6C6962632F737472CA
:1055E000696E672F737472746F6B2E63002C206664
:1055F000756E6374696F6E3A2000617373657274BF
:10560000696F6E2022257322206661696C65643A99
:105610002066696C6520222573222C206C696E65DA
:10562000202564257325730A00232D302B20006864
:105630006C4C00656667454647003031323334357F
:1056400036373839414243444546003031323334ED
:105650003536373839616263646566000020202082
:105660002020202020202828282828202020202012
:1056700020202020202020202020202020881010E2
:10568000101010101010101010101010100404043E
:1056900004040404040404101010101010104141FC
:1056A00041414141010101010101010101010101EA
:1056B00001010101010101011010101010104242FE
:1056C00042424242020202020202020202020202BA
:1056D000020202020202020210101010200000005A
:1056E00000000000000000000000000000000000BA
:1056F00000000000000000000000000000000000AA
:105700000000000000000000000000000000000099
:105710000000000000000000000000000000000089
:105720000000000000000000000000000000000079
:105730000000000000000000000000000000000069
:105740000000000000000000000000000000000059
:105750000000000000000000000000000000000049
:085760000000000000000080C1
:08576800D8AAFC7F010000003B
:045770002502000806
:045774000102000826
:105778005A000000680100002C0100000A00000027
:105788008CA6020894A602089CA60208A4A60208F1
:10579800B0A60208B8A60208C0A60208C8A6020851
:1057A800704A0020904A00200024F40010000000F5
:1057B80001000000FFFFFFFF6400000080CC02082A
:1057C800E0CC02084CCD02080000000000000000F8
:1057D800B8CD0208C0CD0208CCCD0208CCCD020855
:1057E800C0CD0208B8CD020880CC0208D8CD020886
:1057F80044CE0208B0CE0208B0CE02081CCF020880
:1058080080CC0208D8CD020844CE020888CF02080E
:10581800F4CF02081CCF0208B8CD020860D00208F5
:1058280068D0020870D0020878D0020880D0020838
:1058380088D0020870D0020868D0020860D0020838
:10584800B8CD020880CC020890D0020890D0020897
:1058580090D0020890D0020890D0020890D0020898
:1058680090D0020890D0020890D0020890D0020888
:1058780090D0020890D0020890D0020890D0020878
:10588800F0D002082CD1020898D1020804D20208EC
:1058980098D102082CD1020880CC020814D402083E
:1058A80080D40208ECD40208B8CD020858D5020802
:1058B80060D5020868D5020868D5020860D50208D4
:1058C80058D50208B8CD020801000000B8CD02087A
:1058D800C0CD0208CCCD0208C0CD0208B8CD020860
:1058E800B12B0108C52B0108092C0108D52B01088B
:1058F8003D2C0108AAAAAAAA00C000006E1900003F
:1059080000C0000000000000030000009C3B0220D3
:10591800A4010020000000009C3B0220043C02205F
:105928006C3C0220000000000000000000000000A5
:10593800000000000000000000000000000000005F
:10594800000000000000000000000000000000004F
:10595800000000000000000000000000000000003F
:10596800000000000000000000000000000000002F
:10597800000000000000000000000000000000001F
:10598800000000000000000000000000000000000F
:1059980000000000000000000000000000000000FF
:1059A80000000000000000000000000000000000EF
:1059B80000000000000000000000000000000000DF
:1059C80000000000000000000000000000000000CF
:1059D80000000000000000000000000000000000BF
:1059E80000000000000000000000000000000000AF
:1059F800000000000000000000000000000000009F
:105A0800000000000000000000000000000000008E
:105A1800000000000000000000000000000000007E
:105A2800000000000000000000000000000000006E
:105A3800000000000000000000000000000000005E
:105A4800000000000000000000000000000000004E
:105A5800000000000000000000000000000000003E
:105A6800000000000000000000000000000000002E
:105A7800000000000000000000000000000000001E
:105A8800000000000000000000000000000000000E
:105A980000000000000000000000000000000000FE
:0400000508007FC5AB
:00000001FF
